HocoNum,TechType,HighSpeed,population,state
130068,DSL,0,23002,AL
130077,DSL,0,3124030,AL
130077,FTTH,0,8268,AL
130127,DSL,0,606,AL
130137,DOCSIS,0,3099,AL
130159,DOCSIS,0,107494,AL
130159,DOCSIS,1,262218,AL
130183,DOCSIS,0,110271,AL
130210,DSL,0,2615,AL
130228,DSL,0,651143,AL
130228,FTTH,0,5993,AL
130235,DOCSIS,0,1758566,AL
130258,DSL,0,46302,AL
130317,DOCSIS,1,809450,AL
130348,DOCSIS,0,40930,AL
130418,DSL,0,14912,AL
130471,DSL,0,4622,AL
130587,DSL,0,595257,AL
130587,FTTH,0,595257,AL
130587,Other,0,595257,AL
130597,DSL,0,26684,AL
130804,DOCSIS,0,56,AL
130804,DOCSIS,1,473106,AL
130844,DSL,0,16157,AL
130851,DSL,0,3863,AL
130851,FTTH,0,681,AL
130861,DSL,0,5993,AL
130861,FTTH,0,5993,AL
130902,DSL,0,7487,AL
130902,FTTH,0,5415,AL
131038,DOCSIS,0,5590,AL
131038,DSL,0,6429,AL
131038,FTTH,0,613,AL
131038,Other,0,137,AL
131086,DSL,0,3216,AL
131086,FTTH,0,2150,AL
131132,DOCSIS,0,2897,AL
131132,DSL,0,7913,AL
131132,FTTH,0,6321,AL
131302,DSL,0,294,AL
131310,DSL,0,56826,AL
131310,FTTH,0,1007,AL
131311,DSL,0,15437,AL
131311,FTTH,0,1115,AL
131352,DOCSIS,0,116355,AL
131413,DSL,0,95712,AL
131480,DOCSIS,0,624681,AL
131480,DSL,0,6079,AL
131513,DSL,0,21,AL
150292,DOCSIS,0,11068,AL
150296,DOCSIS,0,16811,AL
150296,DSL,0,54540,AL
160157,DOCSIS,0,16595,AL
170086,DOCSIS,0,831,AL
190016,Other,0,4074,AL
190308,DOCSIS,0,83932,AL
190341,Other,0,0,AL
190367,FTTH,0,2153,AL
190367,Other,0,38382,AL
190380,FTTH,0,105275,AL
200068,Other,0,427,AL
230029,Other,0,19884,AL
230038,Other,0,243,AL
230075,DOCSIS,0,16221,AL
240020,DOCSIS,0,9285,AL
240085,DOCSIS,0,14570,AL
240085,FTTH,0,14570,AL
250020,Other,0,7123,AL
250035,Other,0,1719,AL
250035,Other,1,343,AL
250046,DOCSIS,0,27,AL
250087,Other,0,964,AL
260000,DSL,0,9775,AL
260000,FTTH,0,75200,AL
260000,Other,0,668,AL
270086,DSL,0,2261,AL
270086,FTTH,0,3447,AL
270086,FTTH,1,89,AL
290028,FTTH,1,26430,AL
310033,DOCSIS,0,0,AL
310035,Other,0,558,AL
130011,FTTH,0,315,AK
130028,DSL,0,288704,AK
130029,DSL,0,12790,AK
130029,Other,0,9699,AK
130035,DOCSIS,0,0,AK
130035,FTTH,0,0,AK
130067,DSL,0,8139,AK
130077,Other,0,386,AK
130160,DSL,0,1739,AK
130275,DSL,0,13436,AK
130275,FTTH,0,13276,AK
130275,Other,0,111,AK
130349,DSL,0,6565,AK
130352,DSL,0,1962,AK
130534,DOCSIS,0,51147,AK
130534,DOCSIS,1,501277,AK
130534,DSL,0,13464,AK
130534,Other,0,25722,AK
130791,DSL,0,123763,AK
130791,FTTH,0,346,AK
130791,FTTH,1,8641,AK
130964,DOCSIS,0,2034,AK
130964,DSL,0,2381,AK
131226,DOCSIS,0,4376,AK
131226,DSL,0,16402,AK
140084,Other,0,12029,AK
150229,DSL,0,1539,AK
190019,Other,0,52506,AK
190281,DSL,0,3247,AK
190417,DOCSIS,0,216,AK
190417,DSL,0,166,AK
190417,Other,0,687,AK
260068,Other,0,329,AK
260068,Other,1,115,AK
300020,Other,0,270998,AK
130081,Other,0,82738,AZ
130103,DOCSIS,0,1151,AZ
130103,Other,0,60564,AZ
130132,Other,0,290,AZ
130183,DOCSIS,0,245378,AZ
130206,DSL,0,47,AZ
130206,FTTH,0,2984,AZ
130228,DSL,0,5305244,AZ
130228,FTTH,0,31750,AZ
130228,FTTH,1,5314,AZ
130258,DSL,0,221604,AZ
130258,FTTH,1,789,AZ
130317,DOCSIS,1,322831,AZ
130360,DOCSIS,0,17190,AZ
130360,DOCSIS,1,4199613,AZ
130418,DSL,0,162197,AZ
130509,FTTH,0,5804,AZ
130542,DSL,0,5784,AZ
130627,DSL,0,23758,AZ
130653,DSL,0,3745,AZ
130653,FTTH,0,1379,AZ
130653,FTTH,1,9238,AZ
130804,DOCSIS,0,3228,AZ
130804,DOCSIS,1,145394,AZ
130831,DSL,0,5709,AZ
130831,FTTH,0,4056,AZ
130986,DSL,0,64,AZ
130986,FTTH,0,64,AZ
131016,Other,0,1443916,AZ
131057,DSL,0,9412,AZ
131057,FTTH,0,335,AZ
131057,Other,0,588,AZ
131148,DSL,0,0,AZ
131148,FTTH,0,0,AZ
131191,Other,0,1010864,AZ
131208,Other,0,5673,AZ
131219,DSL,0,1863,AZ
131219,Other,0,498,AZ
131269,DOCSIS,0,170854,AZ
131269,DOCSIS,1,114284,AZ
131308,FTTH,0,0,AZ
131310,DOCSIS,0,267,AZ
131310,DSL,0,7965,AZ
131352,DOCSIS,0,161192,AZ
131357,DSL,0,7325,AZ
131357,FTTH,0,2080,AZ
131411,DSL,0,13421,AZ
131411,FTTH,0,17426,AZ
131411,Other,0,720,AZ
131470,DOCSIS,0,27041,AZ
140018,DOCSIS,0,1989,AZ
140043,DSL,0,4986,AZ
150200,DSL,0,44,AZ
150200,FTTH,1,11103,AZ
150286,Other,0,315,AZ
150295,DOCSIS,0,43018,AZ
150313,Other,0,5,AZ
170054,Other,0,1790,AZ
190008,DSL,0,813,AZ
190008,FTTH,0,11,AZ
190155,Other,0,1859,AZ
190192,DSL,0,23,AZ
190276,DSL,0,13135,AZ
190428,DSL,0,8456,AZ
190428,FTTH,0,8456,AZ
220013,Other,0,18585,AZ
220074,Other,0,144,AZ
230021,Other,0,114,AZ
240009,Other,0,90688,AZ
250009,Other,0,297020,AZ
260050,Other,0,129891,AZ
270022,Other,0,60727,AZ
270101,Other,0,50742,AZ
270115,Other,0,798316,AZ
280026,DOCSIS,0,6178,AZ
280026,Other,0,6443,AZ
280035,Other,0,5388,AZ
290057,Other,0,3676,AZ
290083,Other,0,4599,AZ
300019,Other,0,15489,AZ
300063,Other,0,3023649,AZ
300069,Other,0,10,AZ
300171,Other,0,107,AZ
310014,Other,0,0,AZ
310084,Other,0,5504,AZ
310084,Other,1,0,AZ
130069,DSL,0,14898,AR
130070,DSL,0,3339,AR
130070,FTTH,0,8227,AR
130077,DSL,0,1510792,AR
130077,DSL,1,625,AR
130077,FTTH,0,45986,AR
130183,DOCSIS,0,36326,AR
130224,DSL,0,8747,AR
130228,DSL,0,522285,AR
130228,FTTH,0,13336,AR
130317,DOCSIS,1,371587,AR
130340,DOCSIS,0,60799,AR
130360,DOCSIS,1,578251,AR
130386,DSL,0,26405,AR
130386,FTTH,0,1849,AR
130427,DOCSIS,0,62871,AR
130427,DSL,0,15539,AR
130427,DSL,1,12280,AR
130454,FTTH,0,0,AR
130497,DOCSIS,0,137341,AR
130725,FTTH,1,3999,AR
130768,DSL,0,7366,AR
130768,FTTH,0,2461,AR
130772,DSL,0,2852,AR
130882,DSL,0,15703,AR
130882,FTTH,0,2392,AR
131108,DSL,0,1012,AR
131169,DSL,0,798,AR
131177,DSL,0,1307,AR
131232,DSL,0,7317,AR
131232,FTTH,0,1816,AR
131269,DOCSIS,0,37292,AR
131269,DOCSIS,1,414269,AR
131306,DOCSIS,0,12011,AR
131310,DSL,0,11141,AR
131310,Other,0,427,AR
131362,DSL,0,11722,AR
131413,DSL,0,222087,AR
131518,DSL,0,21658,AR
131518,FTTH,0,938,AR
150206,DOCSIS,0,45185,AR
150206,DOCSIS,1,3348,AR
150227,DOCSIS,0,25348,AR
150334,DOCSIS,0,240294,AR
180041,DOCSIS,0,28115,AR
190306,DOCSIS,0,8749,AR
190399,Other,0,142923,AR
210092,Other,0,94945,AR
220008,DOCSIS,0,915,AR
220078,DOCSIS,0,39,AR
230021,DOCSIS,0,31770,AR
230021,Other,0,31934,AR
230062,Other,0,17835,AR
230074,DSL,0,18307,AR
230074,FTTH,0,250,AR
230074,FTTH,1,0,AR
260019,Other,0,625,AR
260019,Other,1,114,AR
260032,Other,0,99,AR
260056,Other,0,1886,AR
260063,Other,0,204,AR
270012,Other,0,23568,AR
270016,Other,0,1426,AR
270086,DSL,0,44,AR
270090,DSL,0,164406,AR
270090,Other,0,164406,AR
270096,Other,0,1266,AR
300059,DOCSIS,0,17232,AR
300059,FTTH,0,16570,AR
300171,DSL,0,161,AR
300171,Other,0,6,AR
300184,DOCSIS,0,20267,AR
130062,Other,0,394406,CA
130077,DSL,0,26152265,CA
130077,FTTH,0,296616,CA
130103,Other,0,21245,CA
130127,DSL,0,421,CA
130159,DOCSIS,1,661329,CA
130171,DSL,0,578,CA
130171,Other,0,171,CA
130189,DSL,0,8050,CA
130189,FTTH,0,1847,CA
130189,Other,0,3310,CA
130202,DOCSIS,0,0,CA
130228,DSL,0,29,CA
130231,DOCSIS,0,64530,CA
130235,DOCSIS,0,4292359,CA
130258,DSL,0,379266,CA
130258,FTTH,1,10456,CA
130278,DOCSIS,0,29309,CA
130317,DOCSIS,1,11812359,CA
130335,DSL,0,238434,CA
130335,FTTH,0,70005,CA
130335,FTTH,1,366204,CA
130360,DOCSIS,1,3212398,CA
130418,DSL,0,1446089,CA
130471,DSL,0,101,CA
130509,FTTH,0,6335,CA
130653,DSL,0,1288,CA
130653,FTTH,0,0,CA
130653,FTTH,1,6586,CA
130804,DOCSIS,0,29222,CA
130804,DOCSIS,1,131920,CA
130967,Other,0,361891,CA
130986,DOCSIS,0,14,CA
130986,DSL,0,14,CA
130986,FTTH,0,1085,CA
130986,Other,0,1071,CA
131031,DSL,0,0,CA
131057,DSL,0,15792,CA
131057,FTTH,0,2347,CA
131173,DSL,0,6311,CA
131173,FTTH,0,28956,CA
131173,Other,0,34730,CA
131186,DSL,0,35710,CA
131186,FTTH,0,0,CA
131195,DSL,0,7639,CA
131195,FTTH,0,1273,CA
131269,DOCSIS,0,134930,CA
131269,DOCSIS,1,58463,CA
131308,DSL,0,1,CA
131308,FTTH,0,0,CA
131310,DSL,0,9433,CA
131352,DOCSIS,0,1538756,CA
131352,DOCSIS,1,13070209,CA
131400,DSL,0,7,CA
131400,Other,0,52037,CA
131404,DOCSIS,0,18135,CA
131404,Other,0,17794,CA
131413,DSL,0,0,CA
131416,DSL,0,2359,CA
131421,Other,0,35209,CA
131425,DSL,0,5773613,CA
131425,FTTH,0,4751659,CA
131441,DOCSIS,0,12016,CA
131441,DSL,0,17074,CA
131441,FTTH,0,413,CA
131441,Other,0,23763,CA
131454,DOCSIS,0,1345,CA
131454,DOCSIS,1,952652,CA
131473,Other,0,3744,CA
131513,DSL,0,66495,CA
140048,Other,0,80,CA
150292,DOCSIS,0,41919,CA
160127,DSL,0,3657,CA
160127,Other,0,24575,CA
160157,DOCSIS,0,16974,CA
170098,DOCSIS,0,426,CA
190002,Other,0,221356,CA
190008,DOCSIS,0,2827,CA
190008,DSL,0,35,CA
190014,DSL,0,1307610,CA
190075,DOCSIS,0,3714,CA
190107,DSL,0,211725,CA
190123,Other,0,236328,CA
190155,Other,0,608,CA
190172,DOCSIS,0,16027,CA
190177,FTTH,0,480,CA
190192,DSL,0,490,CA
190311,Other,0,1260693,CA
190425,DSL,0,2953639,CA
200020,Other,0,727860,CA
200041,DSL,0,460051,CA
220027,Other,0,0,CA
220058,Other,0,5213,CA
220075,Other,0,4546,CA
220082,Other,0,759,CA
230021,DOCSIS,0,125,CA
230021,Other,0,533,CA
230073,DOCSIS,0,5257,CA
240014,DOCSIS,0,13403,CA
240036,Other,0,2576,CA
240041,FTTH,1,2762,CA
240055,DOCSIS,0,1895,CA
250026,Other,0,44055,CA
250061,Other,0,119958,CA
260007,FTTH,1,998,CA
260052,Other,0,338307,CA
260067,FTTH,1,310,CA
270006,Other,0,80986,CA
270018,Other,0,7922,CA
270020,Other,0,141733,CA
270036,Other,0,1009,CA
270051,Other,0,15624,CA
270073,Other,0,37222,CA
280024,Other,0,237,CA
280026,DOCSIS,0,972,CA
280042,Other,0,83358,CA
280057,Other,0,470364,CA
280075,Other,0,623,CA
280078,DOCSIS,0,9996,CA
290046,Other,0,5852582,CA
290052,Other,0,104,CA
290080,Other,0,321,CA
290088,Other,0,42191,CA
290108,Other,0,1507,CA
290114,Other,0,1351,CA
290123,Other,0,428,CA
290128,Other,0,433,CA
300043,Other,0,3024653,CA
300095,Other,0,34482,CA
300117,Other,0,1538,CA
300129,Other,0,7733,CA
300136,Other,0,241194,CA
300171,DSL,0,692,CA
300171,Other,0,0,CA
300173,Other,0,556,CA
300199,Other,0,1057360,CA
310005,DSL,0,88,CA
310027,Other,0,20322,CA
310065,Other,0,47329,CA
310067,Other,0,7438,CA
310084,Other,0,4343,CA
130017,DSL,0,347,CO
130126,DSL,0,3360,CO
130126,Other,0,20351,CO
130127,DSL,0,24904,CO
130132,Other,0,38,CO
130133,DSL,0,576,CO
130133,FTTH,0,931,CO
130133,Other,0,34086,CO
130228,DSL,0,4617491,CO
130228,FTTH,0,16481,CO
130228,FTTH,1,85994,CO
130228,Other,0,413,CO
130235,DOCSIS,0,359998,CO
130317,DOCSIS,1,3794129,CO
130418,DSL,0,238807,CO
130429,DOCSIS,0,3441,CO
130429,Other,0,6,CO
130439,DSL,0,10546,CO
130471,DSL,0,8227,CO
130471,Other,0,2607,CO
130487,DSL,0,6802,CO
130487,FTTH,0,1852,CO
130569,DSL,0,12,CO
130627,DSL,0,16118,CO
130653,DSL,0,6624,CO
130653,FTTH,0,242,CO
130653,FTTH,1,5955,CO
130663,Other,0,30258,CO
130674,DSL,0,1877,CO
130674,FTTH,0,113,CO
130692,DOCSIS,0,195,CO
130692,FTTH,0,3242,CO
130692,Other,0,8948,CO
130868,DOCSIS,0,764,CO
130962,DSL,0,2271,CO
130963,DSL,0,50,CO
130963,FTTH,0,93,CO
130986,DOCSIS,0,0,CO
130986,DSL,0,0,CO
130986,FTTH,0,0,CO
131017,FTTH,0,3624,CO
131017,Other,0,308576,CO
131021,Other,0,647,CO
131034,DOCSIS,0,2242,CO
131034,DSL,0,1100,CO
131034,FTTH,0,2515,CO
131034,Other,0,1383,CO
131043,Other,0,12083,CO
131044,DSL,0,26,CO
131049,FTTH,0,2552,CO
131090,DSL,0,77,CO
131090,FTTH,0,11,CO
131090,Other,0,4,CO
131111,DSL,0,281,CO
131128,Other,0,9864,CO
131145,DSL,0,43,CO
131145,FTTH,0,43,CO
131265,FTTH,0,171,CO
131308,DSL,0,0,CO
131308,FTTH,0,0,CO
131310,DOCSIS,0,107385,CO
131310,DSL,0,22061,CO
131352,DOCSIS,0,14922,CO
131362,DSL,0,2722,CO
131404,DOCSIS,0,8729,CO
131413,DSL,0,12035,CO
131481,FTTH,0,8565,CO
131487,FTTH,0,189,CO
131513,DSL,0,134,CO
140048,Other,0,2781149,CO
150206,DOCSIS,0,5551,CO
150244,DOCSIS,0,354,CO
150260,Other,0,255,CO
150286,Other,0,39,CO
190008,DSL,0,223,CO
190084,FTTH,0,39,CO
190145,DOCSIS,0,6600,CO
190145,DSL,0,570,CO
190145,FTTH,0,3471,CO
190192,DSL,0,70253,CO
190276,DSL,0,127,CO
190313,DOCSIS,0,226,CO
190313,FTTH,0,1098,CO
190313,Other,0,37512,CO
190328,Other,0,18738,CO
210028,Other,0,100416,CO
220012,Other,0,1944,CO
230043,FTTH,1,1084,CO
230043,Other,0,22957,CO
250092,Other,0,279,CO
270029,Other,0,4111,CO
270033,Other,0,16718,CO
270064,Other,0,983,CO
280014,FTTH,1,3480,CO
280068,Other,0,35623,CO
290008,Other,0,46248,CO
290051,Other,0,14573,CO
290072,Other,0,417,CO
290080,Other,0,703,CO
290092,DSL,0,11,CO
290092,Other,0,500,CO
300037,Other,0,10071,CO
300078,Other,0,653725,CO
300081,Other,0,409,CO
300147,Other,0,1040,CO
300171,DSL,0,13462,CO
300171,FTTH,1,0,CO
300171,Other,0,451,CO
300192,DSL,0,17192,CO
300192,FTTH,0,17192,CO
300192,Other,0,25868,CO
310005,DSL,0,202,CO
310019,Other,0,15531,CO
310024,FTTH,0,47617,CO
310024,Other,0,47617,CO
310079,Other,0,6855,CO
310085,Other,0,13272,CO
130235,DOCSIS,0,350119,CT
130258,DSL,0,3376727,CT
130317,DOCSIS,1,1805978,CT
130360,DOCSIS,1,445481,CT
130370,DOCSIS,1,832117,CT
130418,DSL,0,61340,CT
130576,DOCSIS,1,63923,CT
130591,DOCSIS,0,137543,CT
131308,DSL,0,238,CT
131425,DSL,0,43230,CT
131425,FTTH,0,38270,CT
131513,DSL,0,6,CT
190008,DOCSIS,0,75,CT
190192,DSL,0,157,CT
260067,FTTH,1,594,CT
300171,DSL,0,203,CT
130127,DSL,0,934,DE
130317,DOCSIS,1,750973,DE
130418,DSL,0,9134,DE
130804,DOCSIS,0,63,DE
130804,DOCSIS,1,67482,DE
131413,DSL,0,17159,DE
131413,Other,0,0,DE
131425,DSL,0,650086,DE
131425,FTTH,0,499241,DE
190008,DSL,0,672,DE
280001,DOCSIS,0,57386,DE
290009,Other,0,96,DE
130079,DOCSIS,1,379024,DC
130079,FTTH,1,255638,DC
130317,DOCSIS,1,587850,DC
130418,DSL,0,46401,DC
131308,DSL,0,0,DC
131308,FTTH,0,144,DC
131413,DSL,0,18369,DC
131425,DSL,0,568817,DC
131425,FTTH,0,268149,DC
131513,DSL,0,132,DC
150249,Other,0,35601,DC
190008,DOCSIS,0,3222,DC
190008,DSL,0,48,DC
300171,DSL,0,92,DC
130077,DSL,0,10211911,FL
130077,FTTH,0,76635,FL
130127,DSL,0,6859,FL
130137,DOCSIS,1,316,FL
130159,DOCSIS,0,51133,FL
130159,DOCSIS,1,5651401,FL
130228,DSL,0,3529247,FL
130228,FTTH,0,47783,FL
130228,FTTH,1,92267,FL
130258,DSL,0,8680,FL
130317,DOCSIS,1,9874310,FL
130360,DOCSIS,1,723531,FL
130418,DSL,0,200192,FL
130471,DSL,0,84215,FL
130471,FTTH,0,5390,FL
130587,DSL,0,2985,FL
130623,DOCSIS,0,28181,FL
130623,DOCSIS,1,498,FL
130623,DSL,0,28199,FL
130623,DSL,1,3630,FL
130623,FTTH,0,44249,FL
130623,FTTH,1,1715,FL
130623,Other,0,2349,FL
130623,Other,1,2048,FL
130728,DSL,0,0,FL
130804,DOCSIS,0,13558,FL
130804,DOCSIS,1,241846,FL
130880,FTTH,0,9634,FL
130880,Other,0,9256,FL
130988,DOCSIS,0,51017,FL
130988,DSL,0,28623,FL
130988,DSL,1,467,FL
130988,FTTH,0,10410,FL
130988,FTTH,1,20758,FL
131060,DSL,0,10078,FL
131060,FTTH,0,4239,FL
131060,FTTH,1,3742,FL
131167,DOCSIS,0,175087,FL
131204,DSL,0,16386,FL
131204,FTTH,0,4547,FL
131204,FTTH,1,712,FL
131204,Other,0,0,FL
131225,DSL,0,441,FL
131308,DSL,0,127,FL
131308,FTTH,0,194,FL
131310,DSL,0,27368,FL
131310,FTTH,0,339,FL
131362,DSL,0,24823,FL
131362,FTTH,0,1472,FL
131413,DSL,0,193043,FL
131425,DSL,0,2088767,FL
131425,FTTH,0,2601688,FL
131480,DOCSIS,0,804988,FL
131513,DSL,0,875,FL
160110,DOCSIS,0,41098,FL
160151,DSL,0,732,FL
160151,FTTH,0,2673,FL
160151,Other,0,246,FL
160162,Other,0,415,FL
170064,DOCSIS,0,1979,FL
170064,DOCSIS,1,21094,FL
180032,FTTH,0,8369,FL
180048,Other,0,73756,FL
190008,DOCSIS,0,10165,FL
190008,DSL,0,3440,FL
190008,DSL,1,0,FL
190158,DOCSIS,0,25318,FL
190158,FTTH,0,4319,FL
190192,DSL,0,0,FL
190204,DSL,0,138,FL
190275,DOCSIS,0,22553,FL
190336,Other,0,129,FL
200022,FTTH,1,19272,FL
200046,Other,0,97821,FL
210069,Other,0,380,FL
230021,Other,0,0,FL
240010,Other,0,4345447,FL
250046,DOCSIS,0,26,FL
250046,DSL,0,11,FL
260067,FTTH,1,27,FL
270086,DSL,0,72,FL
270086,FTTH,0,1036,FL
270105,DSL,0,73,FL
280001,DOCSIS,0,347,FL
280001,DOCSIS,1,219919,FL
290009,Other,0,25839,FL
290048,DOCSIS,0,354,FL
290080,Other,0,19448,FL
300119,DOCSIS,0,2150,FL
300171,DSL,0,9,FL
310028,Other,0,3768,FL
310044,FTTH,0,411,FL
330013,FTTH,0,65403,FL
130044,DOCSIS,0,29151,GA
130044,DSL,0,18327,GA
130077,DSL,0,7276471,GA
130077,FTTH,0,59328,GA
130127,DSL,0,4490,GA
130151,DSL,0,3218,GA
130151,FTTH,0,17207,GA
130159,DOCSIS,0,950,GA
130176,FTTH,0,70217,GA
130228,DSL,0,85763,GA
130228,FTTH,0,3542,GA
130235,DOCSIS,0,1963957,GA
130242,DOCSIS,0,45238,GA
130242,FTTH,0,8920,GA
130258,DSL,0,50249,GA
130258,FTTH,1,104,GA
130265,DOCSIS,0,3301,GA
130265,DSL,0,13046,GA
130265,FTTH,0,305,GA
130272,DOCSIS,0,10027,GA
130281,DOCSIS,0,30258,GA
130317,DOCSIS,1,5386536,GA
130334,DOCSIS,0,73728,GA
130334,DSL,0,3760,GA
130334,FTTH,0,14376,GA
130360,DOCSIS,1,284768,GA
130391,DOCSIS,0,11769,GA
130391,DSL,0,5548,GA
130418,DSL,0,85647,GA
130454,FTTH,0,0,GA
130471,DSL,0,238,GA
130545,DSL,0,2504,GA
130589,DOCSIS,0,3912,GA
130589,FTTH,0,12359,GA
130685,DSL,0,0,GA
130685,FTTH,0,0,GA
130685,Other,0,0,GA
130746,DOCSIS,0,20157,GA
130746,DSL,0,17188,GA
130804,DOCSIS,0,86028,GA
130804,DOCSIS,1,588083,GA
131023,FTTH,0,10523,GA
131041,DSL,0,11087,GA
131041,FTTH,0,36068,GA
131051,DOCSIS,0,24071,GA
131051,DSL,0,16687,GA
131052,DSL,0,14325,GA
131052,FTTH,0,28193,GA
131073,DSL,0,16055,GA
131076,DOCSIS,0,20942,GA
131076,DSL,0,18249,GA
131076,Other,0,11006,GA
131113,DSL,0,2249,GA
131113,FTTH,0,34961,GA
131308,FTTH,0,363,GA
131310,DSL,0,89699,GA
131310,FTTH,0,4247,GA
131310,FTTH,1,23308,GA
131365,DSL,0,12423,GA
131365,FTTH,0,5283,GA
131413,DSL,0,1317651,GA
131480,DOCSIS,0,380027,GA
131485,FTTH,0,20712,GA
140030,DSL,0,17888,GA
140030,FTTH,0,8055,GA
150206,DOCSIS,1,67511,GA
150235,DOCSIS,0,11984,GA
150236,DOCSIS,0,18632,GA
150258,DOCSIS,0,70158,GA
150258,DSL,0,45880,GA
150292,DOCSIS,0,68271,GA
150299,DOCSIS,0,10052,GA
160151,FTTH,0,401,GA
180012,DOCSIS,0,13752,GA
180013,FTTH,0,13795,GA
180013,Other,0,165,GA
190008,DOCSIS,0,1598,GA
190008,DSL,0,835,GA
190025,Other,0,7329,GA
190058,FTTH,0,102599,GA
190134,FTTH,1,28819,GA
190213,DOCSIS,0,341,GA
190213,FTTH,0,8,GA
190215,DOCSIS,0,32113,GA
190274,DOCSIS,0,84197,GA
190274,FTTH,0,449,GA
200010,DOCSIS,0,9496,GA
200010,FTTH,0,6396,GA
210069,FTTH,1,650,GA
220066,Other,0,30762,GA
230039,DOCSIS,0,541,GA
230076,DOCSIS,0,9303,GA
250045,Other,0,16,GA
250086,Other,0,20338,GA
260067,FTTH,1,8,GA
290080,Other,0,150,GA
290125,Other,0,30,GA
300171,DSL,0,0,GA
300186,DSL,0,0,GA
300192,DSL,0,6897,GA
310013,FTTH,0,25448,GA
130595,DSL,0,1192188,HI
130595,FTTH,1,356699,HI
131161,DSL,0,9420,HI
131161,FTTH,0,9111,HI
131352,DOCSIS,0,1333635,HI
240021,DSL,0,1769,HI
240021,FTTH,0,217,HI
250004,Other,0,7299,HI
130032,DSL,0,9853,ID
130032,FTTH,0,3623,ID
130132,DSL,0,10596,ID
130183,DOCSIS,0,992914,ID
130193,DSL,0,7781,ID
130193,FTTH,0,2522,ID
130193,Other,0,946,ID
130228,DSL,0,1074060,ID
130228,FTTH,0,170,ID
130228,FTTH,1,2303,ID
130258,DSL,0,206154,ID
130317,DOCSIS,1,702,ID
130360,DOCSIS,1,15737,ID
130378,DOCSIS,0,3403,ID
130378,DSL,0,2920,ID
130378,FTTH,0,4593,ID
130378,Other,0,5684,ID
130479,DSL,0,7050,ID
130479,FTTH,0,1128,ID
130500,DOCSIS,0,3177,ID
130500,Other,0,96203,ID
130627,DSL,0,3864,ID
130651,DSL,0,706,ID
130653,DSL,0,3289,ID
130653,FTTH,0,98,ID
130653,FTTH,1,5244,ID
130784,DOCSIS,0,846,ID
130784,DSL,0,1315,ID
130831,DSL,0,5464,ID
130831,FTTH,0,232,ID
130831,Other,0,2484,ID
130874,DSL,0,2256,ID
130874,Other,0,3147,ID
130986,DOCSIS,0,118614,ID
130986,DSL,0,118614,ID
130986,FTTH,0,118614,ID
131075,DSL,0,26715,ID
131075,FTTH,0,708,ID
131075,Other,0,28492,ID
131123,DSL,0,76,ID
131190,DSL,0,10681,ID
131190,FTTH,0,3861,ID
131269,DOCSIS,0,17886,ID
131269,DOCSIS,1,2366,ID
131310,DSL,0,3767,ID
131352,DOCSIS,0,143616,ID
131413,DSL,0,1494,ID
131497,DOCSIS,0,2398,ID
131497,Other,0,183505,ID
140033,DSL,0,5099,ID
140033,FTTH,0,2411,ID
140033,Other,0,25320,ID
140048,Other,0,1006818,ID
150292,DOCSIS,0,14282,ID
160157,DOCSIS,0,18275,ID
170071,DOCSIS,0,196,ID
170071,Other,0,46990,ID
170071,Other,1,0,ID
190276,DSL,0,3722,ID
190276,FTTH,0,163,ID
190349,Other,0,19171,ID
190404,FTTH,0,5908,ID
210109,Other,0,88,ID
220076,Other,0,33,ID
240027,DOCSIS,0,1155,ID
240046,Other,0,8,ID
240061,DSL,0,0,ID
260010,DOCSIS,0,3260,ID
260010,FTTH,1,234,ID
260050,Other,0,130947,ID
290062,Other,0,56532,ID
300171,DSL,0,170,ID
300179,Other,0,502,ID
300187,Other,0,910,ID
310017,Other,0,2279,ID
310036,Other,0,6888,ID
310058,Other,0,69629,ID
320127,Other,0,1092093,ID
130012,DSL,0,23688,IL
130012,FTTH,0,4873,IL
130012,FTTH,1,20286,IL
130012,Other,0,158678,IL
130036,DSL,0,3514,IL
130036,FTTH,0,2185,IL
130077,DSL,0,9761858,IL
130077,FTTH,0,56802,IL
130079,DOCSIS,1,616624,IL
130079,FTTH,1,422189,IL
130116,Other,0,32736,IL
130119,DSL,0,403,IL
130127,DSL,0,142,IL
130192,DSL,0,4925,IL
130208,DOCSIS,0,44603,IL
130208,DSL,0,6327,IL
130208,FTTH,0,2420,IL
130208,Other,0,33192,IL
130228,DSL,0,133206,IL
130228,FTTH,0,288,IL
130235,DOCSIS,0,668592,IL
130258,DSL,0,1516163,IL
130258,FTTH,1,571,IL
130287,DSL,0,654,IL
130317,DOCSIS,1,9709981,IL
130335,DSL,0,100670,IL
130335,FTTH,0,284,IL
130368,DSL,0,802,IL
130401,DSL,0,33377,IL
130401,FTTH,0,477,IL
130401,Other,0,654,IL
130402,Other,0,799,IL
130418,DSL,0,252276,IL
130444,DSL,0,10189,IL
130471,DSL,0,15357,IL
130503,DSL,0,1231,IL
130513,Other,0,115649,IL
130528,FTTH,0,1331,IL
130528,FTTH,1,1086,IL
130528,Other,0,7005,IL
130535,DSL,0,14351,IL
130544,DSL,0,2664,IL
130557,DSL,0,12606,IL
130559,Other,0,195,IL
130584,DSL,0,7105,IL
130584,FTTH,0,1492,IL
130584,Other,0,40736,IL
130604,DSL,0,2649,IL
130624,DSL,0,45433,IL
130624,FTTH,0,5764,IL
130624,Other,0,198715,IL
130699,DSL,0,186,IL
130705,DOCSIS,0,16369,IL
130735,DSL,0,327,IL
130769,DOCSIS,0,19241,IL
130769,DSL,0,6640,IL
130799,DSL,0,25958,IL
130799,FTTH,0,14597,IL
130799,FTTH,1,21181,IL
130799,Other,0,34167,IL
130802,DSL,0,908,IL
130804,DOCSIS,0,48361,IL
130804,DOCSIS,1,865622,IL
130819,DSL,0,11416,IL
130859,DSL,0,1570,IL
130859,Other,0,150887,IL
130872,DSL,0,215601,IL
130872,FTTH,1,7069,IL
130908,DSL,0,1274,IL
130908,FTTH,0,376,IL
130955,DOCSIS,0,2928,IL
130977,DSL,0,485,IL
130977,FTTH,0,1107,IL
131016,Other,0,596,IL
131074,DSL,0,2625,IL
131074,FTTH,0,1792,IL
131104,DSL,0,3747,IL
131104,Other,0,2865,IL
131106,DSL,0,728,IL
131106,FTTH,0,698,IL
131106,Other,0,2236,IL
131179,DSL,0,441,IL
131180,DSL,0,3425,IL
131180,FTTH,0,9187,IL
131226,DSL,0,2904,IL
131226,FTTH,0,2904,IL
131261,Other,0,103,IL
131306,DOCSIS,0,191057,IL
131308,DSL,0,0,IL
131308,FTTH,0,0,IL
131308,FTTH,1,0,IL
131310,DSL,0,123397,IL
131352,DOCSIS,0,3269,IL
131358,DSL,0,1183,IL
131379,Other,0,488,IL
131413,DSL,0,15352,IL
131431,DSL,0,1470,IL
131431,Other,0,2326,IL
131445,DOCSIS,0,5984,IL
131445,DSL,0,11701,IL
131445,FTTH,0,5828,IL
131480,DOCSIS,0,1216732,IL
131505,DSL,0,1288,IL
131505,FTTH,0,1347,IL
131513,DSL,0,2860,IL
140048,Other,0,2274938,IL
140078,Other,1,1487,IL
140105,Other,0,906694,IL
150331,FTTH,0,9653,IL
160115,Other,0,2487647,IL
160157,DOCSIS,0,6673,IL
170016,DOCSIS,0,38548,IL
190008,DOCSIS,0,8543,IL
190008,DSL,0,14400,IL
190051,DSL,0,12020,IL
190051,FTTH,0,40148,IL
190051,FTTH,1,4140,IL
190103,Other,0,22179,IL
190169,Other,0,7979,IL
190211,Other,0,5463,IL
190365,DOCSIS,0,10910,IL
190414,DSL,0,29922,IL
190442,Other,0,8177,IL
190501,FTTH,0,672,IL
190501,Other,0,10160,IL
200006,Other,0,4137,IL
200019,Other,0,6156,IL
200026,Other,0,5611,IL
200065,Other,0,48624,IL
200070,DOCSIS,0,3793,IL
200070,Other,0,485,IL
210069,Other,0,0,IL
210101,DSL,0,98,IL
220027,Other,0,29,IL
220036,Other,0,3,IL
220045,FTTH,0,4299,IL
220045,Other,0,2707,IL
240044,FTTH,1,8422,IL
240105,Other,0,792,IL
250007,Other,0,51794,IL
250081,DSL,0,210,IL
250081,FTTH,0,778,IL
250081,Other,0,8955,IL
250085,Other,0,4206,IL
250085,Other,1,39,IL
260050,Other,0,10778,IL
260067,FTTH,1,255,IL
270025,Other,0,788924,IL
270035,Other,0,255022,IL
270061,Other,0,161,IL
270065,Other,0,239596,IL
270076,Other,0,12506,IL
280051,Other,0,132296,IL
280063,DSL,0,17,IL
280063,FTTH,0,318,IL
280063,Other,0,230,IL
280069,DSL,0,1181,IL
280069,Other,0,9509,IL
290009,Other,0,127,IL
290021,Other,0,16031,IL
290031,FTTH,1,5167,IL
290055,Other,0,596127,IL
290109,Other,0,5152,IL
300026,Other,0,30305,IL
300074,Other,0,12252,IL
300088,Other,0,274,IL
300088,Other,1,180,IL
300133,Other,0,33839,IL
300141,FTTH,0,9483,IL
300171,DSL,0,237,IL
300175,Other,1,373709,IL
300183,Other,0,11624,IL
300186,DSL,0,1972,IL
310089,DSL,0,648,IL
310089,FTTH,0,1596,IL
320053,FTTH,0,0,IL
320053,Other,0,28673,IL
360101,Other,1,1284,IL
130077,DSL,0,3360675,IN
130077,FTTH,0,28778,IN
130116,DSL,0,2,IN
130116,FTTH,0,1647,IN
130116,Other,0,1538043,IN
130127,DSL,0,122,IN
130139,DSL,0,1584,IN
130139,FTTH,0,79,IN
130159,DOCSIS,1,539813,IN
130228,DSL,0,499590,IN
130228,FTTH,0,1024,IN
130254,DSL,0,10795,IN
130254,FTTH,1,294,IN
130258,DSL,0,1612261,IN
130258,FTTH,0,289610,IN
130258,FTTH,1,78,IN
130268,DSL,0,5639,IN
130279,FTTH,0,4812,IN
130279,Other,0,128306,IN
130288,DSL,0,2083,IN
130288,FTTH,0,32748,IN
130316,Other,0,15748,IN
130317,DOCSIS,0,30085,IN
130317,DOCSIS,1,3698397,IN
130363,DSL,0,5363,IN
130363,FTTH,0,10289,IN
130393,DSL,0,14948,IN
130393,FTTH,0,14948,IN
130418,DSL,0,36640,IN
130437,Other,0,6229,IN
130437,Other,1,28,IN
130471,DOCSIS,0,21,IN
130471,DSL,0,21,IN
130532,DSL,0,1553,IN
130532,FTTH,0,610,IN
130532,Other,0,4241,IN
130552,DSL,0,0,IN
130586,DSL,0,13509,IN
130586,FTTH,1,41725,IN
130586,Other,0,5456,IN
130728,Other,0,12,IN
130742,DSL,0,6885,IN
130742,FTTH,0,9526,IN
130742,Other,0,112199,IN
130804,DOCSIS,0,636,IN
130804,DOCSIS,1,251518,IN
130834,Other,0,522850,IN
130838,DOCSIS,0,3916,IN
130838,DSL,0,22220,IN
130838,FTTH,0,23554,IN
130838,Other,0,132751,IN
130853,DSL,0,3919,IN
130853,FTTH,0,3996,IN
130853,Other,0,10087,IN
130875,DSL,0,7513,IN
130875,FTTH,0,2855,IN
130904,DSL,0,17836,IN
130904,FTTH,0,17836,IN
130904,Other,0,17836,IN
130905,DOCSIS,0,13727,IN
130905,DSL,0,4213,IN
130905,Other,0,2572,IN
130921,DSL,0,32697,IN
130921,FTTH,0,1763,IN
130921,Other,0,305535,IN
131016,Other,0,717552,IN
131032,DSL,0,16125,IN
131032,FTTH,0,18771,IN
131032,Other,0,31960,IN
131078,DSL,0,34041,IN
131078,FTTH,0,34041,IN
131078,Other,0,34041,IN
131081,FTTH,1,169376,IN
131081,Other,0,85,IN
131108,DSL,0,33647,IN
131108,FTTH,0,36355,IN
131108,FTTH,1,6908,IN
131124,FTTH,0,14843,IN
131124,Other,0,32813,IN
131225,DSL,0,14453,IN
131225,FTTH,0,3085,IN
131225,Other,0,11521,IN
131285,DOCSIS,0,169,IN
131285,DSL,0,2411,IN
131285,Other,0,2411,IN
131286,DSL,0,3095,IN
131286,FTTH,0,961,IN
131286,Other,0,2901,IN
131306,DOCSIS,0,31844,IN
131310,DSL,0,73074,IN
131310,FTTH,0,5150,IN
131310,Other,0,487428,IN
131352,DOCSIS,0,637142,IN
131413,DSL,0,6271,IN
131444,DSL,0,16,IN
131444,FTTH,0,203,IN
131444,Other,0,6629,IN
131451,DSL,0,10311,IN
131451,FTTH,0,481,IN
131480,DOCSIS,0,273757,IN
131513,DSL,0,830,IN
131520,DSL,0,1985,IN
140048,Other,0,6258,IN
140064,Other,0,79128,IN
170007,FTTH,0,363,IN
170016,DOCSIS,0,125554,IN
170102,Other,0,408,IN
170105,DOCSIS,0,7992,IN
180010,FTTH,0,14215,IN
190056,Other,0,23132,IN
190192,DSL,0,66,IN
190211,Other,0,14141,IN
190236,Other,0,412233,IN
190263,Other,0,82323,IN
190289,Other,0,38837,IN
190414,DSL,0,35,IN
190442,Other,0,12,IN
190443,DOCSIS,0,3843,IN
200070,Other,0,44,IN
210063,Other,0,12807,IN
210087,FTTH,0,20115,IN
210087,FTTH,1,1355,IN
220027,Other,0,3749,IN
250007,Other,0,15697,IN
250027,Other,0,56640,IN
250081,Other,0,10,IN
260003,Other,0,390,IN
260004,Other,0,2040,IN
270023,FTTH,0,5,IN
270023,Other,0,32459,IN
280072,Other,0,36,IN
290009,Other,0,86763,IN
290039,Other,0,7558,IN
300005,DSL,0,46186,IN
300005,FTTH,1,5647,IN
300070,Other,0,432147,IN
300146,Other,0,3754,IN
300171,Other,0,301,IN
300175,Other,1,5108,IN
300176,Other,0,735,IN
310049,Other,0,853,IN
320129,Other,0,3367,IN
130008,DSL,0,10660,IA
130008,Other,0,5897,IA
130035,DOCSIS,0,8715,IA
130035,FTTH,0,8715,IA
130040,FTTH,0,4272,IA
130045,DSL,0,7001,IA
130045,FTTH,0,5229,IA
130045,Other,0,1991,IA
130046,DOCSIS,0,1916,IA
130066,DSL,0,663,IA
130066,FTTH,0,4394,IA
130088,DSL,0,1322,IA
130088,Other,0,692,IA
130092,FTTH,0,1995,IA
130096,DSL,0,2411,IA
130120,FTTH,0,8646,IA
130120,Other,0,8646,IA
130127,DSL,0,16,IA
130142,DSL,0,288,IA
130154,DSL,0,15268,IA
130154,FTTH,1,12660,IA
130154,Other,0,14079,IA
130169,DOCSIS,0,138,IA
130169,DSL,0,4933,IA
130179,DOCSIS,0,1558,IA
130179,DSL,0,3878,IA
130179,FTTH,0,4169,IA
130183,DOCSIS,0,86383,IA
130204,DSL,0,4051,IA
130204,FTTH,0,2875,IA
130207,DSL,0,1582,IA
130218,FTTH,1,40819,IA
130218,Other,0,26411,IA
130223,DSL,0,1369,IA
130228,DSL,0,1816564,IA
130228,FTTH,0,15318,IA
130259,DSL,0,4181,IA
130259,FTTH,0,6383,IA
130285,DSL,0,4626,IA
130285,FTTH,0,4845,IA
130285,Other,0,4626,IA
130290,DSL,0,6197,IA
130290,FTTH,0,7299,IA
130302,FTTH,0,8807,IA
130310,FTTH,0,3328,IA
130321,FTTH,0,6801,IA
130324,Other,0,4155,IA
130325,Other,0,3680,IA
130335,DSL,0,19509,IA
130343,DSL,0,9432,IA
130344,DSL,0,5104,IA
130344,Other,0,5104,IA
130346,DSL,0,5410,IA
130346,Other,0,5410,IA
130347,DSL,0,3241,IA
130353,DSL,0,2424,IA
130353,FTTH,0,3043,IA
130353,Other,0,1207,IA
130360,DOCSIS,1,73192,IA
130374,DSL,0,2737,IA
130374,Other,0,5091,IA
130390,DSL,0,6235,IA
130390,FTTH,1,11238,IA
130390,Other,0,11238,IA
130410,DOCSIS,0,4904,IA
130419,DOCSIS,0,159,IA
130419,FTTH,1,2533,IA
130421,DSL,0,2061,IA
130433,DSL,0,3682,IA
130450,FTTH,0,4063,IA
130472,FTTH,0,7686,IA
130472,Other,0,9757,IA
130473,DSL,0,4049,IA
130473,FTTH,0,2871,IA
130475,DSL,0,8516,IA
130475,FTTH,1,8516,IA
130475,Other,0,8516,IA
130477,DOCSIS,0,229,IA
130477,DSL,0,6857,IA
130477,FTTH,0,3532,IA
130477,Other,0,659,IA
130478,FTTH,0,1074,IA
130482,DSL,0,4970,IA
130482,FTTH,1,4970,IA
130483,DSL,0,1088,IA
130483,FTTH,0,5377,IA
130484,DOCSIS,0,4951,IA
130484,DSL,0,4951,IA
130484,FTTH,0,11950,IA
130485,DOCSIS,0,35465,IA
130485,DSL,0,35465,IA
130485,FTTH,0,35465,IA
130485,Other,0,35465,IA
130488,DSL,0,1102,IA
130489,DSL,0,718,IA
130489,Other,0,3073,IA
130495,FTTH,0,503,IA
130552,DSL,0,21283,IA
130559,DSL,0,809,IA
130559,FTTH,0,15258,IA
130559,Other,0,14714,IA
130560,DSL,0,6716,IA
130560,FTTH,0,10365,IA
130567,Other,0,11277,IA
130574,FTTH,0,3637,IA
130590,DSL,0,184,IA
130590,Other,0,512,IA
130596,DSL,0,1834,IA
130596,FTTH,0,56,IA
130598,DSL,0,6269,IA
130598,FTTH,0,11919,IA
130598,Other,0,19726,IA
130621,DOCSIS,0,9174,IA
130621,FTTH,0,2502,IA
130626,DSL,0,1262,IA
130627,DSL,0,4610,IA
130630,DSL,0,1611,IA
130630,FTTH,0,7481,IA
130630,Other,0,702,IA
130631,FTTH,0,622,IA
130631,Other,0,773,IA
130641,DOCSIS,0,6959,IA
130661,FTTH,0,9490,IA
130677,DSL,0,5319,IA
130677,FTTH,0,4343,IA
130682,FTTH,0,4228,IA
130693,DSL,0,2963,IA
130695,DSL,0,660,IA
130709,DSL,0,3271,IA
130709,FTTH,0,256,IA
130709,Other,0,3834,IA
130724,DOCSIS,0,1162,IA
130732,FTTH,0,8135,IA
130756,Other,0,1745,IA
130757,DOCSIS,0,29502,IA
130757,DSL,0,11668,IA
130759,FTTH,0,4717,IA
130766,DSL,0,785,IA
130767,DSL,0,2533,IA
130774,FTTH,0,9599,IA
130774,Other,0,2879,IA
130782,DSL,0,2338,IA
130782,FTTH,0,1236,IA
130782,Other,0,9396,IA
130785,DOCSIS,0,17574,IA
130785,DSL,0,17574,IA
130787,DSL,0,1520,IA
130787,Other,0,1520,IA
130803,DSL,0,2410,IA
130803,Other,0,2646,IA
130804,DOCSIS,0,13517,IA
130804,DOCSIS,1,1958355,IA
130805,DSL,0,6594,IA
130805,FTTH,0,6594,IA
130837,DSL,0,1687,IA
130839,DOCSIS,0,3478,IA
130845,DSL,0,2809,IA
130845,FTTH,0,1119,IA
130845,Other,0,2214,IA
130846,DSL,0,4004,IA
130849,DSL,0,7359,IA
130877,DOCSIS,0,30161,IA
130877,DSL,0,6425,IA
130877,FTTH,0,17807,IA
130877,Other,0,1149,IA
130878,DSL,0,13369,IA
130878,Other,0,13716,IA
130906,DSL,0,1607,IA
130930,DSL,0,1623,IA
130930,FTTH,0,4,IA
130938,DSL,0,9157,IA
130938,FTTH,0,9157,IA
130938,Other,0,15993,IA
130953,DSL,0,2540,IA
130953,Other,0,20977,IA
130956,DSL,0,7,IA
130969,DSL,0,3611,IA
130969,FTTH,0,3611,IA
130974,DSL,0,2202,IA
130974,FTTH,0,1881,IA
130974,Other,0,1881,IA
130979,DSL,0,458,IA
130983,FTTH,0,1479,IA
130989,DOCSIS,1,4019,IA
131003,DSL,0,2662,IA
131006,FTTH,0,1139,IA
131008,DOCSIS,0,409,IA
131008,DSL,0,3143,IA
131008,FTTH,1,6064,IA
131008,Other,0,4015,IA
131010,DOCSIS,0,3438,IA
131010,DSL,0,5244,IA
131010,FTTH,0,3294,IA
131066,DSL,0,1126,IA
131066,Other,0,1160,IA
131071,DSL,0,2867,IA
131085,FTTH,0,2496,IA
131096,DSL,0,3272,IA
131096,FTTH,0,3272,IA
131096,Other,0,3272,IA
131114,DSL,0,2118,IA
131114,Other,0,2118,IA
131116,DSL,0,10163,IA
131116,Other,0,10183,IA
131126,DOCSIS,0,2219,IA
131126,Other,0,225,IA
131127,DSL,0,13183,IA
131127,FTTH,0,13183,IA
131135,FTTH,0,754,IA
131142,Other,0,3079,IA
131146,DSL,0,3269,IA
131166,DSL,0,2997,IA
131171,FTTH,0,888,IA
131172,DSL,0,414,IA
131222,DSL,0,11144,IA
131222,FTTH,1,6813,IA
131239,DOCSIS,0,11826,IA
131239,FTTH,0,11826,IA
131240,FTTH,0,179,IA
131243,DSL,0,9545,IA
131243,FTTH,1,9545,IA
131267,DOCSIS,0,2712,IA
131267,FTTH,0,1167,IA
131276,DSL,0,1952,IA
131315,DSL,0,864,IA
131321,DSL,0,1454,IA
131321,FTTH,0,5,IA
131354,DSL,0,1047,IA
131354,FTTH,0,488,IA
131379,DOCSIS,0,27811,IA
131379,FTTH,0,2295,IA
131379,Other,0,3311,IA
131394,FTTH,0,1058,IA
131394,Other,0,31057,IA
131413,DSL,0,482799,IA
131414,DSL,0,5378,IA
131415,FTTH,0,4816,IA
131447,DOCSIS,0,2269,IA
131447,DSL,0,4014,IA
131447,FTTH,0,930,IA
131457,FTTH,0,9689,IA
131458,FTTH,0,10070,IA
131458,Other,0,10070,IA
131461,DSL,0,7798,IA
131461,FTTH,0,6595,IA
131463,DSL,0,9995,IA
131463,FTTH,0,7102,IA
131463,Other,0,28499,IA
131472,DOCSIS,0,1436,IA
131472,DSL,0,7858,IA
131494,DSL,0,8485,IA
131494,FTTH,0,13280,IA
131507,DSL,0,40909,IA
131507,Other,0,40909,IA
131510,DSL,0,577,IA
131612,DSL,0,12752,IA
131612,FTTH,0,12752,IA
131612,Other,0,12752,IA
131613,DSL,0,1716,IA
131613,Other,0,27600,IA
140048,Other,0,1675018,IA
140076,DSL,0,2004,IA
140106,DOCSIS,0,2607,IA
140106,DSL,0,3482,IA
150272,Other,0,148,IA
150286,Other,0,4,IA
160127,DSL,0,82670,IA
160127,FTTH,0,82670,IA
160127,Other,0,29984,IA
160129,DOCSIS,0,1529,IA
160160,DOCSIS,0,91438,IA
160160,FTTH,1,12132,IA
170014,DSL,0,2500,IA
170014,FTTH,0,2500,IA
170050,DOCSIS,0,4464,IA
170050,FTTH,0,4464,IA
170062,FTTH,0,4375,IA
190008,DOCSIS,0,223,IA
190080,FTTH,0,2724,IA
190085,DOCSIS,0,2553,IA
190101,DOCSIS,0,5184,IA
190101,Other,0,16894,IA
190103,Other,0,480,IA
190108,DOCSIS,1,1392,IA
190150,DSL,0,77825,IA
190150,Other,0,89639,IA
190180,DOCSIS,0,2502,IA
190223,FTTH,0,1847,IA
190244,Other,0,964,IA
190276,DSL,0,24424,IA
190325,Other,0,47785,IA
190326,Other,0,304,IA
210069,Other,0,169,IA
210080,Other,0,495,IA
220032,Other,0,31280,IA
240056,Other,0,249133,IA
240081,DOCSIS,0,1638,IA
240086,DOCSIS,0,4,IA
240089,DOCSIS,0,10,IA
240089,FTTH,0,145,IA
240089,Other,0,635,IA
240103,DOCSIS,0,686,IA
260050,Other,0,51979,IA
270084,DOCSIS,0,1024,IA
270084,Other,0,5307,IA
280005,DSL,0,597,IA
290050,Other,0,7756,IA
300074,Other,0,174,IA
300083,DSL,0,23680,IA
300083,FTTH,0,17559,IA
300101,FTTH,0,9685,IA
300101,Other,0,113169,IA
300107,Other,0,41673,IA
300131,Other,0,710,IA
300162,Other,0,8208,IA
300171,DSL,0,76,IA
300171,Other,0,28,IA
300174,Other,0,44302,IA
300186,DSL,0,21030,IA
300186,FTTH,0,345,IA
300186,Other,0,5877,IA
300197,Other,0,48030,IA
310023,DOCSIS,0,11750,IA
130077,DSL,0,2053483,KS
130077,FTTH,0,50648,KS
130084,DOCSIS,0,1191,KS
130114,DSL,0,169,KS
130114,FTTH,0,8,KS
130127,DSL,0,475,KS
130144,DOCSIS,0,6519,KS
130144,FTTH,0,8174,KS
130144,Other,0,14501,KS
130183,DOCSIS,0,58601,KS
130228,DSL,0,218173,KS
130228,FTTH,0,1931,KS
130314,FTTH,0,8290,KS
130317,DOCSIS,1,126798,KS
130335,DOCSIS,0,281299,KS
130335,FTTH,1,178848,KS
130360,DOCSIS,1,1071632,KS
130364,DSL,0,24407,KS
130364,FTTH,0,6253,KS
130364,Other,0,3845,KS
130418,DSL,0,13792,KS
130429,DOCSIS,0,48220,KS
130429,Other,0,5916,KS
130460,DSL,0,2382,KS
130471,DSL,0,8258,KS
130471,Other,0,8437,KS
130546,FTTH,0,10,KS
130551,DSL,0,2210,KS
130551,FTTH,0,3365,KS
130555,FTTH,0,1134,KS
130565,DSL,0,1221,KS
130565,FTTH,0,1771,KS
130569,DSL,0,91,KS
130581,DOCSIS,0,710,KS
130581,DSL,0,954,KS
130581,FTTH,0,5117,KS
130581,Other,0,3541,KS
130594,Other,0,37,KS
130616,DOCSIS,0,434,KS
130616,FTTH,0,6248,KS
130684,FTTH,0,3395,KS
130684,Other,0,400674,KS
130711,FTTH,0,956,KS
130771,FTTH,0,2471,KS
130804,DOCSIS,0,2903,KS
130804,DOCSIS,1,28981,KS
130833,Other,0,49260,KS
130860,DSL,0,7655,KS
131030,DSL,0,163,KS
131030,FTTH,0,3380,KS
131043,Other,0,371,KS
131044,DOCSIS,0,19437,KS
131044,DSL,0,20786,KS
131044,FTTH,0,5315,KS
131048,Other,0,1885118,KS
131087,FTTH,0,4126,KS
131141,DOCSIS,0,4726,KS
131141,DSL,0,15104,KS
131141,FTTH,0,7084,KS
131141,FTTH,1,58159,KS
131141,Other,0,120559,KS
131145,DOCSIS,0,10783,KS
131145,DSL,0,16110,KS
131145,FTTH,0,5502,KS
131145,Other,0,13016,KS
131218,DSL,0,7663,KS
131218,FTTH,0,5063,KS
131218,Other,0,8246,KS
131223,FTTH,0,29,KS
131230,DOCSIS,0,11418,KS
131230,DSL,0,9125,KS
131230,FTTH,0,1740,KS
131269,DOCSIS,0,25628,KS
131269,DOCSIS,1,5311,KS
131303,FTTH,0,246,KS
131352,DOCSIS,0,599778,KS
131359,DSL,0,3219,KS
131362,DSL,0,9711,KS
131362,FTTH,0,216,KS
131366,FTTH,0,10693,KS
131366,Other,0,52184,KS
131395,DOCSIS,0,2796,KS
131395,DSL,0,10092,KS
131395,FTTH,0,80,KS
131395,Other,0,142164,KS
131448,DSL,0,9504,KS
131448,FTTH,0,16421,KS
131448,Other,0,2126,KS
131453,Other,0,129,KS
131480,DOCSIS,0,128646,KS
131900,DOCSIS,0,14151,KS
131900,FTTH,0,587,KS
140048,Other,0,238624,KS
140092,DSL,0,22750,KS
140092,FTTH,0,22750,KS
140092,Other,0,22750,KS
150120,DOCSIS,0,683,KS
150120,FTTH,0,1067,KS
150120,FTTH,1,1504,KS
150120,Other,0,15827,KS
150206,DOCSIS,0,30819,KS
150206,DOCSIS,1,23014,KS
150250,DSL,0,190,KS
150250,Other,0,137,KS
160127,DOCSIS,0,9581,KS
160127,DSL,0,13633,KS
160127,Other,0,31004,KS
160157,DOCSIS,0,14398,KS
190083,Other,0,2192,KS
190192,DSL,0,151,KS
190236,Other,0,543844,KS
190248,Other,0,39134,KS
190407,Other,0,27214,KS
190410,FTTH,0,5599,KS
190410,FTTH,1,266,KS
190448,DOCSIS,0,23948,KS
190448,Other,0,234778,KS
210095,Other,0,9,KS
230006,FTTH,1,9479,KS
230018,DSL,0,2381,KS
240041,FTTH,1,219645,KS
240099,Other,0,99888,KS
250048,Other,0,12,KS
250080,Other,0,21,KS
260019,Other,0,21,KS
270081,Other,0,993,KS
280054,Other,0,103,KS
280074,FTTH,0,13439,KS
290058,Other,0,50645,KS
300077,Other,0,30242,KS
300171,Other,0,9,KS
300192,DSL,0,2127,KS
300192,FTTH,0,585,KS
310097,Other,0,2519,KS
130071,DOCSIS,0,22873,KY
130077,DSL,0,2105453,KY
130077,FTTH,0,2575,KY
130094,DSL,0,4989,KY
130094,FTTH,0,7929,KY
130127,DSL,0,125105,KY
130127,DSL,1,0,KY
130146,Other,0,1240681,KY
130150,DSL,0,148066,KY
130150,FTTH,0,88004,KY
130254,DSL,0,343891,KY
130254,FTTH,1,94428,KY
130317,DOCSIS,0,21570,KY
130317,DOCSIS,1,205813,KY
130418,DSL,0,17694,KY
130423,DOCSIS,0,13197,KY
130423,DSL,0,22329,KY
130423,FTTH,0,17290,KY
130445,DOCSIS,0,51201,KY
130446,DOCSIS,0,13548,KY
130507,DSL,0,2647,KY
130507,FTTH,0,41717,KY
130647,Other,0,194,KY
130655,DOCSIS,0,76546,KY
130655,DSL,0,17884,KY
130668,DOCSIS,0,10956,KY
130754,DSL,0,15339,KY
130754,FTTH,0,2392,KY
130764,DOCSIS,0,9364,KY
130804,DOCSIS,0,92188,KY
130804,DOCSIS,1,89077,KY
130865,FTTH,0,36796,KY
130929,DSL,0,18681,KY
130929,FTTH,0,7196,KY
131029,DSL,0,6108,KY
131029,FTTH,1,19880,KY
131081,Other,0,216815,KY
131216,DSL,0,81270,KY
131216,FTTH,0,37508,KY
131225,DSL,0,34,KY
131225,Other,0,2927,KY
131226,DSL,0,1462,KY
131226,FTTH,0,0,KY
131249,DOCSIS,0,18125,KY
131269,DOCSIS,0,40603,KY
131269,DOCSIS,1,40722,KY
131310,DSL,0,26756,KY
131310,FTTH,0,3219,KY
131328,DOCSIS,0,50288,KY
131328,DSL,0,14470,KY
131328,FTTH,0,9182,KY
131352,DOCSIS,0,2695451,KY
131413,DSL,0,1151982,KY
131462,FTTH,1,40697,KY
131611,DSL,0,18306,KY
131611,FTTH,0,18306,KY
140001,DOCSIS,0,36005,KY
150281,FTTH,0,1058,KY
150281,Other,0,11321,KY
150312,FTTH,1,14754,KY
150312,Other,0,14754,KY
160101,Other,0,11916,KY
160118,DOCSIS,0,5395,KY
160157,DOCSIS,0,20204,KY
190089,DOCSIS,0,5828,KY
190089,Other,0,12733,KY
190102,DOCSIS,0,8232,KY
190142,DSL,0,16446,KY
190182,DOCSIS,0,13338,KY
190184,Other,0,33968,KY
190187,FTTH,0,2732,KY
190187,Other,0,33431,KY
190249,Other,0,456,KY
190335,Other,0,36,KY
190429,DOCSIS,0,9368,KY
190429,FTTH,0,55,KY
190443,DOCSIS,0,8105,KY
190503,Other,0,96,KY
210069,FTTH,1,2130,KY
210069,Other,0,51118,KY
220078,DOCSIS,0,1771,KY
240008,DOCSIS,0,11569,KY
240038,DOCSIS,0,50,KY
240045,DOCSIS,0,2043,KY
240063,DOCSIS,0,198,KY
260025,Other,0,26488,KY
260063,Other,0,18,KY
270086,DSL,0,27,KY
280072,Other,0,26166,KY
290009,Other,0,30783,KY
300023,Other,0,8880,KY
300082,Other,0,7646,KY
300088,Other,1,4,KY
300146,Other,0,32800,KY
130039,DOCSIS,0,41347,LA
130039,FTTH,0,32098,LA
130077,DSL,0,3652439,LA
130077,FTTH,0,9396,LA
130127,DSL,0,975,LA
130183,DOCSIS,0,4378,LA
130228,DSL,0,206743,LA
130228,FTTH,0,282,LA
130235,DOCSIS,0,614848,LA
130317,DOCSIS,1,507037,LA
130331,Other,0,225717,LA
130360,DOCSIS,1,1921950,LA
130362,DSL,0,6002,LA
130362,FTTH,0,12369,LA
130398,DSL,0,5834,LA
130398,FTTH,0,5834,LA
130418,DSL,0,14289,LA
130432,DOCSIS,0,54233,LA
130432,DSL,0,33316,LA
130432,FTTH,1,88667,LA
130454,FTTH,0,4,LA
130497,DOCSIS,0,15149,LA
130553,Other,0,144239,LA
130587,DSL,0,776381,LA
130587,FTTH,0,776381,LA
130587,Other,0,776381,LA
130685,DSL,0,65982,LA
130685,FTTH,0,65982,LA
130685,Other,0,65982,LA
130728,DSL,0,25,LA
130939,FTTH,0,2608,LA
131103,DOCSIS,0,53713,LA
131226,DSL,0,14270,LA
131226,FTTH,0,30855,LA
131251,DSL,0,13152,LA
131269,DOCSIS,0,61110,LA
131269,DOCSIS,1,495133,LA
131306,DOCSIS,0,76892,LA
131413,DSL,0,44175,LA
131513,DSL,0,51,LA
150206,DOCSIS,0,42102,LA
150206,DOCSIS,1,20612,LA
150227,DOCSIS,0,2077,LA
150340,DSL,0,23066,LA
150340,FTTH,0,15112,LA
190053,Other,0,23124,LA
190163,Other,0,1205,LA
190219,FTTH,1,114680,LA
210069,FTTH,1,48,LA
210069,Other,0,0,LA
220008,DOCSIS,0,5131,LA
240080,DOCSIS,0,2841,LA
250018,Other,0,2431,LA
260032,FTTH,0,398,LA
260032,Other,0,16679,LA
260051,Other,0,30,LA
270015,DOCSIS,0,14197,LA
270072,DOCSIS,0,14779,LA
270086,DSL,0,35,LA
290009,Other,0,463,LA
300171,DSL,0,10,LA
300171,Other,0,22,LA
310035,Other,0,1168,LA
130035,DOCSIS,0,13,ME
130035,FTTH,0,13,ME
130122,DSL,0,245550,ME
130122,FTTH,0,5638,ME
130122,FTTH,1,3984,ME
130122,Other,0,55971,ME
130317,DOCSIS,1,96208,ME
130418,DSL,0,51,ME
130471,DSL,0,1126744,ME
130471,FTTH,0,9889,ME
130471,FTTH,1,8767,ME
130591,DOCSIS,0,32824,ME
130745,DSL,0,20610,ME
130745,FTTH,0,7620,ME
130891,DOCSIS,0,24000,ME
130993,DSL,0,57503,ME
130993,FTTH,0,125831,ME
131310,DSL,0,47293,ME
131310,FTTH,0,1620,ME
131310,Other,0,166815,ME
131352,DOCSIS,0,1027937,ME
131388,DSL,0,0,ME
131388,FTTH,0,2116,ME
131397,DSL,0,12823,ME
131397,Other,0,7598,ME
131406,DSL,0,0,ME
140012,DSL,0,536,ME
140012,FTTH,0,848,ME
140012,Other,0,22103,ME
150296,DSL,0,124887,ME
190047,DOCSIS,0,8772,ME
190079,DSL,0,58840,ME
190079,FTTH,0,1929,ME
190123,Other,0,65,ME
300110,DSL,0,351,ME
300110,FTTH,0,499,ME
300110,Other,0,203,ME
300168,DOCSIS,0,894,ME
300168,DSL,0,769,ME
300168,Other,0,45432,ME
310004,Other,0,86108,ME
130071,DOCSIS,0,67860,MD
130071,DSL,0,17736,MD
130079,DOCSIS,1,174267,MD
130079,FTTH,1,100653,MD
130122,DSL,0,45,MD
130127,DSL,0,47597,MD
130228,DSL,0,406,MD
130235,DOCSIS,0,6456,MD
130317,DOCSIS,1,4987106,MD
130418,DSL,0,180614,MD
130471,DSL,0,303,MD
130591,DOCSIS,0,95502,MD
130804,DOCSIS,1,19445,MD
131167,DOCSIS,0,131986,MD
131167,FTTH,0,63,MD
131181,DOCSIS,1,10701,MD
131413,DSL,0,222869,MD
131425,DSL,0,4448030,MD
131425,FTTH,0,3412710,MD
131513,DSL,0,1258,MD
150249,Other,0,122,MD
190008,DOCSIS,0,18,MD
190131,DOCSIS,0,15528,MD
190131,FTTH,0,269,MD
190131,Other,0,306,MD
190160,Other,0,14731,MD
190192,DSL,0,0,MD
190305,DSL,0,38047,MD
190305,FTTH,0,1936,MD
190305,FTTH,1,4278,MD
190414,DSL,0,54,MD
200009,Other,0,90,MD
200044,Other,0,862,MD
210101,DSL,0,123,MD
220052,FTTH,1,731,MD
240062,FTTH,0,298,MD
270001,DOCSIS,0,19338,MD
270001,FTTH,0,105,MD
280001,DOCSIS,0,148824,MD
280020,Other,0,87,MD
290009,Other,0,2640,MD
290016,Other,0,3302,MD
290018,Other,0,49117,MD
300171,DSL,0,33,MD
300191,DSL,0,1748,MD
300195,Other,0,379,MD
310055,Other,0,369562,MD
310090,DSL,0,38,MD
130079,DOCSIS,1,856796,MA
130079,FTTH,1,520697,MA
130122,DSL,0,2357,MA
130122,FTTH,0,0,MA
130122,Other,0,0,MA
130127,DSL,0,1238,MA
130137,DOCSIS,1,50,MA
130149,DOCSIS,0,44540,MA
130235,DOCSIS,0,771733,MA
130317,DOCSIS,1,5470145,MA
130360,DOCSIS,1,3191,MA
130418,DSL,0,143799,MA
130471,DSL,0,12218,MA
131308,FTTH,0,0,MA
131308,FTTH,1,1,MA
131352,DOCSIS,0,130413,MA
131361,DOCSIS,0,35608,MA
131376,Other,0,21216,MA
131406,DSL,0,197,MA
131425,DSL,0,5877104,MA
131425,FTTH,0,2519238,MA
131513,DSL,0,1152,MA
140092,DSL,0,35,MA
140092,FTTH,0,35,MA
140092,Other,0,35,MA
150296,DSL,0,8479,MA
190008,DSL,0,62,MA
190109,DSL,0,1746,MA
210017,Other,0,283,MA
240066,Other,0,22364,MA
240092,DOCSIS,0,1775,MA
250081,Other,0,184,MA
260067,FTTH,1,0,MA
290009,Other,0,886,MA
310016,Other,0,165,MA
310083,FTTH,0,39,MA
310083,Other,0,79,MA
310092,FTTH,1,17474,MA
130008,DSL,0,51245,MI
130008,FTTH,0,13311,MI
130018,DSL,0,48291,MI
130019,FTTH,1,102445,MI
130019,Other,0,865027,MI
130077,DSL,0,7297686,MI
130077,FTTH,0,28448,MI
130095,DSL,0,7310,MI
130095,FTTH,0,1471,MI
130097,DSL,0,18822,MI
130097,FTTH,0,1879,MI
130097,Other,0,84762,MI
130122,DSL,0,298,MI
130122,FTTH,1,298,MI
130122,Other,0,298,MI
130127,DSL,0,123,MI
130134,DSL,0,3792,MI
130137,DOCSIS,1,37298,MI
130140,DSL,0,5289,MI
130140,FTTH,0,10909,MI
130159,DOCSIS,1,281809,MI
130203,DSL,0,2325,MI
130228,DSL,0,204690,MI
130233,DSL,0,2279,MI
130235,DOCSIS,0,2410207,MI
130258,DSL,0,1218457,MI
130292,DSL,0,251611,MI
130299,DSL,0,1163,MI
130299,FTTH,0,1067,MI
130300,DSL,0,3334,MI
130300,FTTH,1,20540,MI
130309,FTTH,0,142,MI
130309,Other,0,117973,MI
130317,DOCSIS,0,424885,MI
130317,DOCSIS,1,5519560,MI
130385,DOCSIS,0,26242,MI
130385,DSL,0,20882,MI
130385,FTTH,0,9093,MI
130385,FTTH,1,371,MI
130385,Other,0,28739,MI
130418,DSL,0,86589,MI
130511,DSL,0,1710,MI
130511,Other,0,9284,MI
130607,DSL,0,15595,MI
130607,FTTH,0,2743,MI
130683,DSL,0,8154,MI
130734,DOCSIS,0,16820,MI
130734,DSL,0,4571,MI
130937,Other,0,171238,MI
131157,DSL,0,3227,MI
131157,FTTH,0,1370,MI
131225,DSL,0,21,MI
131242,DOCSIS,0,6113,MI
131242,DSL,0,6102,MI
131308,DSL,0,0,MI
131308,FTTH,0,0,MI
131310,DSL,0,714537,MI
131310,FTTH,0,787,MI
131352,DOCSIS,0,13273,MI
131413,DSL,0,248026,MI
131413,Other,0,0,MI
131480,DOCSIS,0,1845433,MI
131493,DSL,0,15656,MI
131493,FTTH,0,1073,MI
131493,FTTH,1,33423,MI
131493,Other,0,21771,MI
131513,DSL,0,106,MI
140018,DOCSIS,0,701,MI
140064,Other,0,76798,MI
150249,Other,0,0,MI
160103,FTTH,0,3597,MI
160127,DSL,0,15712,MI
160135,FTTH,0,1336,MI
170025,FTTH,0,32781,MI
170025,Other,0,274410,MI
190070,DOCSIS,0,1501,MI
190096,DOCSIS,0,15871,MI
190185,Other,0,2684,MI
190200,Other,0,273763,MI
190241,DSL,0,23720,MI
190241,FTTH,0,8164,MI
190241,Other,0,143779,MI
190285,DOCSIS,0,11778,MI
190414,DSL,0,372,MI
190438,DSL,0,61876,MI
190438,FTTH,0,1890,MI
210018,Other,0,207402,MI
210069,Other,0,351,MI
220027,Other,0,330,MI
220071,DOCSIS,0,1863,MI
220071,FTTH,0,635,MI
230010,FTTH,0,19708,MI
230010,Other,0,513738,MI
240032,DSL,0,50342,MI
240032,FTTH,1,21912,MI
240035,Other,0,6627,MI
250050,DSL,0,188,MI
250050,FTTH,0,307,MI
250050,Other,0,1261,MI
250069,DOCSIS,0,2941,MI
260008,DOCSIS,0,2539,MI
260008,Other,0,10845,MI
260049,DOCSIS,0,0,MI
260050,Other,0,154707,MI
260059,Other,0,1555,MI
270044,Other,0,8586,MI
270077,Other,0,2974,MI
280018,Other,0,722,MI
290011,Other,0,36285,MI
290039,Other,0,130020,MI
290089,Other,0,21673,MI
300061,Other,0,30530,MI
300091,FTTH,0,3702,MI
300105,Other,0,32784,MI
300116,Other,0,8924,MI
300122,DSL,0,2909,MI
300122,Other,0,3677,MI
300171,DSL,0,710,MI
310045,DOCSIS,0,3429,MI
310062,FTTH,1,2005,MI
310095,FTTH,1,280895,MI
310095,Other,0,169510,MI
130008,DSL,0,26704,MN
130008,FTTH,0,1844,MN
130008,Other,0,16646,MN
130031,FTTH,1,9502,MN
130040,FTTH,0,1336,MN
130074,DOCSIS,0,57881,MN
130074,DSL,0,112498,MN
130074,FTTH,1,26779,MN
130074,Other,0,84171,MN
130115,DOCSIS,0,10350,MN
130115,DSL,0,17135,MN
130115,FTTH,0,5690,MN
130115,Other,0,19514,MN
130122,DSL,0,81,MN
130122,FTTH,0,17,MN
130127,DSL,0,171,MN
130142,DOCSIS,0,4423,MN
130142,DSL,0,31480,MN
130142,FTTH,0,13282,MN
130142,Other,0,942,MN
130161,Other,0,284110,MN
130183,DOCSIS,0,43104,MN
130228,DSL,0,3795538,MN
130228,FTTH,0,9189,MN
130228,FTTH,1,15554,MN
130235,DOCSIS,0,1070502,MN
130250,DSL,0,3423,MN
130250,FTTH,0,1275,MN
130250,Other,0,1287,MN
130258,DSL,0,495901,MN
130258,FTTH,1,5097,MN
130270,DSL,0,4526,MN
130283,FTTH,0,4851,MN
130317,DOCSIS,1,2407745,MN
130335,DSL,0,120881,MN
130338,DSL,0,24501,MN
130338,FTTH,0,31460,MN
130338,Other,0,14185,MN
130367,DOCSIS,0,522,MN
130367,DSL,0,1201,MN
130367,FTTH,0,1698,MN
130418,DSL,0,160526,MN
130454,FTTH,0,24463,MN
130494,DSL,0,299,MN
130494,FTTH,0,15722,MN
130494,FTTH,1,2058,MN
130494,Other,0,588,MN
130526,DSL,0,10190,MN
130526,FTTH,0,12848,MN
130527,DSL,0,5080,MN
130527,FTTH,0,3282,MN
130527,Other,0,73752,MN
130567,Other,0,227,MN
130583,DSL,0,1662,MN
130583,FTTH,0,3258,MN
130583,Other,0,9658,MN
130590,DSL,0,1944,MN
130590,Other,0,4739,MN
130606,DOCSIS,1,37978,MN
130606,FTTH,1,36808,MN
130606,Other,0,169810,MN
130627,DSL,0,14004,MN
130653,DSL,0,60219,MN
130653,FTTH,0,1335,MN
130653,FTTH,1,5786,MN
130662,DSL,0,2777,MN
130662,FTTH,0,717,MN
130678,DSL,0,2717,MN
130678,FTTH,0,861,MN
130686,DSL,0,15308,MN
130686,FTTH,1,8248,MN
130718,DSL,0,4439,MN
130728,FTTH,0,34,MN
130748,FTTH,0,981,MN
130767,DSL,0,1531,MN
130777,FTTH,0,1532,MN
130804,DOCSIS,0,44006,MN
130804,DOCSIS,1,445889,MN
130821,DOCSIS,0,2062,MN
130821,DOCSIS,1,285197,MN
130906,DOCSIS,0,9490,MN
130906,DSL,0,67323,MN
130944,DSL,0,77,MN
130956,DSL,0,400,MN
131009,DSL,0,27184,MN
131009,FTTH,0,2266,MN
131009,Other,0,3715,MN
131014,DSL,0,25590,MN
131014,FTTH,0,56131,MN
131014,Other,0,2230,MN
131056,DSL,0,336,MN
131056,FTTH,1,397,MN
131097,DSL,0,761,MN
131097,FTTH,0,3345,MN
131097,Other,0,10228,MN
131114,DSL,0,5,MN
131114,Other,0,5,MN
131116,DSL,0,62,MN
131116,Other,0,8571,MN
131122,DSL,0,0,MN
131122,Other,0,3874,MN
131133,DSL,0,532,MN
131139,DSL,0,6421,MN
131139,FTTH,0,5223,MN
131197,DOCSIS,0,23697,MN
131240,FTTH,0,2420,MN
131308,FTTH,0,0,MN
131308,FTTH,1,116,MN
131310,DSL,0,50460,MN
131310,FTTH,0,447,MN
131310,FTTH,1,13273,MN
131310,Other,0,1492511,MN
131401,DSL,0,2819,MN
131401,FTTH,0,1885,MN
131408,DSL,0,10741,MN
131408,Other,0,26561,MN
131413,DSL,0,103496,MN
131460,DSL,0,1055,MN
131460,FTTH,0,6736,MN
131482,DOCSIS,0,363,MN
131482,DSL,0,10222,MN
131482,FTTH,0,3253,MN
131482,Other,0,25790,MN
131494,DSL,0,743,MN
131494,FTTH,0,4491,MN
131506,FTTH,0,2773,MN
140048,Other,0,34123,MN
140059,DSL,0,264,MN
140059,FTTH,0,8541,MN
140097,DSL,0,12093,MN
140097,FTTH,0,1415,MN
140097,Other,0,0,MN
150266,DSL,0,10227,MN
150271,Other,0,2461,MN
150286,Other,0,30,MN
150320,FTTH,0,829,MN
190008,DOCSIS,0,3525,MN
190008,DSL,0,6738,MN
190207,DSL,0,3955,MN
190207,FTTH,0,56616,MN
190207,Other,0,15986,MN
190244,Other,0,301999,MN
190276,DSL,0,6636,MN
190323,DOCSIS,0,20005,MN
190325,Other,0,23917,MN
200032,DSL,0,132930,MN
200032,Other,0,2586365,MN
210052,Other,0,7338,MN
210060,Other,0,23162,MN
210075,DSL,0,997,MN
210101,DSL,0,201,MN
240056,Other,0,2400076,MN
260038,Other,0,196411,MN
270009,Other,0,97,MN
270028,Other,0,42025,MN
270052,Other,0,56446,MN
290005,Other,0,4702,MN
290006,Other,0,66989,MN
290113,FTTH,1,0,MN
290113,Other,0,882,MN
300015,DOCSIS,0,1647,MN
300031,FTTH,0,11629,MN
300040,FTTH,0,2628,MN
300111,Other,0,16534,MN
300149,FTTH,0,8151,MN
300171,DSL,0,194,MN
300171,Other,0,27,MN
310010,Other,0,5361,MN
310023,DOCSIS,0,44343,MN
310050,Other,0,72,MN
310094,FTTH,0,5135,MN
130077,DSL,0,2373512,MS
130077,FTTH,0,8940,MS
130127,DSL,0,353,MS
130137,DOCSIS,0,256463,MS
130148,DSL,0,3504,MS
130183,DOCSIS,0,564280,MS
130228,DSL,0,64668,MS
130228,FTTH,0,8323,MS
130235,DOCSIS,0,40660,MS
130258,DSL,0,13371,MS
130317,DOCSIS,1,912103,MS
130395,DSL,0,6574,MS
130553,Other,0,3385,MS
130804,DOCSIS,0,28558,MS
130804,DOCSIS,1,8324,MS
131226,DSL,0,9693,MS
131269,DOCSIS,1,73295,MS
131272,FTTH,0,903,MS
131302,DSL,0,39744,MS
131302,FTTH,0,1138,MS
131306,DOCSIS,0,15639,MS
131310,DSL,0,20517,MS
131310,FTTH,0,399,MS
131311,DSL,0,30225,MS
131311,FTTH,0,5821,MS
131363,DSL,0,451,MS
131363,FTTH,0,1754,MS
131413,DSL,0,34347,MS
131458,FTTH,0,41,MS
131458,Other,0,41,MS
140030,DSL,0,27235,MS
140030,FTTH,0,2293,MS
140030,Other,0,13702,MS
150309,DOCSIS,0,3069,MS
150323,Other,0,110,MS
150334,DOCSIS,0,26282,MS
150340,DSL,0,25131,MS
170040,DSL,0,10176,MS
170040,Other,0,4676,MS
230021,DOCSIS,0,53,MS
260032,Other,0,534,MS
260046,Other,0,2444,MS
270015,DOCSIS,0,28378,MS
270086,DSL,0,1275,MS
270086,FTTH,0,1165,MS
280071,Other,0,6456,MS
300171,DSL,0,37,MS
310035,Other,0,8506,MS
130012,Other,0,2894,MO
130043,FTTH,0,728,MO
130077,DSL,0,3668927,MO
130077,FTTH,0,48055,MO
130103,Other,0,43,MO
130124,DSL,0,30146,MO
130124,Other,0,12999,MO
130127,DSL,0,81,MO
130137,DOCSIS,1,348,MO
130183,DOCSIS,0,93701,MO
130228,DSL,0,1226828,MO
130228,FTTH,0,27517,MO
130228,FTTH,1,31261,MO
130234,DSL,0,9248,MO
130234,FTTH,0,15992,MO
130234,Other,0,34744,MO
130235,DOCSIS,0,462139,MO
130235,DOCSIS,1,1977281,MO
130263,DOCSIS,0,13310,MO
130263,DSL,0,7907,MO
130317,DOCSIS,1,315679,MO
130335,DOCSIS,0,19495,MO
130335,FTTH,1,478,MO
130364,DSL,0,6158,MO
130364,FTTH,0,2621,MO
130364,Other,0,17,MO
130418,DSL,0,77961,MO
130427,DOCSIS,0,1114,MO
130449,DSL,0,3594,MO
130471,DSL,0,41640,MO
130471,FTTH,0,2199,MO
130492,DSL,0,8220,MO
130492,Other,0,54682,MO
130497,DOCSIS,0,95756,MO
130497,DSL,0,26339,MO
130497,FTTH,0,346,MO
130558,DSL,0,9834,MO
130558,FTTH,0,9834,MO
130560,DSL,0,22283,MO
130560,FTTH,0,13874,MO
130570,DSL,0,7492,MO
130570,FTTH,0,3270,MO
130570,Other,0,12280,MO
130594,Other,0,268,MO
130631,FTTH,0,2390,MO
130631,Other,0,22,MO
130697,DSL,0,12179,MO
130697,FTTH,0,3627,MO
130697,Other,0,53564,MO
130728,Other,0,3,MO
130736,DSL,0,4429,MO
130736,Other,0,1413,MO
130781,DSL,0,13805,MO
130781,Other,0,58139,MO
130798,DSL,0,8880,MO
130798,FTTH,0,2526,MO
130804,DOCSIS,0,16157,MO
130804,DOCSIS,1,534380,MO
130829,Other,0,23899,MO
130833,Other,0,123414,MO
130940,DSL,0,8035,MO
130940,FTTH,0,7162,MO
130940,Other,0,3267,MO
130986,DSL,0,8843,MO
130986,FTTH,0,1502,MO
131019,DSL,0,1675,MO
131048,Other,0,1442416,MO
131126,DOCSIS,0,3589,MO
131126,DSL,0,2153,MO
131126,Other,0,8417,MO
131128,Other,0,407,MO
131176,DOCSIS,0,9240,MO
131177,DSL,0,22544,MO
131226,DOCSIS,0,2000,MO
131226,DSL,0,3976,MO
131226,Other,0,2183,MO
131269,DOCSIS,0,49810,MO
131269,DOCSIS,1,252396,MO
131303,DSL,0,2443,MO
131306,DOCSIS,0,70739,MO
131308,FTTH,1,0,MO
131310,DSL,0,2295,MO
131310,Other,0,33575,MO
131352,DOCSIS,0,697383,MO
131362,DSL,0,4294,MO
131394,Other,0,335,MO
131413,DSL,0,85765,MO
131612,DSL,0,0,MO
131612,FTTH,0,0,MO
131612,Other,0,0,MO
140018,DOCSIS,0,142307,MO
140032,DSL,0,741,MO
140048,Other,0,140,MO
140105,Other,0,1535869,MO
150206,DOCSIS,0,41,MO
150206,DOCSIS,1,95,MO
150237,FTTH,1,4208,MO
150296,DSL,0,7065,MO
150296,Other,0,25009,MO
150316,DSL,0,251204,MO
150316,FTTH,0,12842,MO
150327,FTTH,0,25151,MO
150327,Other,0,1099,MO
160146,FTTH,0,9511,MO
160157,DOCSIS,0,16227,MO
190036,DSL,0,9906,MO
190059,DOCSIS,0,16097,MO
190059,Other,0,7,MO
190192,DSL,0,43,MO
190399,Other,0,50249,MO
190416,Other,0,19743,MO
200025,Other,0,264,MO
210063,Other,0,0,MO
220032,Other,0,90,MO
220056,Other,0,23906,MO
240041,FTTH,1,482445,MO
240060,DSL,0,5775,MO
240099,Other,0,12970,MO
240105,Other,0,253371,MO
240106,Other,0,1128,MO
240115,Other,0,3,MO
250008,Other,0,6801,MO
250048,Other,0,16022,MO
250052,Other,0,689,MO
250066,Other,0,929,MO
250102,Other,0,967,MO
260027,Other,0,396,MO
260056,Other,0,84304,MO
260063,Other,0,75806,MO
270081,Other,0,29376,MO
280004,Other,0,444,MO
280007,Other,0,15995,MO
280013,Other,0,4387,MO
280017,FTTH,1,36356,MO
290097,Other,0,2435,MO
290097,Other,1,20,MO
290112,Other,0,65539,MO
300076,Other,0,123,MO
300087,FTTH,0,13608,MO
300090,Other,0,8468,MO
300126,Other,0,1152,MO
300178,DSL,0,3,MO
300178,Other,0,3746,MO
130002,DSL,0,31408,MT
130002,FTTH,0,11428,MT
130002,Other,0,12895,MT
130132,DSL,0,32863,MT
130132,Other,0,11728,MT
130228,DSL,0,691724,MT
130228,FTTH,0,1617,MT
130235,DOCSIS,0,597650,MT
130258,DSL,0,11780,MT
130575,Other,0,1773,MT
130622,DSL,0,1073,MT
130627,DSL,0,2259,MT
130653,FTTH,1,16,MT
130657,DSL,0,6256,MT
130657,FTTH,0,6256,MT
130744,DSL,0,1450,MT
130744,FTTH,0,57,MT
130826,DOCSIS,0,32715,MT
130826,DSL,0,64086,MT
130826,FTTH,0,6518,MT
130826,Other,0,1034,MT
130890,DSL,0,27764,MT
130890,FTTH,0,8267,MT
130890,Other,0,22350,MT
130945,DSL,0,2668,MT
130945,FTTH,0,1802,MT
131090,DSL,0,10566,MT
131090,FTTH,0,782,MT
131102,DSL,0,80,MT
131102,FTTH,1,91,MT
131129,DOCSIS,0,3,MT
131129,DSL,0,0,MT
131129,Other,0,3,MT
131231,DSL,0,825,MT
131231,FTTH,0,781,MT
131366,DOCSIS,0,1244,MT
131366,DSL,0,21,MT
131366,Other,0,164408,MT
131367,DSL,0,13017,MT
131367,FTTH,0,12734,MT
131367,Other,0,31185,MT
131404,DOCSIS,0,7526,MT
131404,Other,0,144984,MT
140055,Other,0,15555,MT
140101,FTTH,0,2,MT
150341,Other,0,1287,MT
190220,Other,0,4642,MT
190276,DSL,0,10,MT
190433,Other,0,183,MT
230025,Other,0,7240,MT
240011,DOCSIS,0,793,MT
240061,DSL,0,12553,MT
240061,FTTH,1,11273,MT
240061,Other,0,522,MT
240100,DOCSIS,0,37,MT
240109,DSL,0,216452,MT
240109,Other,0,173426,MT
250028,Other,0,5,MT
260015,Other,0,122989,MT
260050,Other,0,94141,MT
270063,DOCSIS,0,9,MT
270075,Other,0,96786,MT
290100,Other,0,13228,MT
300125,Other,0,47622,MT
300138,Other,0,56978,MT
300171,DSL,0,1834,MT
300171,Other,0,253,MT
320127,FTTH,0,658,MT
320127,Other,0,1808,MT
130010,DSL,0,44759,NE
130010,Other,0,66396,NE
130065,DOCSIS,0,771,NE
130065,DSL,0,4692,NE
130065,Other,0,76387,NE
130114,DSL,0,3401,NE
130114,FTTH,0,2261,NE
130114,Other,0,16975,NE
130144,FTTH,0,108,NE
130144,Other,0,620,NE
130183,DOCSIS,0,56276,NE
130228,DSL,0,855572,NE
130228,FTTH,0,298,NE
130228,FTTH,1,135411,NE
130235,DOCSIS,0,281940,NE
130258,DSL,0,79140,NE
130326,DSL,0,5284,NE
130326,Other,0,4583,NE
130360,DOCSIS,1,654249,NE
130361,DSL,0,2832,NE
130361,FTTH,0,2377,NE
130429,DOCSIS,0,18225,NE
130429,Other,0,7,NE
130546,DOCSIS,0,2040,NE
130546,DSL,0,2471,NE
130546,FTTH,0,21514,NE
130546,Other,0,137688,NE
130550,DSL,0,324,NE
130550,FTTH,0,105,NE
130569,DOCSIS,0,23355,NE
130569,DSL,0,48759,NE
130569,FTTH,0,1241,NE
130592,FTTH,0,2756,NE
130594,Other,0,23,NE
130602,DOCSIS,0,997,NE
130602,DSL,0,14342,NE
130602,FTTH,0,1877,NE
130602,Other,0,59331,NE
130603,FTTH,0,1667,NE
130603,Other,0,3318,NE
130605,DSL,0,1142,NE
130605,FTTH,0,682,NE
130605,Other,0,29761,NE
130621,DOCSIS,0,6,NE
130627,DSL,0,3269,NE
130663,Other,0,65660,NE
130679,DSL,0,958,NE
130679,FTTH,0,151,NE
130692,Other,0,465,NE
130757,DOCSIS,0,11896,NE
130757,DSL,0,2257,NE
130771,FTTH,0,5,NE
130887,DSL,0,10825,NE
130887,Other,0,191435,NE
130941,DSL,0,1201,NE
130941,FTTH,0,15917,NE
131021,Other,0,196,NE
131034,DOCSIS,0,238,NE
131034,Other,0,51,NE
131037,DSL,0,4555,NE
131043,DOCSIS,0,514,NE
131043,DSL,0,8399,NE
131043,FTTH,0,2458,NE
131043,FTTH,1,0,NE
131043,Other,0,72538,NE
131050,FTTH,0,2102,NE
131050,Other,0,203,NE
131141,DSL,0,18,NE
131141,FTTH,1,18,NE
131223,FTTH,0,6775,NE
131226,DOCSIS,0,19637,NE
131226,DSL,0,60302,NE
131226,Other,0,3258,NE
131250,FTTH,0,2466,NE
131308,DSL,0,0,NE
131340,DSL,0,17483,NE
131340,FTTH,0,768,NE
131349,DOCSIS,0,8809,NE
131349,DSL,0,1996,NE
131349,FTTH,0,1988,NE
131352,DOCSIS,0,358564,NE
131394,Other,0,598,NE
131404,FTTH,0,209,NE
131413,DSL,0,451473,NE
131461,DSL,0,2640,NE
131492,DOCSIS,0,337,NE
140048,Other,0,901214,NE
150250,DOCSIS,0,1592,NE
150250,DSL,0,767,NE
150250,FTTH,0,1119,NE
150250,Other,0,173228,NE
150266,DOCSIS,0,243,NE
150286,Other,0,67,NE
160127,DSL,0,12,NE
160157,DOCSIS,0,14409,NE
190150,DSL,0,14207,NE
190150,FTTH,1,5728,NE
190150,Other,0,18703,NE
190192,DSL,0,537,NE
190276,DSL,0,5075,NE
190504,DSL,0,76965,NE
190504,FTTH,1,76965,NE
210095,Other,0,4197,NE
220032,Other,0,368755,NE
230064,DSL,0,54530,NE
240089,FTTH,0,2,NE
240089,Other,0,8,NE
240300,DSL,0,11222,NE
240300,FTTH,0,963,NE
260050,Other,0,7538,NE
270074,FTTH,0,1056,NE
270074,Other,0,16582,NE
280066,Other,0,12616,NE
290041,Other,0,536,NE
290050,Other,0,1085641,NE
300037,Other,0,123088,NE
300192,DOCSIS,0,4974,NE
300192,DSL,0,5778,NE
310009,Other,0,0,NE
130077,DSL,0,541325,NV
130077,FTTH,0,8803,NV
130106,DSL,0,41,NV
130106,FTTH,1,59,NV
130106,Other,0,31,NV
130122,DSL,0,11,NV
130122,FTTH,0,0,NV
130206,DSL,0,109,NV
130206,FTTH,0,14874,NV
130228,DSL,0,1807961,NV
130228,FTTH,0,13817,NV
130228,FTTH,1,151832,NV
130235,DOCSIS,0,573032,NV
130252,DSL,0,18932,NV
130252,FTTH,0,13886,NV
130258,DSL,0,71320,NV
130360,DOCSIS,1,1833394,NV
130418,DSL,0,23466,NV
130509,FTTH,0,2035,NV
130653,DSL,0,488,NV
130653,FTTH,1,1330,NV
130743,DSL,0,5268,NV
130743,FTTH,0,4036,NV
130743,Other,0,4549,NV
130784,DSL,0,1880,NV
131016,Other,0,7899,NV
131123,DSL,0,1596,NV
131310,DOCSIS,0,13247,NV
140033,DSL,0,1246,NV
140033,FTTH,0,4,NV
140048,Other,0,261101,NV
150287,DSL,0,18812,NV
150287,FTTH,1,18812,NV
150287,Other,0,18812,NV
160127,DOCSIS,0,4300,NV
170054,Other,0,9103,NV
190192,DSL,0,735,NV
230017,Other,0,275015,NV
240014,DOCSIS,0,5766,NV
250100,Other,0,12650,NV
270113,Other,0,4230,NV
300137,Other,0,21220,NV
130081,DSL,0,5355,NH
130081,FTTH,0,313,NH
130122,DSL,0,2866,NH
130122,FTTH,0,60,NH
130122,FTTH,1,0,NH
130122,Other,0,0,NH
130149,DOCSIS,0,248,NH
130235,DOCSIS,0,22232,NH
130269,FTTH,0,1193,NH
130317,DOCSIS,1,901564,NH
130418,DSL,0,10871,NH
130420,DSL,0,4877,NH
130471,DSL,0,1186687,NH
130471,FTTH,0,113673,NH
130471,FTTH,1,178015,NH
130591,DOCSIS,0,154855,NH
131310,DSL,0,60356,NH
131310,FTTH,0,5881,NH
131310,FTTH,1,34886,NH
131352,DOCSIS,0,137973,NH
131406,DSL,0,2957,NH
131406,FTTH,0,119,NH
131513,DSL,0,563,NH
131517,DSL,0,25945,NH
131517,FTTH,0,17208,NH
150296,DSL,0,2224,NH
160127,DSL,0,110,NH
160127,FTTH,0,110,NH
300171,DSL,0,25,NH
300171,Other,0,71,NH
310083,FTTH,0,4125,NH
310083,FTTH,1,3,NH
310083,Other,0,2876,NH
130122,DSL,0,8,NJ
130127,DSL,0,7482,NJ
130228,DSL,0,323490,NJ
130228,FTTH,0,1583,NJ
130317,DOCSIS,1,4717326,NJ
130370,DOCSIS,1,3831228,NJ
130418,DSL,0,161286,NJ
130471,DSL,0,48,NJ
130548,DSL,0,34784,NJ
131308,FTTH,0,272,NJ
131308,FTTH,1,0,NJ
131352,DOCSIS,1,194831,NJ
131394,Other,0,251,NJ
131413,DSL,0,3513,NJ
131425,DSL,0,7374040,NJ
131425,FTTH,0,5440507,NJ
131513,DSL,0,2011,NJ
131902,DSL,0,15303,NJ
140080,DOCSIS,0,203096,NJ
190008,DSL,0,2930,NJ
190192,DSL,0,2,NJ
190336,Other,0,7,NJ
190414,DSL,0,244,NJ
210101,DSL,0,40080,NJ
210101,FTTH,1,516,NJ
260067,FTTH,1,2865,NJ
260067,Other,0,0,NJ
260067,Other,1,2759,NJ
300171,DSL,0,166,NJ
310005,DSL,0,1786,NJ
310090,DSL,0,4,NJ
130081,Other,0,22069,NM
130090,DSL,0,1180,NM
130090,FTTH,0,165,NM
130090,Other,0,7739,NM
130103,Other,0,6,NM
130122,DSL,0,1,NM
130127,DSL,0,167,NM
130183,DOCSIS,0,141127,NM
130228,DSL,0,1560362,NM
130228,FTTH,0,1267,NM
130228,FTTH,1,721,NM
130317,DOCSIS,1,1135210,NM
130400,DSL,0,521,NM
130400,FTTH,0,4,NM
130400,Other,0,414,NM
130418,DSL,0,73785,NM
130458,DSL,0,9679,NM
130458,FTTH,0,13392,NM
130458,FTTH,1,6913,NM
130458,Other,0,92546,NM
130471,DSL,0,370,NM
130627,DSL,0,5506,NM
130707,Other,0,20973,NM
130708,DSL,0,3008,NM
130708,FTTH,0,1565,NM
130708,Other,0,24,NM
130728,DSL,0,571,NM
130728,FTTH,0,1974,NM
130728,Other,0,14180,NM
130810,DSL,0,3507,NM
131016,Other,0,1070851,NM
131025,DOCSIS,0,17815,NM
131025,DSL,0,6112,NM
131025,FTTH,0,8458,NM
131025,Other,0,640440,NM
131131,DSL,0,2991,NM
131131,FTTH,0,16375,NM
131131,Other,0,20075,NM
131208,Other,0,260,NM
131226,DOCSIS,0,489,NM
131269,DOCSIS,1,39836,NM
131310,DOCSIS,0,142217,NM
131310,FTTH,0,0,NM
131352,DOCSIS,0,33485,NM
131383,DSL,0,9690,NM
131383,FTTH,0,32698,NM
131383,Other,0,23118,NM
131411,DSL,0,1363,NM
131411,FTTH,0,67,NM
131413,DSL,0,121557,NM
131513,DSL,0,71,NM
150313,DSL,0,26730,NM
150313,Other,0,26730,NM
160127,DSL,0,22632,NM
190192,DSL,0,85,NM
190276,DSL,0,486,NM
190506,DSL,0,38480,NM
190506,Other,0,26721,NM
240017,DOCSIS,0,13617,NM
240017,Other,0,13617,NM
250053,DSL,0,5698,NM
250053,Other,0,20899,NM
250053,Other,1,1,NM
250055,DSL,0,1217,NM
270078,Other,0,38497,NM
290025,Other,0,1054458,NM
290099,Other,0,32937,NM
300128,Other,0,715,NM
300171,DSL,0,120,NM
360123,Other,0,172,NM
130071,DSL,0,9054,NY
130079,DOCSIS,1,969878,NY
130079,FTTH,1,802184,NY
130122,DSL,0,448,NY
130122,Other,0,823,NY
130127,DSL,0,15059,NY
130228,DSL,0,121,NY
130235,DOCSIS,0,70078,NY
130238,DSL,0,8521,NY
130238,FTTH,0,3563,NY
130258,DSL,0,1429110,NY
130258,FTTH,1,18326,NY
130269,DOCSIS,0,2325,NY
130269,DSL,0,2241,NY
130269,FTTH,0,3582,NY
130317,DOCSIS,1,109956,NY
130369,FTTH,0,1832,NY
130370,DOCSIS,1,7926052,NY
130399,DSL,0,3219,NY
130399,FTTH,0,5324,NY
130418,DSL,0,231072,NY
130455,DSL,0,16227,NY
130455,FTTH,0,3638,NY
130455,FTTH,1,29213,NY
130458,DSL,0,1213,NY
130471,DOCSIS,0,17457,NY
130471,DSL,0,269381,NY
130538,DSL,0,5408,NY
130538,FTTH,0,3175,NY
130690,DOCSIS,0,1095,NY
130780,DOCSIS,0,8141,NY
130780,DSL,0,4249,NY
130912,DSL,0,7971,NY
130920,DSL,0,5035,NY
130920,FTTH,0,29448,NY
130976,DSL,0,8542,NY
130976,FTTH,0,160,NY
131013,DSL,0,3523,NY
131308,DSL,0,0,NY
131308,FTTH,0,46,NY
131310,DSL,0,45577,NY
131330,DSL,0,31725,NY
131330,FTTH,1,53525,NY
131331,Other,0,95,NY
131337,DSL,0,2477,NY
131339,DSL,0,12987,NY
131339,FTTH,0,102,NY
131352,DOCSIS,0,6067100,NY
131352,DOCSIS,1,5053467,NY
131378,DSL,0,20617,NY
131378,FTTH,0,35651,NY
131413,DSL,0,193935,NY
131425,DSL,0,15789321,NY
131425,FTTH,0,10355313,NY
131469,DSL,0,63706,NY
131481,FTTH,0,181,NY
131513,DSL,0,21190,NY
131902,DSL,0,25874,NY
150325,Other,0,95557,NY
170044,DSL,0,236,NY
190008,DOCSIS,0,4886,NY
190013,DOCSIS,0,175,NY
190069,DOCSIS,0,1821,NY
190069,FTTH,0,177,NY
190181,DOCSIS,0,24247,NY
190181,FTTH,0,1715,NY
190188,Other,0,449341,NY
190334,DOCSIS,0,5309,NY
190336,Other,0,4341,NY
190414,DSL,0,1010,NY
210063,Other,0,25,NY
210069,Other,0,577,NY
210095,Other,0,52,NY
210101,DSL,0,309925,NY
210101,FTTH,1,1217,NY
210101,Other,1,2649380,NY
240058,DOCSIS,0,62456,NY
240074,Other,0,842172,NY
240075,DOCSIS,0,52,NY
280001,DOCSIS,0,11591,NY
280001,DOCSIS,1,36,NY
290019,Other,0,27681,NY
290080,Other,0,1195,NY
300171,DSL,0,488,NY
310000,DSL,0,63289,NY
310000,FTTH,0,375,NY
310000,Other,0,156,NY
310059,Other,0,3074,NY
130077,DSL,0,4182383,NC
130077,FTTH,0,43672,NC
130077,FTTH,1,18293,NC
130082,DOCSIS,0,41995,NC
130082,DSL,0,65886,NC
130082,FTTH,1,20755,NC
130122,Other,0,44,NC
130127,DSL,0,375,NC
130175,DSL,0,163,NC
130175,Other,0,18,NC
130202,DOCSIS,0,49229,NC
130228,DSL,0,2942626,NC
130228,FTTH,0,27583,NC
130228,FTTH,1,34990,NC
130235,DOCSIS,0,1419818,NC
130258,DSL,0,604503,NC
130317,DOCSIS,1,7317,NC
130360,DOCSIS,1,1871,NC
130418,DSL,0,57229,NC
130448,DSL,0,5503,NC
130448,Other,0,18415,NC
130620,FTTH,0,45357,NC
130728,DSL,0,40,NC
130728,Other,0,22,NC
130804,DOCSIS,1,88039,NC
130927,DOCSIS,0,401,NC
130927,DSL,0,355,NC
130927,Other,0,8158,NC
130949,DSL,0,222397,NC
130949,FTTH,1,145480,NC
131042,DSL,0,5452,NC
131042,FTTH,0,127,NC
131089,DSL,0,4209,NC
131089,FTTH,0,37558,NC
131125,DSL,0,32127,NC
131199,DSL,0,50376,NC
131199,DSL,1,780,NC
131199,FTTH,1,45854,NC
131252,DSL,0,61091,NC
131252,FTTH,0,20023,NC
131255,DOCSIS,0,18095,NC
131255,FTTH,0,2886,NC
131255,Other,0,6153,NC
131269,DOCSIS,1,414584,NC
131283,DOCSIS,0,7846,NC
131283,DSL,0,50849,NC
131283,FTTH,0,21394,NC
131308,DSL,0,50,NC
131310,DSL,0,8617,NC
131310,Other,0,2504498,NC
131352,DOCSIS,0,6574425,NC
131370,DSL,0,4,NC
131370,FTTH,0,10511,NC
131370,Other,0,1364,NC
131413,DSL,0,860693,NC
131425,DSL,0,1411,NC
131486,DSL,0,141,NC
131486,FTTH,1,45674,NC
131516,DSL,0,83692,NC
131516,FTTH,0,60745,NC
150292,DOCSIS,0,44810,NC
160157,DOCSIS,0,11137,NC
170005,DOCSIS,0,158,NC
190008,DOCSIS,0,515,NC
190008,DSL,0,4045,NC
190008,FTTH,0,102,NC
190192,DSL,0,742,NC
190239,DOCSIS,0,100265,NC
190239,FTTH,0,744,NC
190252,Other,0,82328,NC
200029,DOCSIS,0,132242,NC
200029,FTTH,1,123001,NC
200066,Other,0,2423,NC
210019,FTTH,1,46374,NC
210046,Other,0,6723,NC
220016,DOCSIS,0,20791,NC
220078,DOCSIS,0,657,NC
230021,Other,0,0,NC
240022,DOCSIS,0,8173,NC
260043,FTTH,1,6970,NC
270086,DSL,0,0,NC
290004,Other,0,31,NC
290024,Other,0,38,NC
290040,Other,0,20875,NC
290080,Other,0,847,NC
290081,Other,0,20764,NC
300053,Other,0,140969,NC
310013,FTTH,0,12304,NC
310021,FTTH,1,37743,NC
130005,DSL,0,93,ND
130108,FTTH,1,22247,ND
130183,DOCSIS,0,132872,ND
130184,DOCSIS,0,22947,ND
130228,DSL,0,330526,ND
130228,FTTH,0,996,ND
130335,DSL,0,11229,ND
130335,FTTH,0,5417,ND
130337,DOCSIS,0,18326,ND
130337,DSL,0,932,ND
130337,FTTH,0,34981,ND
130337,Other,0,34171,ND
130387,FTTH,0,24358,ND
130387,Other,0,1166,ND
130405,FTTH,1,18958,ND
130405,Other,0,34423,ND
130583,DSL,0,1670,ND
130583,FTTH,0,2729,ND
130583,Other,0,2838,ND
130627,DSL,0,515,ND
130653,DSL,0,148,ND
130653,FTTH,1,56,ND
130673,DSL,0,23,ND
130673,Other,0,179,ND
130821,DOCSIS,1,318744,ND
130826,DOCSIS,0,28,ND
130826,DSL,0,28,ND
130827,DSL,0,3360,ND
130856,DOCSIS,0,1673,ND
130856,DSL,0,1149,ND
130856,FTTH,0,3761,ND
130885,DSL,0,10162,ND
130885,FTTH,0,20908,ND
130885,Other,0,83,ND
130890,DSL,0,17608,ND
130890,FTTH,0,10895,ND
130890,Other,0,18372,ND
130950,DSL,0,5644,ND
130950,FTTH,0,2314,ND
130950,Other,0,3667,ND
131056,DSL,0,4844,ND
131056,FTTH,1,12796,ND
131056,Other,0,23179,ND
131097,DSL,0,2429,ND
131097,FTTH,0,4263,ND
131097,Other,0,10632,ND
131102,DSL,0,10637,ND
131102,FTTH,1,12976,ND
131122,DSL,0,104,ND
131246,DSL,0,60085,ND
131246,FTTH,1,7802,ND
131407,DSL,0,21525,ND
131407,FTTH,0,17049,ND
131407,Other,0,6220,ND
131408,DSL,0,31136,ND
131408,FTTH,1,792,ND
131408,Other,0,69529,ND
131413,DSL,0,28,ND
131422,FTTH,0,47,ND
131465,DSL,0,23189,ND
131465,FTTH,0,3343,ND
131465,Other,0,1065,ND
131482,Other,0,5,ND
140101,FTTH,0,94,ND
150271,Other,0,13307,ND
190276,DSL,0,3031,ND
250062,Other,0,198,ND
300171,Other,0,133,ND
300190,DSL,0,4725,ND
300190,FTTH,0,692,ND
310050,Other,0,471,ND
130059,Other,0,452737,OH
130071,DOCSIS,0,316718,OH
130073,DSL,0,3381,OH
130073,FTTH,0,3381,OH
130077,DSL,0,5898990,OH
130077,FTTH,0,33403,OH
130087,DSL,0,2506,OH
130098,FTTH,0,10530,OH
130098,Other,0,94679,OH
130116,DSL,0,1809,OH
130116,FTTH,0,1609,OH
130116,Other,0,1407913,OH
130122,DSL,0,35,OH
130127,DSL,0,9,OH
130137,DOCSIS,1,512331,OH
130228,DSL,0,1333669,OH
130228,FTTH,0,6160,OH
130254,DOCSIS,0,20338,OH
130254,DSL,0,1089890,OH
130254,FTTH,1,550779,OH
130258,DSL,0,1570253,OH
130258,FTTH,1,126,OH
130282,DOCSIS,0,25674,OH
130282,FTTH,0,25674,OH
130316,Other,0,254147,OH
130317,DOCSIS,1,161155,OH
130360,DOCSIS,1,250403,OH
130416,DOCSIS,0,10339,OH
130416,DSL,0,10412,OH
130416,FTTH,0,8712,OH
130418,DSL,0,156517,OH
130471,DOCSIS,0,48236,OH
130471,DSL,0,65430,OH
130481,DSL,0,1213,OH
130481,Other,0,70635,OH
130511,Other,0,20485,OH
130543,DOCSIS,0,2761,OH
130543,DSL,0,2746,OH
130619,DSL,0,86620,OH
130681,DSL,0,3785,OH
130788,DOCSIS,0,165124,OH
130796,FTTH,0,1920,OH
130804,DOCSIS,0,2468,OH
130804,DOCSIS,1,5749,OH
130847,DSL,0,9080,OH
130903,DOCSIS,0,21216,OH
130903,DSL,0,2575,OH
130903,Other,0,17305,OH
130914,Other,0,10476,OH
130956,DSL,0,4169,OH
130986,DSL,0,225,OH
130986,FTTH,0,225,OH
131183,DSL,0,382,OH
131183,FTTH,0,2757,OH
131225,DSL,0,145,OH
131269,DOCSIS,0,32422,OH
131269,DOCSIS,1,52694,OH
131290,DSL,0,5523,OH
131290,FTTH,0,3488,OH
131308,FTTH,0,0,OH
131308,FTTH,1,278,OH
131310,DSL,0,18968,OH
131329,DSL,0,41435,OH
131329,FTTH,0,41435,OH
131332,DOCSIS,0,12859,OH
131332,DSL,0,5918,OH
131342,FTTH,0,3190,OH
131344,DOCSIS,0,4984,OH
131344,DSL,0,398,OH
131344,FTTH,0,1591,OH
131352,DOCSIS,0,9203495,OH
131413,DSL,0,593188,OH
131418,DSL,0,1206,OH
131444,DSL,0,3022,OH
131444,FTTH,0,22198,OH
131444,Other,0,62763,OH
131480,DOCSIS,0,1485684,OH
131482,DSL,0,101,OH
140036,DSL,0,2227,OH
140036,FTTH,0,4030,OH
140064,Other,0,711054,OH
150119,DSL,0,799,OH
150225,DSL,0,2889,OH
150225,FTTH,0,2889,OH
150266,DOCSIS,0,12229,OH
150266,DSL,0,13486,OH
150266,FTTH,0,14107,OH
150270,Other,0,36223,OH
160135,FTTH,0,1,OH
160157,DOCSIS,0,9688,OH
170047,Other,0,18687,OH
170048,Other,0,925,OH
180038,Other,0,69034,OH
190071,DOCSIS,0,6767,OH
190118,DSL,0,6578,OH
190208,Other,0,24126,OH
190263,Other,0,5698,OH
190289,Other,0,4922,OH
190320,Other,0,37781,OH
190335,Other,0,1879,OH
210023,Other,0,187996,OH
210042,Other,0,886,OH
210069,Other,0,39,OH
220078,DOCSIS,0,2443,OH
230021,Other,0,0,OH
240012,DOCSIS,0,8947,OH
240065,DOCSIS,0,21446,OH
240065,FTTH,0,809,OH
240077,DOCSIS,0,3511,OH
240101,DOCSIS,0,3300,OH
240102,DOCSIS,0,12902,OH
260004,Other,0,45738,OH
270086,DSL,0,215,OH
290002,DOCSIS,0,77,OH
290004,Other,0,248,OH
290039,Other,0,2903,OH
290086,Other,0,15962,OH
290090,Other,0,153,OH
300045,Other,0,12203,OH
300065,Other,0,38998,OH
300124,Other,0,12292,OH
300171,DSL,0,149,OH
300171,Other,0,144,OH
300191,DSL,0,439,OH
300196,Other,0,8676,OH
310006,Other,0,227,OH
310060,Other,0,2694,OH
310082,Other,0,203,OH
130077,DSL,0,2341551,OK
130077,FTTH,0,78787,OK
130083,DSL,0,2127,OK
130107,DSL,0,5128,OK
130127,DSL,0,20,OK
130130,DSL,1,24971,OK
130130,FTTH,1,9010,OK
130168,DOCSIS,0,8136,OK
130183,DOCSIS,0,263273,OK
130195,DSL,0,3100,OK
130201,DSL,0,3055,OK
130226,DSL,0,10128,OK
130226,FTTH,0,1420,OK
130226,Other,0,13005,OK
130228,DSL,0,2370,OK
130240,DSL,0,10108,OK
130245,DSL,0,70349,OK
130315,DSL,0,5291,OK
130360,DOCSIS,1,1698125,OK
130364,DSL,0,303,OK
130366,DSL,0,19389,OK
130366,FTTH,0,4131,OK
130366,Other,0,215,OK
130425,DSL,0,34200,OK
130460,DSL,0,126,OK
130471,DSL,0,15178,OK
130497,DOCSIS,0,83006,OK
130561,DSL,0,6629,OK
130561,FTTH,0,2091,OK
130614,DSL,0,8835,OK
130614,Other,0,40863,OK
130684,FTTH,0,1732,OK
130684,Other,0,35512,OK
130725,FTTH,0,3162,OK
130728,FTTH,0,28,OK
130794,DSL,0,35784,OK
130794,FTTH,0,14227,OK
130973,DSL,0,8207,OK
131007,DSL,0,15486,OK
131007,FTTH,0,2267,OK
131007,Other,0,28760,OK
131016,Other,0,733,OK
131039,DSL,0,13635,OK
131039,FTTH,0,4945,OK
131039,Other,0,13635,OK
131045,DSL,0,117906,OK
131045,FTTH,0,18247,OK
131045,Other,0,108691,OK
131152,DSL,0,20837,OK
131162,DSL,0,72,OK
131162,FTTH,0,1451,OK
131177,DSL,0,4351,OK
131177,FTTH,1,1692,OK
131184,DSL,0,2038,OK
131218,DSL,0,37,OK
131218,FTTH,0,477,OK
131233,DSL,0,1577,OK
131233,Other,0,148639,OK
131269,DOCSIS,0,146705,OK
131269,DOCSIS,1,184415,OK
131295,DOCSIS,0,14,OK
131308,FTTH,1,0,OK
131310,DSL,0,51407,OK
131310,FTTH,0,1290,OK
131310,Other,0,663509,OK
131320,Other,0,41666,OK
131359,DSL,0,7020,OK
131359,Other,0,6909,OK
131395,DSL,0,97,OK
131412,DSL,0,4600,OK
131412,Other,0,50766,OK
131413,DSL,0,280884,OK
140048,Other,0,401050,OK
150206,DOCSIS,0,109674,OK
150206,DOCSIS,1,121084,OK
150227,DOCSIS,0,7047,OK
150334,DOCSIS,0,23469,OK
190083,Other,0,244,OK
190232,Other,0,47872,OK
190233,DOCSIS,0,2620,OK
190233,DSL,0,2039,OK
190233,FTTH,0,2812,OK
190233,Other,0,31490,OK
230021,Other,0,265,OK
240003,Other,0,121598,OK
240099,Other,0,62503,OK
250014,Other,0,113714,OK
250048,Other,0,15281,OK
250099,Other,0,2339,OK
270081,Other,0,72,OK
270085,Other,0,731,OK
280009,Other,0,28959,OK
290004,Other,0,24322,OK
290004,Other,1,56,OK
290061,FTTH,0,3412,OK
290106,Other,0,82543,OK
300008,Other,0,24594,OK
300106,Other,0,350,OK
300120,Other,0,156735,OK
300171,Other,0,9,OK
310009,Other,0,3285,OK
310066,Other,0,2708,OK
310088,Other,0,2708,OK
130086,DSL,0,18551,OR
130086,FTTH,0,0,OR
130086,Other,0,24345,OR
130104,DSL,0,16691,OR
130104,FTTH,0,1229,OR
130127,DSL,0,5,OR
130183,DOCSIS,0,20613,OR
130196,DSL,0,18579,OR
130196,FTTH,0,837,OR
130196,FTTH,1,14206,OR
130206,DSL,0,17119,OR
130206,FTTH,0,6856,OR
130228,DSL,0,2528252,OR
130228,FTTH,0,1249,OR
130228,FTTH,1,44511,OR
130235,DOCSIS,0,693008,OR
130258,DSL,0,885191,OR
130258,FTTH,1,628552,OR
130289,DOCSIS,0,10515,OR
130289,DSL,0,10515,OR
130312,DSL,0,2914,OR
130312,FTTH,0,1012,OR
130317,DOCSIS,1,2181484,OR
130418,DSL,0,99675,OR
130431,DSL,0,485,OR
130431,FTTH,0,384,OR
130539,DSL,0,4649,OR
130539,FTTH,0,18126,OR
130601,DSL,0,418,OR
130627,DSL,0,10029,OR
130653,DSL,0,4030,OR
130653,FTTH,0,3,OR
130653,FTTH,1,35132,OR
130672,DOCSIS,0,622,OR
130784,DSL,0,953,OR
130831,Other,0,381,OR
130850,DSL,0,4215,OR
130850,FTTH,1,14443,OR
130852,DSL,0,2902,OR
130852,FTTH,0,2902,OR
130854,DSL,0,5322,OR
130854,FTTH,0,1768,OR
130986,DSL,0,5536,OR
130986,FTTH,0,8661,OR
130986,Other,0,4683,OR
131046,DSL,0,20907,OR
131123,DSL,0,1104,OR
131123,FTTH,0,183,OR
131130,DSL,0,1603,OR
131168,FTTH,0,4048,OR
131248,DSL,0,1828,OR
131248,FTTH,0,1828,OR
131259,DSL,0,15875,OR
131259,FTTH,0,12137,OR
131310,DOCSIS,0,136432,OR
131310,DSL,0,0,OR
131413,DSL,0,558,OR
131454,DOCSIS,1,187368,OR
131513,DSL,0,193,OR
140048,Other,0,107,OR
150241,DSL,0,37371,OR
150245,Other,0,0,OR
150330,Other,0,12341,OR
150336,Other,0,158710,OR
160127,FTTH,0,1979,OR
160127,Other,0,43991,OR
170066,FTTH,0,18637,OR
170098,DOCSIS,0,15152,OR
170098,DSL,0,16478,OR
170098,FTTH,0,1390,OR
170098,FTTH,1,0,OR
170098,Other,0,2672,OR
180006,DOCSIS,0,5288,OR
190073,DOCSIS,0,27276,OR
190104,DSL,0,949,OR
190104,FTTH,0,10037,OR
190126,FTTH,0,48565,OR
190130,DSL,0,20973,OR
190130,FTTH,0,29,OR
190130,Other,0,14631,OR
190276,DSL,0,4930,OR
190276,FTTH,0,47,OR
200027,DSL,0,28023,OR
200027,FTTH,0,1513,OR
200027,Other,0,485961,OR
200039,FTTH,1,305,OR
210020,Other,0,14256,OR
220030,FTTH,0,12,OR
220030,Other,0,5387,OR
220079,DOCSIS,0,4102,OR
220079,DSL,0,35907,OR
220079,FTTH,1,11638,OR
220079,Other,0,43551,OR
240036,Other,0,62106,OR
250003,Other,0,1228,OR
250080,Other,0,7780,OR
260070,Other,0,3444,OR
270011,Other,0,509784,OR
270027,Other,0,14647,OR
290077,DOCSIS,0,774,OR
290077,DSL,0,50620,OR
290077,FTTH,0,310,OR
290077,FTTH,1,1,OR
290108,Other,0,4123,OR
290118,Other,0,175276,OR
300056,FTTH,1,2205,OR
300093,Other,0,1003,OR
300143,Other,0,381108,OR
300144,Other,0,14490,OR
320127,Other,0,29294,OR
130071,DOCSIS,0,481997,PA
130071,DSL,0,6382,PA
130079,DOCSIS,1,762504,PA
130079,FTTH,1,503098,PA
130127,DSL,0,5439,PA
130132,Other,0,0,PA
130137,DOCSIS,1,0,PA
130228,DSL,0,759861,PA
130228,FTTH,0,4232,PA
130258,DSL,0,814690,PA
130258,FTTH,1,435,PA
130264,DOCSIS,0,18811,PA
130264,DSL,0,61,PA
130264,FTTH,0,19154,PA
130265,DSL,0,49,PA
130317,DOCSIS,1,8745770,PA
130335,DSL,0,90642,PA
130335,FTTH,0,9148,PA
130370,DOCSIS,1,5267,PA
130418,DSL,0,128057,PA
130455,DSL,0,8934,PA
130455,FTTH,0,2562,PA
130455,FTTH,1,12439,PA
130471,DOCSIS,0,44924,PA
130471,DSL,0,49980,PA
130591,DOCSIS,0,70067,PA
130609,DSL,0,503,PA
130609,FTTH,0,6245,PA
130634,Other,0,13946,PA
130667,DSL,0,36081,PA
130721,DSL,0,4774,PA
130721,FTTH,0,17747,PA
130721,Other,0,219,PA
130761,DSL,0,4720,PA
131026,DOCSIS,0,1818381,PA
131026,DSL,0,27625,PA
131026,FTTH,1,1818381,PA
131027,DSL,0,130,PA
131113,FTTH,0,262,PA
131303,DSL,0,35,PA
131308,FTTH,0,223,PA
131310,DSL,0,11503,PA
131337,DSL,0,239,PA
131341,DSL,0,22692,PA
131352,DOCSIS,0,371285,PA
131362,DSL,0,6883,PA
131413,DSL,0,786764,PA
131423,DSL,0,209,PA
131423,FTTH,0,209,PA
131425,DSL,0,8506609,PA
131425,FTTH,0,4618089,PA
131481,FTTH,0,0,PA
131513,DSL,0,568,PA
140080,DOCSIS,0,1142270,PA
150261,Other,0,334,PA
160157,DOCSIS,0,45892,PA
170005,DOCSIS,0,15970,PA
170048,Other,0,125,PA
190013,DOCSIS,0,1692,PA
190046,DOCSIS,0,19760,PA
190094,DOCSIS,0,12759,PA
190123,Other,0,0,PA
190218,DOCSIS,0,59679,PA
190265,DOCSIS,0,17911,PA
190265,FTTH,1,18544,PA
190265,Other,0,4430,PA
190414,DSL,0,727,PA
200048,DOCSIS,0,7369,PA
220027,Other,0,264,PA
220028,DSL,0,1911,PA
220052,FTTH,1,2825,PA
230026,DOCSIS,0,1020,PA
240047,Other,0,3147,PA
240102,DOCSIS,0,7624,PA
270045,Other,0,237307,PA
280001,DOCSIS,0,443419,PA
280010,FTTH,0,7797,PA
290003,Other,0,115340,PA
290052,Other,0,14874,PA
290078,DOCSIS,0,0,PA
300027,Other,0,220073,PA
300139,FTTH,1,8740,PA
300171,DSL,0,252,PA
300191,DSL,0,857,PA
300196,Other,0,138,PA
310090,DSL,0,1169,PA
130149,DOCSIS,0,67,RI
130317,DOCSIS,1,329,RI
130360,DOCSIS,1,1023529,RI
130418,DSL,0,10116,RI
130520,DOCSIS,0,49612,RI
131425,DSL,0,872629,RI
131425,FTTH,0,891276,RI
131513,DSL,0,107,RI
290004,Other,0,161,RI
130077,DSL,0,2608755,SC
130077,FTTH,0,17966,SC
130127,DSL,0,596,SC
130149,DOCSIS,0,23,SC
130228,DSL,0,195576,SC
130228,FTTH,0,1475,SC
130235,DOCSIS,0,1125661,SC
130241,DOCSIS,0,12558,SC
130241,DSL,0,12310,SC
130242,DOCSIS,0,53735,SC
130242,DSL,0,43323,SC
130242,FTTH,0,6435,SC
130258,DSL,0,331907,SC
130258,FTTH,0,12602,SC
130317,DOCSIS,1,565642,SC
130472,Other,0,0,SC
130490,DSL,0,191647,SC
130490,FTTH,1,45434,SC
130589,DOCSIS,0,7087,SC
130589,DSL,0,57523,SC
130589,FTTH,0,22338,SC
130591,DOCSIS,0,13331,SC
130617,DOCSIS,0,10404,SC
130617,DOCSIS,1,26629,SC
130617,DSL,0,35898,SC
130617,FTTH,1,38621,SC
130620,DOCSIS,0,178335,SC
130620,DSL,0,212753,SC
130620,FTTH,0,93382,SC
131005,DSL,0,25890,SC
131005,FTTH,0,8389,SC
131036,DSL,0,25866,SC
131125,DOCSIS,0,257955,SC
131125,DSL,0,274239,SC
131125,FTTH,0,91878,SC
131158,DSL,0,35372,SC
131310,DSL,0,30302,SC
131310,Other,0,142940,SC
131352,DOCSIS,0,1616146,SC
131394,Other,0,0,SC
131413,DSL,0,140774,SC
131459,DSL,0,11788,SC
131459,FTTH,0,28058,SC
131480,DOCSIS,0,260628,SC
150292,DOCSIS,0,143976,SC
220046,Other,0,21443,SC
240088,DOCSIS,0,17108,SC
270086,DSL,0,20,SC
280001,DOCSIS,0,37909,SC
280001,DOCSIS,1,97528,SC
300039,Other,0,504,SC
300053,Other,0,57727,SC
130040,FTTH,0,24344,SD
130118,DSL,0,2101,SD
130183,DOCSIS,0,6192,SD
130228,DSL,0,452602,SD
130228,FTTH,0,1148,SD
130228,FTTH,1,115,SD
130243,DSL,0,5779,SD
130271,DSL,0,22010,SD
130271,FTTH,0,22010,SD
130274,DSL,0,422,SD
130274,FTTH,0,214,SD
130325,Other,0,71,SD
130337,DSL,0,222,SD
130337,FTTH,0,232,SD
130337,Other,0,350,SD
130405,FTTH,1,312,SD
130494,FTTH,1,45,SD
130494,Other,0,87,SD
130550,DOCSIS,0,53080,SD
130550,DSL,0,95271,SD
130550,FTTH,0,32993,SD
130569,FTTH,0,31,SD
130627,DSL,0,969,SD
130662,DSL,0,14137,SD
130662,FTTH,0,22130,SD
130673,DSL,0,34099,SD
130673,FTTH,0,5458,SD
130673,Other,0,49539,SD
130691,DSL,0,1616,SD
130691,FTTH,0,1612,SD
130757,DOCSIS,0,4276,SD
130757,DSL,0,2869,SD
130797,FTTH,0,5863,SD
130804,DOCSIS,0,508,SD
130804,DOCSIS,1,34753,SD
130821,DOCSIS,1,445256,SD
130828,DSL,0,3087,SD
130828,FTTH,0,10345,SD
130941,FTTH,0,30,SD
131009,DSL,0,611,SD
131090,DSL,0,217,SD
131090,FTTH,0,177,SD
131122,DSL,0,4767,SD
131122,FTTH,0,422,SD
131122,Other,0,46372,SD
131163,DSL,0,9048,SD
131163,FTTH,0,19338,SD
131163,Other,0,37831,SD
131349,FTTH,0,41,SD
131394,Other,0,1086,SD
131409,DSL,0,1619,SD
131409,FTTH,0,3183,SD
131413,DSL,0,468,SD
131422,DSL,0,10905,SD
131422,FTTH,0,25713,SD
131465,DSL,0,7047,SD
140048,Other,0,224108,SD
140101,FTTH,0,4178,SD
150266,DSL,0,7531,SD
150286,Other,0,11209,SD
160113,Other,0,26794,SD
190150,FTTH,1,2151,SD
190150,Other,0,7491,SD
190244,Other,0,3566,SD
190276,DSL,0,14538,SD
190325,Other,0,300005,SD
190326,Other,0,77,SD
250057,Other,0,1272,SD
250062,Other,0,49679,SD
260050,Other,0,49208,SD
270099,Other,0,61578,SD
280037,Other,0,3909,SD
290023,Other,0,23250,SD
290041,Other,0,7370,SD
300171,DSL,0,163,SD
300171,Other,0,0,SD
300194,Other,0,1979,SD
310023,DOCSIS,0,240487,SD
130068,DSL,0,7687,TN
130077,DSL,0,4429763,TN
130077,FTTH,0,37430,TN
130112,DSL,0,86839,TN
130112,FTTH,0,16060,TN
130127,DSL,0,1596,TN
130136,DSL,0,28932,TN
130136,FTTH,0,3000,TN
130146,Other,0,162409,TN
130183,DOCSIS,0,29841,TN
130228,DSL,0,494725,TN
130228,FTTH,0,466,TN
130235,DOCSIS,0,1767469,TN
130258,DSL,0,211394,TN
130258,FTTH,1,894,TN
130317,DOCSIS,0,498,TN
130317,DOCSIS,1,3532206,TN
130396,DSL,0,47018,TN
130396,FTTH,0,5415,TN
130418,DSL,0,38339,TN
130427,DOCSIS,0,54657,TN
130427,DSL,0,62173,TN
130491,DOCSIS,0,130,TN
130647,Other,0,3006,TN
130648,DOCSIS,0,18975,TN
130667,DSL,0,54,TN
130762,DSL,0,16408,TN
130804,DOCSIS,0,1072,TN
130804,DOCSIS,1,21603,TN
130929,DSL,0,30935,TN
130929,FTTH,0,23733,TN
130929,FTTH,1,146,TN
131035,DOCSIS,0,895,TN
131170,DSL,0,10,TN
131170,FTTH,0,92,TN
131199,DSL,0,27,TN
131199,FTTH,1,874,TN
131310,DSL,0,213688,TN
131310,FTTH,0,636,TN
131310,FTTH,1,152864,TN
131311,DSL,0,26846,TN
131311,FTTH,0,583,TN
131352,DOCSIS,0,53458,TN
131365,DSL,0,251,TN
131384,DSL,0,79166,TN
131384,FTTH,1,20038,TN
131396,DSL,0,73293,TN
131396,FTTH,0,10799,TN
131413,DSL,0,29309,TN
131462,FTTH,1,10874,TN
131480,DOCSIS,0,140117,TN
131611,DSL,0,44436,TN
131611,FTTH,0,44254,TN
140001,DOCSIS,0,3805,TN
150206,DOCSIS,0,11656,TN
150206,DOCSIS,1,15908,TN
150258,DOCSIS,0,4521,TN
150258,DSL,0,5,TN
160108,FTTH,1,156823,TN
160116,Other,0,54321,TN
160157,DOCSIS,0,1725,TN
170058,FTTH,0,76235,TN
190008,DOCSIS,0,330,TN
190008,DSL,0,1996,TN
190015,DOCSIS,0,3335,TN
190015,DSL,0,17738,TN
190015,FTTH,0,30171,TN
190025,Other,0,299055,TN
190045,Other,0,1863,TN
190123,Other,0,10,TN
190134,FTTH,1,330811,TN
190304,FTTH,0,197,TN
190503,Other,0,10360,TN
200068,Other,0,14365,TN
220007,Other,0,2838,TN
230021,Other,0,193,TN
240094,DOCSIS,0,38,TN
250012,Other,0,2855,TN
250078,DOCSIS,0,7521,TN
260009,DOCSIS,0,32002,TN
260026,Other,0,1694417,TN
270086,DSL,0,173,TN
280067,Other,0,11914,TN
280067,Other,1,4978,TN
280072,Other,0,682,TN
290103,Other,0,13281,TN
300011,Other,0,102884,TN
300073,Other,0,41399,TN
300171,DSL,0,197,TN
130034,DOCSIS,0,283,TX
130034,DSL,0,5129,TX
130034,FTTH,0,29626,TX
130034,Other,0,257,TX
130061,Other,0,6664,TX
130077,DSL,0,16237878,TX
130077,FTTH,0,580179,TX
130077,FTTH,1,296993,TX
130079,DOCSIS,0,28127,TX
130079,DOCSIS,1,1012131,TX
130079,DSL,0,69240,TX
130079,FTTH,0,6312,TX
130079,FTTH,1,13161,TX
130105,Other,0,2003,TX
130123,DSL,0,19068,TX
130123,FTTH,0,434,TX
130123,Other,0,41313,TX
130127,DSL,0,2933,TX
130141,DSL,0,1033,TX
130141,FTTH,0,2699,TX
130152,DSL,0,12564,TX
130153,DSL,0,10298,TX
130183,DOCSIS,0,364832,TX
130199,DSL,0,8637,TX
130199,FTTH,0,2366,TX
130199,Other,0,741,TX
130227,DSL,0,12100,TX
130227,FTTH,0,2561,TX
130227,Other,0,171641,TX
130228,DSL,0,930684,TX
130228,FTTH,0,25691,TX
130235,DOCSIS,0,2072878,TX
130307,DSL,0,2953,TX
130307,FTTH,0,1575,TX
130307,Other,0,7887,TX
130311,DSL,0,13473,TX
130311,Other,0,24157,TX
130315,DSL,0,12062,TX
130315,Other,0,41876,TX
130317,DOCSIS,1,4837826,TX
130327,DSL,0,3634,TX
130335,DSL,0,269106,TX
130335,FTTH,0,51029,TX
130375,DSL,0,6918,TX
130375,FTTH,0,1709,TX
130380,DSL,0,10873,TX
130380,FTTH,0,3,TX
130400,DSL,0,725,TX
130400,FTTH,0,4386,TX
130400,Other,0,12471,TX
130418,DSL,0,315700,TX
130425,DSL,0,30,TX
130440,DSL,0,77347,TX
130458,DSL,0,133,TX
130458,FTTH,0,1373,TX
130459,DOCSIS,1,475548,TX
130459,FTTH,1,475548,TX
130464,DSL,0,38549,TX
130464,Other,0,10354,TX
130471,DSL,0,8,TX
130497,DOCSIS,0,49399,TX
130502,DSL,0,2941,TX
130502,FTTH,0,8918,TX
130502,Other,0,15643,TX
130524,DSL,0,4537,TX
130524,FTTH,0,105,TX
130540,DOCSIS,0,27250,TX
130578,DOCSIS,0,14998,TX
130578,DSL,0,100743,TX
130578,FTTH,1,102856,TX
130612,DSL,0,28631,TX
130612,FTTH,0,5042,TX
130645,DSL,0,5442,TX
130653,FTTH,1,0,TX
130710,DSL,0,2095,TX
130710,FTTH,0,290,TX
130712,DSL,0,11679,TX
130728,Other,0,1721,TX
130747,DSL,0,4457,TX
130825,DSL,0,6859,TX
130841,DOCSIS,0,69166,TX
130841,DSL,0,67367,TX
130841,FTTH,0,22330,TX
130841,Other,0,76760,TX
130925,DOCSIS,0,6555,TX
130925,DSL,0,5649,TX
130925,FTTH,0,1147,TX
130925,Other,0,11472,TX
131007,DOCSIS,0,5287,TX
131007,DSL,0,9691,TX
131007,FTTH,0,0,TX
131007,Other,0,38966,TX
131011,DSL,0,10479,TX
131011,Other,0,1570,TX
131016,Other,0,284853,TX
131025,Other,0,21709,TX
131031,DSL,0,54452,TX
131031,Other,0,96636,TX
131055,DSL,0,3924,TX
131055,FTTH,0,2834,TX
131117,DSL,0,2433,TX
131117,Other,0,5359,TX
131128,Other,0,0,TX
131162,DSL,0,1159,TX
131162,FTTH,0,18734,TX
131162,Other,0,1256,TX
131206,DSL,0,20421,TX
131206,FTTH,0,7451,TX
131206,FTTH,1,2987,TX
131206,Other,0,2933,TX
131221,DSL,0,8042,TX
131221,FTTH,0,7162,TX
131226,DSL,0,20239,TX
131226,Other,0,48648,TX
131232,FTTH,0,1324,TX
131233,Other,0,265,TX
131234,DSL,0,6957,TX
131234,Other,0,139,TX
131269,DOCSIS,0,696154,TX
131269,DOCSIS,1,1951633,TX
131296,DSL,0,12921,TX
131296,FTTH,0,4521,TX
131306,DOCSIS,0,173920,TX
131308,DSL,0,412,TX
131308,FTTH,0,102,TX
131308,FTTH,1,0,TX
131310,DOCSIS,0,31635,TX
131320,Other,0,618,TX
131325,Other,0,521643,TX
131352,DOCSIS,0,9766658,TX
131352,DOCSIS,1,1522706,TX
131362,DSL,0,5816,TX
131411,DSL,0,11655,TX
131411,FTTH,0,44622,TX
131411,Other,0,1219376,TX
131413,DSL,0,713655,TX
131425,DSL,0,1536241,TX
131425,FTTH,0,1460335,TX
131466,DOCSIS,0,971,TX
131466,DSL,0,9400,TX
131466,FTTH,0,16899,TX
131476,DOCSIS,0,2495,TX
131476,DSL,0,6600,TX
131476,FTTH,0,4538,TX
131476,Other,0,27759,TX
131482,Other,0,225,TX
131512,DOCSIS,0,906,TX
131512,DSL,0,13069,TX
131512,FTTH,0,3554,TX
131513,DSL,0,877,TX
140016,FTTH,0,229,TX
140048,Other,0,6112334,TX
150206,DOCSIS,0,54818,TX
150206,DOCSIS,1,15408,TX
150227,DOCSIS,0,11635,TX
150292,DOCSIS,0,114882,TX
150308,Other,0,164633,TX
150334,DOCSIS,0,116805,TX
150335,Other,0,23927,TX
150340,FTTH,0,59050,TX
150340,FTTH,1,11,TX
160157,DOCSIS,0,29395,TX
180064,Other,0,5767,TX
190008,DOCSIS,0,15179,TX
190008,DSL,0,3065,TX
190053,Other,0,7576,TX
190189,DSL,0,800647,TX
190192,DSL,0,2617,TX
190193,Other,0,8473,TX
190309,Other,0,3294333,TX
190312,DOCSIS,0,41979,TX
190312,Other,0,22974,TX
190357,DOCSIS,0,1198,TX
190360,DSL,0,509,TX
190360,Other,0,575,TX
190370,FTTH,0,604,TX
200012,Other,0,74263,TX
210001,Other,0,234,TX
210040,Other,0,20041,TX
210105,Other,0,2646,TX
220015,Other,0,928104,TX
220046,Other,0,465,TX
220061,Other,0,230252,TX
220064,Other,0,12536,TX
230050,DSL,0,263,TX
240041,FTTH,1,78206,TX
240042,DOCSIS,0,12839,TX
240068,DOCSIS,0,9203,TX
240068,Other,0,10108,TX
240072,DOCSIS,0,38869,TX
250048,Other,0,213907,TX
260016,Other,0,198330,TX
260021,FTTH,0,336,TX
260050,Other,0,27696,TX
260051,Other,0,6815,TX
270078,Other,0,34304,TX
270085,Other,0,162205,TX
270086,DSL,0,211,TX
280011,Other,0,5207,TX
280027,Other,0,177246,TX
290007,Other,0,834678,TX
290010,Other,0,2579660,TX
290042,Other,0,145,TX
290053,Other,0,3952,TX
290059,Other,0,1209,TX
290091,Other,0,3102,TX
290127,Other,0,975,TX
300004,Other,0,5525,TX
300010,Other,0,10779,TX
300016,Other,0,35718,TX
300017,Other,0,6301425,TX
300029,Other,0,1916843,TX
300036,Other,0,183799,TX
300067,Other,0,12439,TX
300123,Other,0,110350,TX
300158,Other,0,315113,TX
300159,Other,0,9897,TX
300160,Other,0,134485,TX
300164,Other,0,40375,TX
300171,DSL,0,270,TX
300171,FTTH,0,0,TX
300171,FTTH,1,141,TX
300171,Other,0,304,TX
300172,Other,0,3510,TX
300180,Other,0,1349,TX
300192,DSL,0,19524,TX
300192,FTTH,0,19524,TX
310001,Other,0,111682,TX
310035,Other,0,407,TX
310037,Other,0,19184,TX
310040,Other,0,66636,TX
310042,Other,0,245520,TX
310053,Other,0,87236,TX
310064,Other,0,6,TX
310066,Other,0,112620,TX
310071,Other,0,63215,TX
310084,Other,0,2074,TX
310088,Other,0,112620,TX
310096,Other,0,200979,TX
130037,DSL,0,11206,UT
130037,FTTH,0,10124,UT
130037,Other,0,398,UT
130081,Other,0,4727,UT
130106,DSL,0,2483,UT
130106,FTTH,0,12,UT
130106,FTTH,1,3264,UT
130106,Other,0,1563,UT
130228,DSL,0,2411095,UT
130228,FTTH,0,3332,UT
130228,FTTH,1,15814,UT
130258,DSL,0,34586,UT
130317,DOCSIS,1,2164058,UT
130418,DSL,0,88010,UT
130453,DOCSIS,0,38534,UT
130453,DSL,0,32084,UT
130453,FTTH,1,23854,UT
130580,DSL,0,5992,UT
130627,DSL,0,7718,UT
130653,DSL,0,5736,UT
130653,FTTH,0,1813,UT
130653,FTTH,1,20486,UT
130778,DSL,0,9752,UT
130778,FTTH,0,7177,UT
130778,Other,0,402,UT
130986,DSL,0,22113,UT
130986,FTTH,0,22113,UT
131219,DOCSIS,0,7600,UT
131219,DSL,0,25528,UT
131219,FTTH,0,4226,UT
131219,Other,0,39033,UT
131310,DOCSIS,0,147728,UT
131310,FTTH,0,2,UT
131387,DOCSIS,0,24573,UT
131387,DSL,0,50462,UT
131387,FTTH,0,19844,UT
131387,Other,0,1232,UT
131413,DSL,0,9854,UT
131513,DSL,0,238,UT
140048,Other,0,2195175,UT
140050,Other,0,8392,UT
160127,DOCSIS,0,55337,UT
160127,DSL,0,15864,UT
170054,Other,0,99277,UT
190008,DOCSIS,0,393,UT
190192,DSL,0,52,UT
190276,DSL,0,0,UT
190414,DSL,0,178,UT
230028,Other,0,38636,UT
230051,FTTH,1,182671,UT
230052,FTTH,1,303811,UT
240004,Other,0,176365,UT
240041,FTTH,1,103346,UT
260069,DOCSIS,1,40194,UT
270064,Other,0,412,UT
290015,Other,0,1329,UT
290054,Other,0,3491,UT
290121,Other,0,839,UT
300096,Other,0,958,UT
300132,Other,0,46276,UT
300171,DSL,0,951,UT
300171,Other,0,0,UT
300181,Other,0,19720,UT
300198,Other,0,6545,UT
310001,Other,0,227393,UT
310056,Other,0,405987,UT
310063,Other,0,4873,UT
320080,Other,0,18487,UT
330091,DOCSIS,0,191,UT
330091,FTTH,0,147,UT
330091,FTTH,1,465,UT
330091,Other,0,592,UT
360114,DSL,0,497,UT
130081,DSL,0,68722,VT
130081,FTTH,0,4994,VT
130081,FTTH,1,80,VT
130235,DOCSIS,0,54897,VT
130269,DSL,0,3515,VT
130269,FTTH,0,1659,VT
130317,DOCSIS,1,437939,VT
130471,DSL,0,522597,VT
130471,FTTH,0,604,VT
130514,DSL,0,1774,VT
130514,FTTH,0,390,VT
130808,Other,0,40575,VT
131175,DSL,0,40117,VT
131175,FTTH,0,10166,VT
131310,DSL,0,13245,VT
131426,DSL,0,29635,VT
131426,FTTH,1,29635,VT
150296,DSL,0,9012,VT
190066,FTTH,1,42370,VT
190093,Other,0,39836,VT
190268,Other,0,5082,VT
190337,DOCSIS,0,4730,VT
240090,DOCSIS,0,6186,VT
130079,DOCSIS,1,18308,VA
130079,FTTH,0,8446,VA
130127,DSL,0,3629,VA
130149,DOCSIS,0,434,VA
130175,DSL,0,8044,VA
130175,Other,0,63284,VA
130178,FTTH,0,69,VA
130228,DSL,0,707117,VA
130228,FTTH,0,2981,VA
130235,DOCSIS,0,165326,VA
130237,DOCSIS,0,16145,VA
130266,DOCSIS,0,10496,VA
130266,DSL,0,16476,VA
130266,FTTH,0,2417,VA
130317,DOCSIS,0,60939,VA
130317,DOCSIS,1,3580122,VA
130360,DOCSIS,1,2757880,VA
130418,DSL,0,166912,VA
130471,DOCSIS,0,0,VA
130471,DSL,0,22195,VA
130591,DOCSIS,0,86007,VA
130610,DSL,0,1719,VA
130655,DOCSIS,0,4591,VA
130685,DSL,0,39,VA
130685,FTTH,0,39,VA
130685,Other,0,39,VA
130696,DSL,0,4938,VA
130696,FTTH,0,436,VA
130696,Other,0,2562,VA
130728,Other,0,271,VA
130804,DOCSIS,1,2746,VA
130814,DSL,0,6687,VA
130814,FTTH,0,1231,VA
130814,Other,0,19787,VA
130901,DSL,0,2927,VA
131024,DSL,0,5598,VA
131105,Other,0,97032,VA
131170,DSL,0,10464,VA
131170,FTTH,0,16341,VA
131181,DOCSIS,1,252331,VA
131181,DSL,0,46843,VA
131181,FTTH,0,1775,VA
131181,FTTH,1,3125,VA
131199,DSL,0,14,VA
131199,FTTH,1,106,VA
131269,DOCSIS,0,7,VA
131269,DOCSIS,1,11773,VA
131308,DSL,0,0,VA
131308,FTTH,1,0,VA
131310,DSL,0,18718,VA
131310,FTTH,0,759,VA
131310,Other,0,156297,VA
131352,DOCSIS,0,50051,VA
131413,DSL,0,343176,VA
131425,DSL,0,5519375,VA
131425,FTTH,0,3514082,VA
131513,DSL,0,4242,VA
150249,Other,0,105,VA
150262,DSL,0,34,VA
150262,FTTH,0,4059,VA
150262,Other,0,16757,VA
150344,DOCSIS,0,1617,VA
150344,DSL,0,1617,VA
150344,FTTH,0,15183,VA
160157,DOCSIS,0,1450,VA
190008,DOCSIS,0,658,VA
190008,DSL,0,5404,VA
190008,FTTH,1,143,VA
190081,FTTH,1,72011,VA
200009,Other,0,9221,VA
210069,Other,0,6,VA
230013,Other,0,92,VA
230034,Other,0,67396,VA
230044,Other,0,74480,VA
240064,DOCSIS,0,1098,VA
250056,Other,0,23,VA
260062,Other,0,59805,VA
270086,DSL,0,0,VA
280020,Other,0,90,VA
290014,Other,0,45378,VA
290035,Other,0,4299,VA
290087,Other,0,1075,VA
300049,FTTH,1,4014,VA
300162,Other,0,54,VA
300169,Other,0,194899,VA
300170,Other,0,24662,VA
300171,DSL,0,1306,VA
300191,DSL,0,118435,VA
300191,FTTH,0,43685,VA
300191,FTTH,1,1710,VA
300195,Other,0,12604,VA
310020,DOCSIS,0,274,VA
310020,FTTH,0,267,VA
310020,Other,0,590,VA
310031,FTTH,1,1372,VA
310081,Other,0,2656,VA
130086,DSL,0,3906,WA
130086,Other,0,13433,WA
130127,DSL,0,23,WA
130132,Other,0,31,WA
130183,DOCSIS,0,20394,WA
130228,DSL,0,4622562,WA
130228,FTTH,0,9169,WA
130228,FTTH,1,65178,WA
130235,DOCSIS,0,623940,WA
130258,DSL,0,1512374,WA
130258,FTTH,1,697893,WA
130303,DOCSIS,0,7414,WA
130317,DOCSIS,1,4891761,WA
130329,DSL,0,16696,WA
130329,Other,0,39994,WA
130418,DSL,0,189962,WA
130471,DSL,0,96848,WA
130471,FTTH,0,6396,WA
130500,FTTH,0,70,WA
130500,Other,0,64443,WA
130627,DSL,0,17234,WA
130651,DOCSIS,0,2601,WA
130651,DSL,0,4726,WA
130651,Other,0,1266,WA
130653,DSL,0,11487,WA
130653,FTTH,0,1054,WA
130653,FTTH,1,40979,WA
130728,Other,0,10,WA
130784,DSL,0,3372,WA
130786,DOCSIS,0,41470,WA
130786,DSL,0,16432,WA
130790,Other,0,681,WA
130968,FTTH,0,204722,WA
130968,Other,0,204722,WA
130986,DSL,0,728,WA
131047,DSL,0,523,WA
131118,DOCSIS,0,18057,WA
131118,DSL,0,1361,WA
131118,FTTH,0,4667,WA
131165,DSL,0,17509,WA
131247,DOCSIS,0,2901,WA
131247,FTTH,0,784,WA
131308,FTTH,0,0,WA
131310,DSL,0,28479,WA
131310,FTTH,0,757,WA
131347,DSL,0,86656,WA
131347,FTTH,1,86656,WA
131352,DOCSIS,0,27497,WA
131394,Other,0,91,WA
131413,DSL,0,3062,WA
131454,DOCSIS,0,9409,WA
131454,DOCSIS,1,573054,WA
131454,DSL,1,26542,WA
131475,DSL,0,28239,WA
131475,FTTH,0,28239,WA
131478,DSL,0,14974,WA
131497,DOCSIS,0,6543,WA
131497,Other,0,518817,WA
131513,DSL,0,830,WA
140020,FTTH,0,60665,WA
150245,Other,0,2402,WA
150292,DOCSIS,0,54186,WA
160157,DOCSIS,0,3607,WA
170033,FTTH,1,7560,WA
170071,Other,0,60,WA
170098,DOCSIS,0,0,WA
170098,DSL,0,0,WA
190276,DSL,0,22516,WA
190276,FTTH,0,4056,WA
190276,Other,0,0,WA
190303,DSL,0,29196,WA
190303,Other,0,12256,WA
190342,Other,0,4822510,WA
190406,DSL,0,26,WA
190406,Other,0,26,WA
190419,Other,0,104113,WA
200057,DSL,0,3089,WA
200057,Other,0,4913,WA
230011,Other,0,97162,WA
230033,DOCSIS,0,796,WA
230033,Other,0,8619,WA
230036,Other,0,7412,WA
240027,DOCSIS,0,1098,WA
240031,DOCSIS,0,18702,WA
240046,Other,0,4013,WA
240110,FTTH,1,70694,WA
250003,Other,0,3570,WA
250050,Other,0,1,WA
260010,DOCSIS,0,2769,WA
260010,FTTH,0,105,WA
270027,Other,0,64523,WA
270032,Other,0,291750,WA
270062,Other,0,3604,WA
280015,FTTH,0,175,WA
280028,DOCSIS,0,1302,WA
280052,DOCSIS,0,3805,WA
290093,FTTH,0,30,WA
290093,Other,0,2344,WA
290105,DOCSIS,0,1403,WA
290105,DSL,0,13,WA
290105,FTTH,0,32,WA
290105,Other,0,2120,WA
300080,Other,0,30606,WA
300093,Other,0,287,WA
300102,Other,0,1798,WA
300102,Other,1,488,WA
300112,FTTH,0,17519,WA
300112,Other,0,28306,WA
300171,DSL,0,788,WA
300171,Other,0,17,WA
310017,Other,0,5669,WA
310030,Other,0,3572,WA
310058,Other,0,457577,WA
130071,DOCSIS,0,34884,WV
130071,DSL,0,16896,WV
130258,DSL,0,1199674,WV
130258,FTTH,1,1262,WV
130317,DOCSIS,1,515833,WV
130322,DOCSIS,1,584,WV
130588,DSL,0,10274,WV
130588,FTTH,0,9539,WV
130588,Other,0,5086,WV
130588,Other,1,307,WV
130621,DOCSIS,0,0,WV
130655,DOCSIS,0,2589,WV
130764,DOCSIS,0,2987,WV
130817,Other,0,328199,WV
131181,DOCSIS,0,5770,WV
131181,DOCSIS,1,83967,WV
131181,FTTH,1,22832,WV
131245,FTTH,0,3800,WV
131269,DOCSIS,0,46113,WV
131269,DOCSIS,1,528609,WV
131303,DSL,0,5733,WV
131303,FTTH,0,709,WV
131352,DOCSIS,0,76968,WV
150296,DSL,0,723,WV
160157,DOCSIS,0,836,WV
170047,Other,0,1860,WV
170048,Other,0,12561,WV
220052,FTTH,1,2882,WV
220078,DOCSIS,0,443,WV
240016,DOCSIS,0,7713,WV
240024,DOCSIS,0,17073,WV
240102,DOCSIS,0,5991,WV
260062,Other,0,67368,WV
270086,DSL,0,18,WV
280001,DOCSIS,0,41657,WV
300170,Other,0,0,WV
300171,DSL,0,3,WV
300191,DSL,0,25273,WV
300195,Other,0,140,WV
130057,DOCSIS,0,21583,WI
130057,DSL,0,21251,WI
130057,FTTH,0,756,WI
130058,DSL,0,11896,WI
130058,FTTH,0,10283,WI
130077,DSL,0,2902380,WI
130077,FTTH,0,6758,WI
130093,DOCSIS,0,17242,WI
130093,DSL,0,2198,WI
130093,FTTH,0,22410,WI
130119,DSL,0,629,WI
130138,DSL,0,7130,WI
130138,FTTH,1,7080,WI
130142,DSL,0,9584,WI
130170,DSL,0,3115,WI
130170,FTTH,0,349,WI
130228,DSL,0,800385,WI
130228,FTTH,0,28797,WI
130235,DOCSIS,0,2103222,WI
130239,DSL,0,7603,WI
130239,FTTH,1,10639,WI
130239,Other,0,27536,WI
130244,DSL,0,25897,WI
130244,FTTH,0,3566,WI
130244,Other,0,52168,WI
130258,DSL,0,579667,WI
130267,DSL,0,1198,WI
130267,FTTH,0,5211,WI
130291,DOCSIS,0,2593,WI
130291,DSL,0,3606,WI
130305,FTTH,0,2430,WI
130317,DOCSIS,1,77301,WI
130345,DSL,0,3911,WI
130345,FTTH,0,1919,WI
130418,DSL,0,30582,WI
130476,DOCSIS,0,1039,WI
130476,DSL,0,5065,WI
130476,FTTH,0,958,WI
130606,Other,0,8255,WI
130613,DSL,0,1917,WI
130667,DSL,0,413,WI
130714,DOCSIS,0,4074,WI
130714,DSL,0,7935,WI
130714,FTTH,1,2434,WI
130726,DSL,0,4344,WI
130726,FTTH,1,1588,WI
130733,DSL,0,3437,WI
130733,FTTH,0,4247,WI
130733,Other,0,53,WI
130749,Other,0,20123,WI
130776,DSL,0,5225,WI
130776,FTTH,0,294,WI
130783,DSL,0,2047,WI
130783,FTTH,0,14842,WI
130804,DOCSIS,0,59211,WI
130804,DOCSIS,1,12029,WI
130809,DOCSIS,0,11988,WI
130821,DOCSIS,1,3079,WI
130862,DSL,0,16716,WI
130862,FTTH,1,744,WI
130862,Other,0,15578,WI
130889,DOCSIS,0,3764,WI
130889,DSL,0,5888,WI
130889,FTTH,0,2821,WI
130919,DOCSIS,0,1668,WI
130919,DSL,0,6002,WI
130919,FTTH,0,9222,WI
130919,Other,0,47171,WI
130937,DSL,0,56541,WI
130937,FTTH,0,9469,WI
130937,Other,0,1624825,WI
130938,Other,0,412,WI
130943,Other,0,5066,WI
131072,DSL,0,9275,WI
131100,FTTH,0,11070,WI
131109,DSL,0,6384,WI
131109,FTTH,1,3499,WI
131179,DSL,0,5965,WI
131194,DSL,0,3188,WI
131194,FTTH,0,2926,WI
131241,DOCSIS,0,488,WI
131241,DSL,0,2016,WI
131241,FTTH,0,596,WI
131299,DSL,0,6176,WI
131310,DSL,0,1522008,WI
131310,FTTH,0,2301,WI
131310,FTTH,1,48408,WI
131310,Other,0,1170930,WI
131352,DOCSIS,0,2443264,WI
131368,DOCSIS,0,26953,WI
131368,DSL,0,10102,WI
131368,FTTH,0,10102,WI
131389,DSL,0,7856,WI
131389,FTTH,0,1702,WI
131413,DSL,0,11214,WI
131427,DSL,0,604,WI
131427,FTTH,0,22111,WI
131467,DSL,0,16968,WI
131467,FTTH,0,16542,WI
140048,Other,0,312434,WI
140063,Other,0,123714,WI
150317,DSL,0,13525,WI
150317,FTTH,1,33658,WI
160115,Other,0,320829,WI
160127,DSL,0,6947,WI
180009,FTTH,0,1817,WI
190008,DSL,0,54,WI
190070,DOCSIS,0,24494,WI
190103,Other,0,438,WI
190124,Other,0,59,WI
190169,Other,0,92648,WI
190414,DSL,0,179,WI
200065,Other,0,257,WI
220048,Other,0,324249,WI
230031,DOCSIS,0,1773,WI
240025,DOCSIS,0,2220,WI
240035,Other,0,262,WI
240051,DOCSIS,0,2097,WI
260003,Other,0,6375,WI
260003,Other,1,163,WI
270009,Other,0,10025,WI
270038,Other,0,159926,WI
270068,Other,0,321,WI
270076,Other,0,115469,WI
270077,Other,0,21230,WI
300025,Other,0,51594,WI
300047,Other,0,3416,WI
300074,Other,0,112,WI
300171,DSL,0,8,WI
310052,Other,0,10482,WI
130010,DSL,0,15341,WY
130010,Other,0,20379,WY
130037,DOCSIS,0,12576,WY
130037,DSL,0,3628,WY
130037,FTTH,0,3688,WY
130037,Other,0,14031,WY
130228,DSL,0,409533,WY
130228,FTTH,0,0,WY
130235,DOCSIS,0,329907,WY
130251,DSL,0,6,WY
130550,DSL,0,33,WY
130550,FTTH,0,2,WY
130627,DSL,0,438,WY
130663,Other,0,106323,WY
130890,DSL,0,577,WY
131090,DSL,0,42070,WY
131090,FTTH,0,27987,WY
131090,Other,0,12450,WY
131190,DSL,0,9587,WY
131190,FTTH,0,3721,WY
131366,DSL,0,12563,WY
131366,FTTH,0,17680,WY
131366,Other,0,39153,WY
131492,DOCSIS,0,1739,WY
140048,Other,0,103437,WY
150206,DOCSIS,0,17063,WY
150206,DOCSIS,1,9574,WY
150341,Other,0,265,WY
190192,DSL,0,405,WY
190276,DSL,0,7329,WY
190347,DOCSIS,0,41355,WY
190347,Other,0,674,WY
210006,Other,0,74302,WY
220073,Other,0,14839,WY
250028,Other,0,22989,WY
250090,DSL,0,141499,WY
250090,Other,0,194744,WY
270064,Other,0,14610,WY
280073,FTTH,1,9,WY
280073,Other,1,34877,WY
290023,Other,0,363,WY
300096,Other,0,218,WY
300171,DSL,0,39981,WY
300171,FTTH,0,270,WY
300171,FTTH,1,61,WY
300171,Other,0,32030,WY
300182,Other,0,3311,WY
300185,Other,0,25723,WY
320127,Other,0,37,WY
360114,DSL,0,9033,WY
