HocoNum,HighSpeed,population,state
130068,0,23078,AL
130077,0,2803870,AL
130077,1,250585,AL
130127,0,504,AL
130137,0,3114,AL
130183,1,112906,AL
130210,0,2615,AL
130228,0,663412,AL
130228,1,11,AL
130235,0,584137,AL
130235,1,1625553,AL
130258,0,53152,AL
130317,0,98446,AL
130317,1,739770,AL
130471,0,4449,AL
130587,0,595257,AL
130597,0,26684,AL
130804,0,29677,AL
130804,1,619070,AL
130844,0,15802,AL
130851,0,4544,AL
130861,0,5629,AL
130902,0,17003,AL
131038,0,12252,AL
131086,0,3216,AL
131302,1,43362,AL
131310,0,57931,AL
131311,0,15907,AL
131404,0,50867,AL
131413,0,79642,AL
131480,0,69172,AL
131480,1,541204,AL
150221,0,592,AL
150292,0,11083,AL
150296,0,65015,AL
160157,0,13703,AL
190025,0,46,AL
190308,0,83932,AL
190341,0,14683,AL
190367,0,38382,AL
190380,0,14718,AL
190380,1,108671,AL
230029,0,19884,AL
240041,1,52849,AL
240085,0,14570,AL
250020,0,11749,AL
250035,0,1555,AL
250035,1,677,AL
250087,0,601,AL
260000,0,6346,AL
260000,1,63946,AL
290028,1,26401,AL
300164,0,26,AL
310035,0,14825,AL
320042,0,44954,AL
320052,0,1167,AL
320094,0,2928,AL
320121,0,12030,AL
330084,0,132449,AL
340015,0,0,AL
340087,0,1568,AL
350060,0,53673,AL
350067,0,49356,AL
350079,0,861,AL
360002,0,570,AL
130011,0,335,AK
130028,0,317883,AK
130029,0,14375,AK
130035,1,0,AK
130067,0,8139,AK
130077,0,247,AK
130160,0,1739,AK
130275,0,136,AK
130275,1,12995,AK
130349,0,6474,AK
130352,0,2140,AK
130534,0,47530,AK
130534,1,535304,AK
130791,0,104178,AK
130791,1,21057,AK
130964,0,2381,AK
131226,0,20778,AK
140084,0,12283,AK
150229,0,1539,AK
190019,0,73799,AK
190281,0,3633,AK
260068,0,715,AK
300020,0,189294,AK
300164,0,2,AK
330010,0,423,AK
330010,1,2,AK
330083,0,510,AK
340079,0,2334,AK
350036,0,2034,AK
350037,0,81,AK
360064,0,4376,AK
130081,0,97132,AZ
130103,0,58520,AZ
130127,0,0,AZ
130132,0,83,AZ
130183,1,245459,AZ
130206,0,3031,AZ
130228,0,4481264,AZ
130228,1,879294,AZ
130235,1,177658,AZ
130258,0,312607,AZ
130317,1,333877,AZ
130360,0,22826,AZ
130360,1,4197243,AZ
130370,1,296261,AZ
130509,0,1309,AZ
130542,0,18982,AZ
130804,0,439,AZ
130804,1,178850,AZ
130831,0,7806,AZ
131016,0,1541508,AZ
131057,0,10697,AZ
131148,0,6199,AZ
131167,0,70027,AZ
131191,0,1010864,AZ
131208,0,13680,AZ
131219,0,9968,AZ
131310,0,9477,AZ
131357,0,5528,AZ
131411,0,18857,AZ
131411,1,15786,AZ
140043,0,9335,AZ
150200,0,1412,AZ
150200,1,7936,AZ
170054,0,2059,AZ
190008,0,824,AZ
190025,0,26,AZ
190155,0,327,AZ
190192,0,23,AZ
190428,0,9983,AZ
220013,0,17283,AZ
230021,0,114,AZ
240009,0,171925,AZ
250009,0,297029,AZ
260050,0,60720,AZ
270101,0,54673,AZ
270115,0,3604,AZ
280026,0,12621,AZ
280035,0,28253,AZ
290050,0,458,AZ
290057,0,7767,AZ
290083,0,6112,AZ
300019,0,40506,AZ
300063,0,3565037,AZ
300069,0,266,AZ
310014,0,0,AZ
310015,1,443,AZ
320051,0,21801,AZ
320121,0,86983,AZ
330004,0,11072,AZ
330045,0,5927,AZ
340015,0,159,AZ
340031,0,644,AZ
350046,0,6473,AZ
350105,0,11957,AZ
350105,1,341,AZ
360022,0,25851,AZ
360022,1,569,AZ
360131,1,237,AZ
130069,0,14839,AR
130070,0,202,AR
130070,1,11458,AR
130077,0,1499568,AR
130077,1,73709,AR
130124,0,173,AR
130127,0,684,AR
130132,0,0,AR
130183,1,36528,AR
130224,0,8747,AR
130224,1,0,AR
130228,0,517851,AR
130228,1,177,AR
130317,0,207,AR
130317,1,382678,AR
130340,0,60799,AR
130360,1,579671,AR
130370,0,70128,AR
130370,1,426843,AR
130386,0,21036,AR
130386,1,6032,AR
130427,0,91523,AR
130492,0,62044,AR
130497,1,138387,AR
130725,1,4125,AR
130768,0,9555,AR
130772,0,2852,AR
130882,0,10693,AR
130882,1,6733,AR
131108,0,1027,AR
131169,0,800,AR
131177,0,1311,AR
131214,0,7767,AR
131232,0,8361,AR
131232,1,11034,AR
131310,0,1723,AR
131362,0,11315,AR
131413,0,253900,AR
131413,1,1194,AR
131518,0,24496,AR
131518,1,19651,AR
150206,0,13314,AR
150206,1,26514,AR
150323,0,0,AR
150334,0,194928,AR
180041,0,28125,AR
190053,0,7468,AR
210092,0,94945,AR
220008,0,937,AR
230021,0,68134,AR
230062,0,186856,AR
230074,0,6894,AR
230074,1,312,AR
260019,0,252,AR
260019,1,318,AR
260056,1,27563,AR
270012,0,211534,AR
270016,0,533,AR
270090,0,251078,AR
270096,0,1345,AR
300059,0,16685,AR
300184,0,19553,AR
320052,0,36,AR
340008,1,12311,AR
350122,0,75,AR
360010,0,11740,AR
360065,1,13538,AR
360109,0,3883,AR
130062,0,404018,CA
130077,0,24679097,CA
130077,1,1680459,CA
130103,0,18355,CA
130127,0,540,CA
130171,0,1316,CA
130189,0,10814,CA
130228,0,24,CA
130235,0,534274,CA
130235,1,18815638,CA
130258,0,8564745,CA
130278,0,27067,CA
130278,1,2242,CA
130317,0,11598,CA
130317,1,11941474,CA
130335,0,585183,CA
130335,1,23309,CA
130360,1,3212034,CA
130370,1,221188,CA
130509,0,16,CA
130804,0,1664,CA
130804,1,187534,CA
130967,0,361891,CA
131057,0,16750,CA
131173,0,41071,CA
131186,0,35711,CA
131195,0,7631,CA
131310,0,9661,CA
131400,0,57178,CA
131404,0,29028,CA
131416,0,2708,CA
131421,0,35209,CA
131441,0,42138,CA
131454,0,1361,CA
131454,1,1050700,CA
131473,0,3787,CA
140048,0,80,CA
150292,0,39878,CA
160127,0,29078,CA
160141,0,12243,CA
160141,1,204,CA
160157,0,17793,CA
170098,0,0,CA
190002,0,181178,CA
190008,0,2862,CA
190014,0,301571,CA
190075,0,3714,CA
190107,0,211725,CA
190123,0,276139,CA
190155,0,1433,CA
190172,0,13933,CA
190192,0,490,CA
190311,0,1316602,CA
190425,0,2696629,CA
190425,1,271763,CA
200020,0,999159,CA
200041,0,766876,CA
200057,0,158,CA
220002,0,4769,CA
220058,0,9307,CA
220075,0,10683,CA
230021,0,533,CA
240014,0,13403,CA
240017,0,214,CA
240036,0,2576,CA
240041,0,37798,CA
240041,1,84819,CA
240055,0,1844,CA
260007,1,1611,CA
260050,0,92,CA
260052,0,361826,CA
270006,0,80986,CA
270018,0,5555,CA
270020,0,404260,CA
270051,0,18477,CA
270073,0,37222,CA
280024,0,729,CA
280026,0,972,CA
280042,0,87142,CA
280057,0,470364,CA
280075,0,623,CA
280078,0,2985,CA
290088,0,42191,CA
290108,0,2401,CA
290114,0,1067,CA
290123,0,819,CA
290123,1,17,CA
290128,0,364,CA
300043,0,3024653,CA
300079,0,193854,CA
300095,0,34482,CA
300117,0,13203,CA
300164,0,384,CA
300173,0,727,CA
300199,0,12071,CA
310015,0,2064,CA
310015,1,110015,CA
310027,0,29515,CA
310065,0,179731,CA
310067,0,7467,CA
310084,0,7588,CA
320031,0,15,CA
320045,1,79694,CA
320062,0,12409,CA
320081,0,7718,CA
320117,0,178,CA
320121,0,1430417,CA
330003,0,119958,CA
330062,1,28055,CA
330066,0,8197,CA
340015,0,145,CA
340041,0,31243,CA
340042,0,408,CA
340045,0,4370,CA
340066,1,10316,CA
340071,0,4172,CA
340076,1,512974,CA
340085,0,2645556,CA
340093,1,9,CA
340098,0,3696652,CA
350005,0,8017,CA
350030,0,0,CA
350032,1,28199,CA
350033,0,24,CA
350072,0,2403,CA
350080,0,132862,CA
350094,0,51639,CA
350095,0,1593991,CA
350110,0,240124,CA
350117,0,15222,CA
350128,0,2376,CA
350132,0,13385,CA
350134,0,452,CA
360030,1,597119,CA
360056,0,21292,CA
360078,0,3786,CA
360094,0,21,CA
360112,0,0,CA
360119,1,71,CA
360129,0,35245,CA
360131,0,38,CA
360131,1,49,CA
360132,0,57,CA
130017,0,385,CO
130126,0,23550,CO
130127,0,6917,CO
130132,0,0,CO
130133,0,33342,CO
130133,1,4316,CO
130228,0,3504557,CO
130228,1,1175748,CO
130235,0,367878,CO
130317,1,3870057,CO
130429,0,3447,CO
130439,0,11021,CO
130471,0,7235,CO
130487,0,1464,CO
130569,0,0,CO
130623,0,68,CO
130663,0,43656,CO
130674,0,2201,CO
130692,0,47333,CO
130692,1,6744,CO
130868,0,1401,CO
130886,0,163654,CO
130962,0,2498,CO
130963,0,1875,CO
130986,0,1562,CO
131017,0,353600,CO
131021,0,3226,CO
131034,0,4124,CO
131034,1,3249,CO
131043,0,12083,CO
131044,0,26,CO
131049,0,2552,CO
131090,0,92,CO
131128,0,10816,CO
131145,1,108,CO
131265,0,171,CO
131310,0,69058,CO
131310,1,58880,CO
131362,0,2722,CO
131387,0,154,CO
131404,0,12214,CO
131481,0,10192,CO
131487,0,189,CO
140048,0,3221114,CO
150206,0,5747,CO
150244,0,354,CO
170098,0,0,CO
180026,0,1961,CO
180026,1,87,CO
190008,0,149,CO
190084,1,179,CO
190145,0,7052,CO
190145,1,3421,CO
190166,0,23746,CO
190166,1,298,CO
190192,0,70253,CO
190313,0,34982,CO
200057,0,316,CO
220012,0,2219,CO
230043,0,56995,CO
230043,1,2592,CO
240041,0,109,CO
240041,1,1294,CO
250092,0,279,CO
270033,0,2125472,CO
280014,1,80089,CO
280068,0,35623,CO
290008,0,47686,CO
290051,0,6562,CO
300037,0,10071,CO
300078,0,653321,CO
300147,0,1513,CO
300164,0,30,CO
300171,0,21885,CO
300171,1,0,CO
300192,0,14560,CO
300192,1,19800,CO
310015,0,0,CO
310019,0,19898,CO
310024,0,64614,CO
310079,1,34836,CO
310085,0,13272,CO
320022,0,1798,CO
320080,0,111,CO
320121,0,134400,CO
330023,0,35,CO
330032,0,18965,CO
330032,1,4763,CO
330052,0,2933,CO
330053,0,9494,CO
330054,0,81,CO
340050,0,2971,CO
350033,0,0,CO
350122,0,0,CO
350129,0,2452,CO
360038,0,832,CO
360038,1,1,CO
360047,0,3091,CO
360047,1,0,CO
360080,0,507,CO
360113,0,900,CO
360113,1,57,CO
360131,1,11,CO
130235,0,204650,CT
130235,1,150519,CT
130258,0,3261978,CT
130317,1,1833383,CT
130360,1,446407,CT
130370,1,830641,CT
130576,1,63923,CT
131425,0,6782,CT
131425,1,38467,CT
190192,0,157,CT
190381,0,319,CT
280001,0,0,CT
280001,1,138716,CT
320121,0,43369,CT
360131,0,12,CT
130127,0,210,DE
130317,1,762031,DE
130804,0,275,DE
130804,1,75307,DE
131425,0,350277,DE
131425,1,499278,DE
190381,0,190,DE
280001,0,57,DE
280001,1,52456,DE
290009,0,96,DE
290018,0,32238,DE
320121,0,7203,DE
340019,0,41989,DE
130079,1,391854,DC
130317,1,594352,DC
131425,0,237417,DC
131425,1,358683,DC
150249,0,41430,DC
190008,0,48,DC
290016,0,15,DC
320121,0,58520,DC
350041,0,0,DC
130077,0,8242109,FL
130077,1,2078187,FL
130127,0,4282,FL
130228,0,3344025,FL
130228,1,259808,FL
130235,1,6933213,FL
130258,0,3274033,FL
130317,0,143544,FL
130317,1,10231406,FL
130360,1,728274,FL
130471,0,84923,FL
130587,0,2985,FL
130623,0,42992,FL
130623,1,135759,FL
130728,0,0,FL
130804,0,4227,FL
130804,1,331251,FL
130880,0,11184,FL
130988,0,42210,FL
130988,1,84176,FL
131060,0,5994,FL
131060,1,10204,FL
131204,0,13851,FL
131204,1,2636,FL
131310,0,27632,FL
131362,0,25281,FL
131413,0,226205,FL
131480,1,810897,FL
150221,0,784,FL
160110,0,41098,FL
160151,0,4002,FL
160162,0,1574,FL
170064,0,7517,FL
170064,1,17605,FL
180032,0,8369,FL
180048,0,68442,FL
180061,0,1087,FL
190008,0,8380,FL
190008,1,0,FL
190192,0,0,FL
190204,0,1422,FL
190275,0,22553,FL
200022,1,27029,FL
200046,0,97821,FL
210069,0,380,FL
230021,0,0,FL
240010,0,5008202,FL
240041,0,14902,FL
240041,1,31891,FL
280001,1,236127,FL
290009,0,25839,FL
290017,0,741,FL
290048,0,354,FL
290050,0,79,FL
300119,0,2961,FL
300164,0,2095,FL
310015,0,146,FL
310028,0,6786,FL
310044,1,82,FL
320052,0,2,FL
320121,0,183494,FL
330013,0,65457,FL
350077,0,37937,FL
350122,0,9,FL
350123,1,184177,FL
350137,1,89,FL
360074,0,68445,FL
360089,0,69736,FL
360131,0,187,FL
360131,1,109,FL
130044,0,38382,GA
130077,0,4924711,GA
130077,1,2161981,GA
130127,0,3683,GA
130132,0,566,GA
130151,1,17591,GA
130176,1,69736,GA
130228,0,89659,GA
130235,0,420171,GA
130235,1,1409759,GA
130242,0,40365,GA
130258,0,51801,GA
130265,0,15089,GA
130272,0,8973,GA
130281,0,29702,GA
130317,0,25820,GA
130317,1,5461382,GA
130334,0,91709,GA
130360,1,284823,GA
130391,0,13468,GA
130471,0,325,GA
130545,0,1571,GA
130589,0,43551,GA
130623,0,3134,GA
130623,1,1927,GA
130746,0,23610,GA
130804,0,4963,GA
130804,1,718190,GA
131023,0,10700,GA
131041,0,809,GA
131041,1,42798,GA
131051,0,43247,GA
131051,1,5105,GA
131052,0,46985,GA
131073,0,16055,GA
131076,0,67231,GA
131113,0,10066,GA
131113,1,22840,GA
131310,0,72656,GA
131310,1,20918,GA
131365,0,2699,GA
131365,1,4721,GA
131413,0,1440025,GA
131413,1,16421,GA
131480,0,85098,GA
131480,1,404085,GA
131481,0,10,GA
131485,0,20311,GA
140030,0,10772,GA
140030,1,8031,GA
150206,1,65952,GA
150235,0,11194,GA
150236,0,19603,GA
150258,0,37134,GA
150258,1,31873,GA
150262,0,108,GA
150292,0,68909,GA
160151,0,361,GA
180012,1,13752,GA
190008,0,368,GA
190025,0,561,GA
190058,1,102599,GA
190134,1,28865,GA
190215,0,32113,GA
200010,0,9905,GA
210069,1,650,GA
220017,0,439,GA
220017,1,3059,GA
220066,0,30762,GA
230039,0,541,GA
230076,0,14695,GA
240041,1,72218,GA
250045,0,16,GA
270106,0,78,GA
290125,0,30,GA
300186,1,0,GA
300192,0,8217,GA
310013,0,25448,GA
310041,0,22667,GA
310041,1,19866,GA
310054,0,1366,GA
310054,1,1561,GA
320042,0,6753,GA
320121,0,83065,GA
330057,0,1160,GA
340015,0,0,GA
340032,0,4323,GA
340088,0,19,GA
350060,0,16143,GA
360032,0,1341,GA
360131,0,686,GA
130235,1,1305596,HI
130595,0,625965,HI
130595,1,631396,HI
131161,0,15595,HI
210103,0,21273,HI
240021,0,2375,HI
250004,0,7299,HI
320116,0,3258,HI
320116,1,0,HI
130032,0,5283,ID
130032,1,5935,ID
130132,0,13942,ID
130132,1,2563,ID
130183,1,984658,ID
130193,0,15150,ID
130228,0,949340,ID
130228,1,145301,ID
130235,0,144214,ID
130258,0,236289,ID
130317,1,1167,ID
130360,1,17023,ID
130370,0,27730,ID
130378,0,9066,ID
130479,0,8100,ID
130500,0,97204,ID
130651,0,934,ID
130784,0,1872,ID
130831,0,7913,ID
130874,0,3200,ID
130986,0,118115,ID
131075,0,38288,ID
131075,1,16,ID
131123,0,76,ID
131190,0,5913,ID
131190,1,18511,ID
131310,0,3968,ID
131497,0,183515,ID
140033,0,25637,ID
140033,1,3587,ID
140048,0,1076683,ID
140055,0,26,ID
150292,0,14059,ID
160157,0,18933,ID
170071,0,44821,ID
220076,0,2232,ID
240046,0,8,ID
260010,0,3028,ID
260010,1,234,ID
260050,0,79788,ID
270032,0,3921,ID
290015,0,7618,ID
290062,0,15491,ID
300164,0,28,ID
300179,0,502,ID
300187,0,953,ID
310017,0,2279,ID
310036,0,10490,ID
310058,0,69629,ID
320059,0,1684,ID
320105,0,12810,ID
320111,0,40,ID
320127,0,1091641,ID
330045,0,1298,ID
330054,0,6003,ID
330076,0,2239,ID
330085,0,3259,ID
340048,0,10909,ID
340058,0,36581,ID
350057,0,2708,ID
350089,0,22294,ID
360075,0,4760,ID
360124,0,3237,ID
360134,0,59327,ID
360134,1,36,ID
130012,0,32259,IL
130012,1,44757,IL
130036,0,3276,IL
130077,0,9286844,IL
130077,1,637139,IL
130079,1,656468,IL
130116,0,33505,IL
130119,0,403,IL
130124,0,41,IL
130127,0,1041,IL
130132,0,0,IL
130192,0,5841,IL
130192,1,2,IL
130208,0,61588,IL
130228,0,130882,IL
130235,0,45195,IL
130235,1,620299,IL
130258,0,1660120,IL
130287,0,654,IL
130317,1,9823125,IL
130335,0,130968,IL
130368,0,806,IL
130370,1,647,IL
130401,0,26305,IL
130402,0,799,IL
130444,0,10189,IL
130471,0,15404,IL
130503,0,1242,IL
130513,0,127283,IL
130528,0,3779,IL
130528,1,1313,IL
130535,0,18550,IL
130544,0,3382,IL
130557,0,14574,IL
130559,0,373,IL
130584,0,44332,IL
130584,1,4811,IL
130604,0,2895,IL
130624,0,183962,IL
130699,0,186,IL
130735,0,327,IL
130749,0,344,IL
130769,0,26490,IL
130799,0,43966,IL
130802,0,951,IL
130804,0,6639,IL
130804,1,1046388,IL
130819,0,10983,IL
130819,1,1723,IL
130872,0,191430,IL
130872,1,21643,IL
130908,0,1873,IL
130955,0,2889,IL
130977,0,1567,IL
131030,1,0,IL
131074,0,270,IL
131074,1,2976,IL
131081,0,0,IL
131081,1,176598,IL
131104,0,4754,IL
131106,0,1776,IL
131106,1,1216,IL
131179,0,473,IL
131179,1,49,IL
131180,0,53019,IL
131226,0,3752,IL
131260,0,0,IL
131261,0,103,IL
131310,0,164551,IL
131358,0,1475,IL
131379,0,470,IL
131431,0,4883,IL
131445,0,15264,IL
131445,1,13920,IL
131480,1,1221936,IL
131505,0,2549,IL
140048,0,4099461,IL
140078,0,45191,IL
140105,0,769035,IL
150316,0,0,IL
160115,0,2651075,IL
160157,0,6844,IL
190008,0,14522,IL
190008,1,357,IL
190103,0,26325,IL
190169,0,7979,IL
190211,0,22780,IL
190365,0,10910,IL
190501,0,13965,IL
200006,0,22067,IL
200026,0,4836,IL
200065,0,46209,IL
200070,0,1150,IL
210069,0,0,IL
220036,0,4696,IL
240041,0,4867,IL
240041,1,23893,IL
240044,1,9735,IL
250007,0,51794,IL
250081,0,10620,IL
260050,0,39176,IL
270025,0,654418,IL
270061,0,178,IL
270065,0,239596,IL
280005,0,571,IL
280063,0,793,IL
280069,0,13337,IL
290009,0,127,IL
290021,0,17381,IL
290031,1,12753,IL
290050,0,556,IL
290055,0,731690,IL
290109,0,8710,IL
300026,0,9417,IL
300074,0,19369,IL
300079,0,1383081,IL
300088,0,268,IL
300088,1,53,IL
300133,0,34088,IL
300164,0,107,IL
300175,0,13663,IL
300175,1,55,IL
300186,1,2387,IL
310015,0,0,IL
310066,0,93274,IL
320031,0,381,IL
320052,0,186,IL
320053,0,32718,IL
320075,0,2,IL
320121,0,196207,IL
330045,0,2224,IL
330071,0,501,IL
330086,0,2294,IL
330090,0,25340,IL
340015,0,5582,IL
350047,0,56665,IL
350068,0,78967,IL
350085,0,5451,IL
350085,1,76786,IL
350088,0,144148,IL
360008,0,139,IL
360033,0,77,IL
360041,0,52,IL
360086,0,413,IL
360101,1,9467,IL
360110,1,7528,IL
360115,0,2811,IL
360122,0,2850,IL
130077,0,3209120,IN
130077,1,182702,IN
130116,0,1599167,IN
130127,0,102,IN
130139,0,3840,IN
130228,0,487085,IN
130228,1,0,IN
130235,0,100202,IN
130235,1,1170987,IN
130254,0,11408,IN
130254,1,1418,IN
130258,0,1684125,IN
130268,0,5608,IN
130279,0,105522,IN
130288,1,34831,IN
130310,0,0,IN
130316,0,15748,IN
130317,0,38362,IN
130317,1,3728435,IN
130363,0,3341,IN
130363,1,10113,IN
130370,0,10,IN
130393,0,15061,IN
130437,0,6205,IN
130437,1,28,IN
130471,0,0,IN
130532,0,5794,IN
130542,0,0,IN
130586,0,7959,IN
130586,1,57232,IN
130728,0,12,IN
130742,0,112427,IN
130804,0,2115,IN
130804,1,312665,IN
130834,0,522850,IN
130838,0,147063,IN
130838,1,27049,IN
130853,0,14082,IN
130875,0,7513,IN
130904,0,64747,IN
130904,1,6743,IN
130905,0,17388,IN
130921,0,338999,IN
131016,0,721245,IN
131032,0,50408,IN
131078,0,7707,IN
131078,1,3185,IN
131081,0,35050,IN
131081,1,470660,IN
131108,0,69279,IN
131108,1,15539,IN
131124,0,44271,IN
131225,0,25790,IN
131285,0,7557,IN
131285,1,3847,IN
131286,0,7587,IN
131310,0,191075,IN
131310,1,18119,IN
131444,0,6426,IN
131444,1,203,IN
131451,0,10432,IN
131480,1,273286,IN
131520,0,2209,IN
140048,0,101764,IN
140064,0,156859,IN
170102,0,0,IN
170105,0,7992,IN
180010,0,14616,IN
190056,0,23130,IN
190192,0,66,IN
190211,0,128704,IN
190236,0,924508,IN
190320,0,6770,IN
200070,0,57,IN
210063,0,13890,IN
210063,1,0,IN
210087,0,21145,IN
210087,1,6684,IN
220027,0,56280,IN
240070,0,7471,IN
250007,0,15697,IN
250027,0,56640,IN
250081,0,10,IN
260004,0,2040,IN
270023,0,32464,IN
290009,0,86763,IN
290039,0,7251,IN
290079,0,21625,IN
300005,0,42969,IN
300005,1,5651,IN
300079,0,887271,IN
300091,1,39331,IN
300146,0,346,IN
300176,0,3421,IN
310066,0,484772,IN
320093,0,6373,IN
320121,0,19421,IN
330045,0,729,IN
330090,0,941,IN
340005,0,394,IN
350073,0,3131,IN
360008,0,13,IN
360009,1,55028,IN
360043,0,21,IN
360101,1,400,IN
360118,0,3367,IN
130008,0,18327,IA
130035,1,9170,IA
130040,0,4870,IA
130045,0,11958,IA
130046,0,1916,IA
130066,0,6477,IA
130092,0,3011,IA
130096,0,2610,IA
130120,0,11236,IA
130127,0,84,IA
130142,0,288,IA
130154,0,6093,IA
130154,1,12660,IA
130169,0,6107,IA
130179,0,10048,IA
130183,1,88298,IA
130204,0,1063,IA
130204,1,2844,IA
130207,1,992,IA
130218,0,870,IA
130218,1,40971,IA
130223,0,1108,IA
130228,0,1738599,IA
130228,1,99399,IA
130235,0,0,IA
130258,0,85082,IA
130259,0,1992,IA
130259,1,6746,IA
130285,0,2514,IA
130290,0,1228,IA
130290,1,11753,IA
130302,0,9175,IA
130310,0,4083,IA
130321,0,7801,IA
130324,0,5669,IA
130325,0,3680,IA
130335,0,8085,IA
130343,0,6358,IA
130344,0,5457,IA
130346,0,5727,IA
130347,0,3272,IA
130353,0,3537,IA
130360,1,73343,IA
130374,0,7413,IA
130390,0,5223,IA
130390,1,12984,IA
130419,0,138,IA
130419,1,3262,IA
130421,0,2507,IA
130433,0,5041,IA
130450,0,2963,IA
130472,0,7534,IA
130473,0,1920,IA
130473,1,3882,IA
130475,1,8681,IA
130477,0,9675,IA
130478,0,1063,IA
130482,1,6257,IA
130483,0,5697,IA
130484,0,4973,IA
130484,1,15486,IA
130485,0,36816,IA
130488,0,1102,IA
130489,0,3828,IA
130495,0,897,IA
130535,0,5727,IA
130552,0,21854,IA
130559,0,12522,IA
130560,0,2177,IA
130560,1,14571,IA
130567,0,13533,IA
130574,1,3673,IA
130590,0,696,IA
130596,1,3699,IA
130598,0,29340,IA
130621,0,10012,IA
130626,0,1290,IA
130630,0,8980,IA
130631,0,1680,IA
130641,1,7244,IA
130677,0,5279,IA
130682,1,6777,IA
130693,0,4976,IA
130695,0,1560,IA
130709,0,3083,IA
130724,0,1269,IA
130732,0,8172,IA
130756,0,710,IA
130757,0,22919,IA
130757,1,7339,IA
130759,0,3955,IA
130766,0,1853,IA
130767,0,2523,IA
130774,0,11472,IA
130774,1,21711,IA
130782,0,15979,IA
130782,1,2671,IA
130785,0,18127,IA
130787,0,1746,IA
130803,0,223,IA
130803,1,4190,IA
130804,0,5329,IA
130804,1,2056858,IA
130805,1,6984,IA
130837,0,5905,IA
130839,0,3522,IA
130845,0,20532,IA
130846,0,4518,IA
130849,0,7871,IA
130877,0,7816,IA
130877,1,50078,IA
130878,0,14443,IA
130906,0,1607,IA
130930,0,1671,IA
130938,0,19012,IA
130938,1,2162,IA
130953,0,27508,IA
130956,0,7,IA
130969,1,3592,IA
130974,0,4421,IA
130979,0,488,IA
130983,0,749,IA
130989,0,1377,IA
130989,1,4037,IA
131003,0,561,IA
131006,0,9777,IA
131008,0,1046,IA
131008,1,6034,IA
131010,0,8510,IA
131066,0,1762,IA
131071,0,2867,IA
131085,0,1141,IA
131096,0,2468,IA
131114,0,2389,IA
131116,0,11448,IA
131126,0,2504,IA
131127,0,13627,IA
131135,0,778,IA
131142,0,2813,IA
131146,0,1697,IA
131166,0,3099,IA
131171,0,845,IA
131172,0,1463,IA
131222,0,7952,IA
131222,1,43104,IA
131239,1,11939,IA
131240,0,179,IA
131243,0,1923,IA
131243,1,959,IA
131267,0,3879,IA
131276,0,2005,IA
131310,0,351259,IA
131315,0,864,IA
131321,0,1458,IA
131354,0,1523,IA
131379,0,28971,IA
131394,0,34496,IA
131413,0,473747,IA
131414,0,5316,IA
131415,0,5253,IA
131457,0,9689,IA
131458,0,12003,IA
131461,0,9812,IA
131463,0,33973,IA
131463,1,7563,IA
131472,0,8373,IA
131472,1,921,IA
131494,0,22752,IA
131507,0,44630,IA
131510,0,1170,IA
131612,0,13023,IA
131613,0,30058,IA
140048,0,1734545,IA
140076,0,2024,IA
140106,0,4484,IA
150272,0,148,IA
160115,0,15,IA
160127,0,79952,IA
160127,1,3058,IA
160129,0,1529,IA
160160,0,76125,IA
160160,1,22971,IA
170014,0,2608,IA
170050,0,5124,IA
170062,0,4375,IA
190025,0,57,IA
190080,0,3525,IA
190085,0,2553,IA
190101,0,11710,IA
190101,1,5184,IA
190103,0,484,IA
190108,1,1392,IA
190150,0,90348,IA
190180,0,2503,IA
190223,0,1847,IA
190244,0,10236,IA
210069,0,169,IA
210080,0,495,IA
240056,1,191491,IA
240081,0,1667,IA
240086,0,4,IA
240089,0,1110,IA
240089,1,14,IA
240103,0,686,IA
260050,0,58569,IA
270084,0,5307,IA
280005,0,15686,IA
290050,0,12825,IA
300074,0,617,IA
300079,0,54450,IA
300083,0,41239,IA
300101,0,111400,IA
300107,0,3571,IA
300131,0,35665,IA
300164,0,97,IA
300186,0,9570,IA
300186,1,22476,IA
310010,0,21036,IA
310023,1,11767,IA
320014,0,4688,IA
320031,0,57,IA
330045,0,2551,IA
340004,0,635,IA
340015,0,90577,IA
340015,1,1139,IA
350025,1,9876,IA
350054,0,64,IA
360012,0,130865,IA
360052,1,4315,IA
360073,0,4688,IA
360093,0,10022,IA
360131,0,76,IA
130077,0,1855486,KS
130077,1,249158,KS
130084,0,1191,KS
130114,0,169,KS
130127,0,693,KS
130144,0,17977,KS
130183,1,64398,KS
130228,0,201249,KS
130228,1,0,KS
130235,1,606735,KS
130314,1,9864,KS
130317,0,1019,KS
130317,1,127031,KS
130335,0,137491,KS
130335,1,53410,KS
130360,1,1074997,KS
130364,0,24483,KS
130364,1,18641,KS
130370,0,12217,KS
130370,1,19936,KS
130429,0,53025,KS
130460,0,2408,KS
130471,0,20108,KS
130551,0,5575,KS
130555,0,1134,KS
130565,0,3692,KS
130569,0,79,KS
130581,0,1202,KS
130594,0,41635,KS
130616,0,6994,KS
130684,0,401638,KS
130711,0,1814,KS
130771,0,2308,KS
130804,0,24,KS
130804,1,35038,KS
130821,1,114367,KS
130833,0,49260,KS
130860,1,7601,KS
130886,0,17790,KS
131030,0,15,KS
131030,1,7211,KS
131043,0,371,KS
131044,0,33730,KS
131048,0,1885118,KS
131087,0,43038,KS
131141,0,117211,KS
131141,1,61895,KS
131145,0,12550,KS
131145,1,6819,KS
131218,0,6853,KS
131218,1,5453,KS
131223,0,29,KS
131230,0,17802,KS
131303,0,246,KS
131310,0,706068,KS
131359,0,3500,KS
131362,0,9761,KS
131366,0,12560,KS
131395,0,142318,KS
131395,1,0,KS
131413,0,6,KS
131448,0,55,KS
131448,1,18097,KS
131453,0,136,KS
131900,0,16846,KS
140048,0,245751,KS
140092,0,5689,KS
140092,1,17608,KS
140105,0,407904,KS
150120,0,16891,KS
150120,1,1504,KS
150206,0,18973,KS
150206,1,33229,KS
150250,0,301,KS
160127,0,48039,KS
160157,0,13386,KS
190083,0,2192,KS
190192,0,151,KS
190236,0,482266,KS
190274,0,5569,KS
190407,0,57584,KS
190410,0,2116,KS
190410,1,6816,KS
190448,0,234778,KS
220064,0,0,KS
230006,1,9479,KS
230018,0,9143,KS
240041,1,562500,KS
240099,0,94296,KS
250080,0,21,KS
280054,0,2335,KS
280074,1,23006,KS
290004,0,55,KS
290058,0,443383,KS
300077,0,30508,KS
300079,0,167059,KS
300164,0,89,KS
300192,0,2059,KS
320121,0,8156,KS
330045,0,168,KS
330067,1,0,KS
340025,0,15982,KS
340056,0,777911,KS
340056,1,0,KS
340088,0,5,KS
350071,0,1258,KS
360130,0,44458,KS
130068,1,40697,KY
130071,1,23348,KY
130077,0,1661604,KY
130077,1,260827,KY
130094,0,12918,KY
130124,0,0,KY
130127,0,61382,KY
130146,0,735574,KY
130150,0,60062,KY
130150,1,88004,KY
130235,0,895882,KY
130235,1,1832276,KY
130254,0,131765,KY
130254,1,261230,KY
130258,0,104,KY
130317,0,7,KY
130317,1,231714,KY
130370,0,56172,KY
130370,1,42517,KY
130423,0,19385,KY
130423,1,17768,KY
130445,0,51201,KY
130446,0,13548,KY
130507,0,731,KY
130507,1,43633,KY
130647,0,84,KY
130655,0,82114,KY
130668,0,10391,KY
130754,0,11871,KY
130754,1,8383,KY
130764,1,9364,KY
130804,0,2185,KY
130804,1,265542,KY
130865,1,36796,KY
130929,0,5233,KY
130929,1,15092,KY
131029,1,20882,KY
131081,0,264038,KY
131081,1,0,KY
131216,0,35896,KY
131216,1,52972,KY
131225,0,2927,KY
131226,0,13486,KY
131226,1,208,KY
131249,0,18545,KY
131310,0,27482,KY
131328,0,62316,KY
131413,0,1198285,KY
131413,1,21223,KY
131611,1,18306,KY
140001,0,36416,KY
150281,0,8721,KY
150312,1,14754,KY
160101,0,11916,KY
160118,0,5395,KY
160157,0,22228,KY
190089,0,15528,KY
190102,0,8232,KY
190142,0,16436,KY
190182,0,13792,KY
190184,0,35308,KY
190187,0,27902,KY
190187,1,6215,KY
190282,1,3632,KY
190335,0,36,KY
190429,0,9407,KY
190443,0,16591,KY
190503,0,96,KY
210069,0,49950,KY
210069,1,2130,KY
220078,0,941,KY
240008,0,21130,KY
240063,0,198,KY
260025,0,23616,KY
260025,1,546,KY
290009,0,30783,KY
300023,0,10227,KY
300079,0,69427,KY
300082,0,18128,KY
300088,0,4,KY
300146,0,5734,KY
320082,0,10479,KY
320121,0,9945,KY
330031,0,4,KY
330048,0,2111,KY
340015,0,156,KY
360005,0,212,KY
360011,0,215954,KY
360100,0,1117,KY
130039,0,42570,LA
130077,0,3209694,LA
130077,1,248922,LA
130127,0,107,LA
130183,1,4378,LA
130228,0,207281,LA
130228,1,437,LA
130235,0,82898,LA
130235,1,503759,LA
130317,1,519498,LA
130331,0,225717,LA
130360,1,1923512,LA
130362,0,21020,LA
130370,0,126628,LA
130370,1,512118,LA
130398,0,5426,LA
130432,0,37518,LA
130432,1,107535,LA
130497,1,15215,LA
130553,0,141006,LA
130553,1,887,LA
130587,0,776381,LA
130685,0,87957,LA
130728,0,25,LA
130939,1,5288,LA
131103,1,89631,LA
131226,0,45804,LA
131251,0,13527,LA
131302,1,584,LA
131311,0,62248,LA
131413,0,139,LA
150206,0,1614,LA
150206,1,66704,LA
150221,0,1833,LA
150221,1,182,LA
150262,0,48,LA
150340,0,16299,LA
150340,1,16,LA
190053,0,14135,LA
190163,0,1402,LA
190219,1,115015,LA
210069,0,0,LA
210069,1,48,LA
220008,0,5042,LA
230021,0,398,LA
240080,0,2841,LA
290009,0,463,LA
300164,0,537,LA
310035,0,2624,LA
320030,0,1333,LA
320030,1,39,LA
320052,0,79889,LA
320052,1,2861,LA
320121,0,9709,LA
340047,0,440171,LA
360013,0,2385,LA
130035,1,13,ME
130122,0,255300,ME
130122,1,2289,ME
130235,0,1038838,ME
130317,1,98239,ME
130471,0,1138680,ME
130471,1,9210,ME
130591,1,33045,ME
130745,0,29388,ME
130993,0,172820,ME
131310,0,48016,ME
131388,0,2116,ME
131397,0,13769,ME
131397,1,6256,ME
131406,0,0,ME
140012,0,22430,ME
150296,0,69703,ME
150296,1,2022,ME
190047,0,31177,ME
190079,0,59364,ME
190381,0,11,ME
300079,0,0,ME
300110,0,893,ME
300168,0,39417,ME
320121,0,0,ME
330054,0,16,ME
340003,0,8797,ME
340091,0,8589,ME
360068,0,11685,ME
360068,1,9873,ME
360125,0,753833,ME
130071,0,893,MD
130071,1,68370,MD
130079,1,177376,MD
130127,0,21238,MD
130228,0,277,MD
130235,0,6405,MD
130258,0,17,MD
130317,1,5090980,MD
130591,1,97926,MD
130804,0,55,MD
130804,1,23815,MD
131167,1,132049,MD
131181,1,10831,MD
131425,0,1914762,MD
131425,1,3504267,MD
190131,1,16272,MD
190192,0,0,MD
200044,0,862,MD
210101,0,123,MD
220052,1,731,MD
240062,0,139,MD
270001,0,19338,MD
270001,1,105,MD
280001,0,7,MD
280001,1,138070,MD
280020,0,5694,MD
280020,1,294,MD
290009,0,2640,MD
290016,0,2833,MD
290018,0,169965,MD
300170,0,179013,MD
300191,0,325,MD
310015,0,0,MD
310055,0,369562,MD
320016,0,27367,MD
320016,1,182,MD
320112,0,2795,MD
320121,0,149166,MD
320124,0,622184,MD
340019,0,227028,MD
360087,0,47,MD
360087,1,3187,MD
130079,1,909528,MA
130127,0,521,MA
130149,1,33875,MA
130235,0,851243,MA
130258,0,23,MA
130317,1,5510676,MA
130360,1,3213,MA
130471,0,12251,MA
131361,0,35608,MA
131425,0,3772296,MA
131425,1,2625449,MA
150296,0,6965,MA
190188,0,178,MA
190381,0,7594,MA
190405,1,8402,MA
210017,0,283,MA
210090,0,1292,MA
240041,0,371,MA
240041,1,5297,MA
240058,0,16031,MA
240066,0,534754,MA
240066,1,11352,MA
290009,0,886,MA
300164,0,16,MA
310015,0,2,MA
310016,0,1468,MA
310083,0,139,MA
310092,1,17668,MA
320031,0,15,MA
320050,0,1286,MA
320121,0,80279,MA
330008,0,539,MA
340091,0,90,MA
350033,0,5,MA
360090,0,715,MA
360111,1,224,MA
360131,0,189,MA
130008,0,30343,MI
130008,1,36107,MI
130018,0,48291,MI
130019,0,443184,MI
130019,1,214740,MI
130077,0,7147708,MI
130077,1,177486,MI
130095,0,18019,MI
130097,0,130720,MI
130127,0,1600,MI
130134,0,3798,MI
130137,1,37320,MI
130140,0,16033,MI
130203,0,2325,MI
130228,0,197850,MI
130233,0,2279,MI
130235,0,1296411,MI
130235,1,1289561,MI
130258,0,1300305,MI
130292,0,421023,MI
130299,0,5457,MI
130300,0,3285,MI
130300,1,20540,MI
130309,0,117530,MI
130309,1,985,MI
130317,0,425595,MI
130317,1,5535071,MI
130385,0,27682,MI
130385,1,49564,MI
130511,0,9284,MI
130607,0,18338,MI
130683,0,8154,MI
130734,0,18275,MI
130804,0,17987,MI
130804,1,4744,MI
130937,0,51107,MI
131157,0,3320,MI
131242,0,6867,MI
131310,0,907316,MI
131413,0,32,MI
131480,0,37430,MI
131480,1,1814239,MI
131493,0,3047,MI
131493,1,42763,MI
140018,0,701,MI
140064,0,101590,MI
160103,0,3222,MI
160127,0,15113,MI
160135,0,2183,MI
170025,0,274190,MI
170025,1,905,MI
190070,0,2440,MI
190070,1,1877,MI
190096,0,15771,MI
190185,0,2600,MI
190285,0,11845,MI
190438,0,63277,MI
210018,0,272748,MI
210018,1,4727,MI
210069,0,351,MI
220027,0,796,MI
220071,0,2770,MI
230010,0,325934,MI
230010,1,79686,MI
240032,1,30668,MI
240035,0,6783,MI
240051,0,159,MI
250069,0,2941,MI
260008,0,10845,MI
260049,0,74,MI
260050,0,115374,MI
260059,0,21217,MI
270044,0,297423,MI
270077,0,3567,MI
280018,0,720,MI
290039,0,131612,MI
290066,0,167,MI
290089,0,28152,MI
290092,1,280912,MI
300061,0,16797,MI
300079,0,111106,MI
300091,1,33490,MI
300105,0,32784,MI
300116,0,10676,MI
300122,0,5415,MI
300150,0,169510,MI
300164,0,2,MI
310015,0,244,MI
310045,0,4310,MI
310062,1,1901,MI
310066,0,29169,MI
320084,0,69627,MI
320121,0,55044,MI
330020,0,8223,MI
330071,0,8255,MI
330073,1,882,MI
330074,0,13236,MI
350020,0,2717,MI
350082,1,8435,MI
360043,0,12450,MI
360106,0,20100,MI
130008,0,26105,MN
130008,1,7031,MN
130031,1,9650,MN
130040,0,4934,MN
130074,0,198067,MN
130074,1,31140,MN
130115,0,27427,MN
130127,0,50,MN
130142,0,25105,MN
130142,1,15289,MN
130161,0,50810,MN
130183,1,43281,MN
130228,0,3032127,MN
130228,1,841479,MN
130235,0,1045974,MN
130250,0,4719,MN
130258,0,507821,MN
130270,0,4526,MN
130283,0,4851,MN
130317,0,124,MN
130317,1,2427617,MN
130335,0,130209,MN
130338,0,23688,MN
130338,1,32598,MN
130454,0,2407,MN
130494,0,13168,MN
130494,1,4994,MN
130526,0,5819,MN
130526,1,20861,MN
130527,0,102891,MN
130527,1,10041,MN
130567,0,288,MN
130583,0,7333,MN
130583,1,4718,MN
130590,0,6683,MN
130606,0,193053,MN
130606,1,78746,MN
130678,0,3172,MN
130686,0,7060,MN
130686,1,8248,MN
130718,0,4447,MN
130728,0,34,MN
130748,0,17897,MN
130749,0,14,MN
130767,0,1531,MN
130777,0,1651,MN
130804,0,3096,MN
130804,1,550853,MN
130821,1,313289,MN
130877,1,160,MN
130906,0,92149,MN
130944,0,77,MN
130956,0,429,MN
130982,0,55583,MN
131009,0,28595,MN
131014,0,15528,MN
131014,1,73521,MN
131056,1,628,MN
131097,0,7836,MN
131097,1,3551,MN
131114,0,5,MN
131116,0,8855,MN
131122,0,1498,MN
131139,0,3086,MN
131139,1,7074,MN
131197,0,24050,MN
131240,0,2420,MN
131310,0,44294,MN
131310,1,15490,MN
131401,0,3051,MN
131408,0,22994,MN
131408,1,596,MN
131413,0,115617,MN
131460,1,8873,MN
131482,0,39860,MN
131494,0,4907,MN
131506,0,2773,MN
140048,0,38658,MN
140059,0,9045,MN
140097,0,13758,MN
150266,0,12301,MN
150271,0,8153,MN
190008,0,3384,MN
190207,0,81826,MN
190244,0,376694,MN
190323,0,20005,MN
200032,0,2588131,MN
210075,0,560,MN
210101,0,201,MN
240056,1,749278,MN
260038,0,196411,MN
260050,0,444,MN
270028,0,42025,MN
270052,0,56446,MN
290005,0,13090,MN
290005,1,6381,MN
290006,0,81747,MN
290050,0,268,MN
290113,0,882,MN
290113,1,0,MN
300015,0,1647,MN
300031,1,11663,MN
300040,0,12823,MN
300079,0,167045,MN
300111,0,26779,MN
300149,1,8592,MN
310010,0,42336,MN
310023,1,45423,MN
320075,0,98,MN
320121,0,80666,MN
330045,0,1339,MN
330064,0,15501,MN
330064,1,6263,MN
340015,0,73,MN
340069,0,87,MN
340095,0,6563,MN
350006,0,132,MN
350106,0,1096,MN
350106,1,1676,MN
130077,0,2104953,MS
130077,1,173028,MS
130137,0,257726,MS
130148,0,3504,MS
130183,1,573364,MS
130228,0,62402,MS
130235,0,37743,MS
130235,1,274,MS
130258,0,17078,MS
130317,0,796,MS
130317,1,955027,MS
130370,1,77641,MS
130395,0,10175,MS
130553,0,7622,MS
130804,0,352,MS
130804,1,62910,MS
131226,0,9905,MS
131272,0,5009,MS
131302,0,30199,MS
131302,1,1009095,MS
131310,0,20100,MS
131311,0,270814,MS
131363,0,3013,MS
131413,0,32173,MS
131458,0,41,MS
140030,0,30594,MS
140030,1,9,MS
150221,0,746,MS
150309,0,3008,MS
150323,0,1358,MS
150334,0,37424,MS
150340,0,2299,MS
170040,0,8699,MS
230021,0,53,MS
250025,0,866,MS
280071,0,41921,MS
300164,0,0,MS
310035,0,408221,MS
320052,0,1404,MS
320090,0,13960,MS
320096,0,164548,MS
350015,0,8216,MS
130012,0,89,MO
130043,0,741,MO
130077,0,3351918,MO
130077,1,372001,MO
130103,0,0,MO
130124,0,34352,MO
130127,0,241,MO
130183,1,94801,MO
130228,0,1196246,MO
130228,1,67778,MO
130234,0,269949,MO
130234,1,18649,MO
130235,0,274472,MO
130235,1,2827355,MO
130258,0,5,MO
130263,0,15912,MO
130317,1,320906,MO
130335,0,4876,MO
130364,0,6164,MO
130364,1,318,MO
130370,0,52661,MO
130370,1,274115,MO
130427,0,1114,MO
130449,0,3594,MO
130471,0,42083,MO
130492,0,143089,MO
130497,0,26174,MO
130497,1,101591,MO
130558,0,8304,MO
130560,0,17125,MO
130560,1,16468,MO
130570,0,22512,MO
130594,0,37915,MO
130631,0,1832,MO
130697,0,59447,MO
130697,1,10513,MO
130728,0,3,MO
130736,0,4888,MO
130781,0,98609,MO
130787,0,12,MO
130798,0,9179,MO
130804,0,1510,MO
130804,1,655773,MO
130829,0,23899,MO
130833,0,123414,MO
130940,0,18834,MO
130986,0,10567,MO
131019,0,1675,MO
131048,0,1442416,MO
131126,0,9004,MO
131128,0,407,MO
131176,0,9240,MO
131177,0,22905,MO
131226,0,5296,MO
131260,0,17706,MO
131303,0,2443,MO
131310,0,97997,MO
131362,0,4204,MO
131394,0,335,MO
131413,0,101185,MO
131612,0,0,MO
140018,0,143878,MO
140032,0,748,MO
140048,0,140,MO
140078,0,34,MO
140105,0,963726,MO
150206,1,41,MO
150237,1,4208,MO
150296,0,41381,MO
150316,0,139624,MO
150316,1,25568,MO
150327,0,5779,MO
150327,1,15091,MO
160146,0,9723,MO
160157,1,16766,MO
190036,0,9906,MO
190059,0,16663,MO
190192,0,43,MO
190416,0,20747,MO
200006,0,113,MO
200025,0,264,MO
220056,0,38503,MO
230021,0,3,MO
230062,0,6851,MO
240041,1,651229,MO
240060,0,5334,MO
240099,0,12649,MO
240105,0,13673,MO
240106,0,1015,MO
240115,0,3,MO
250052,0,689,MO
250066,0,3543,MO
250102,0,1210,MO
260027,0,396,MO
260056,1,614560,MO
280004,0,718,MO
280007,0,3930,MO
280017,1,66418,MO
290112,0,67925,MO
300076,0,512,MO
300079,0,1383412,MO
300087,1,13698,MO
300090,0,14611,MO
300126,0,1152,MO
310015,0,0,MO
320007,0,13318,MO
320018,0,1832464,MO
320075,0,114,MO
320121,0,47717,MO
330001,0,4749,MO
330005,0,8373,MO
330067,1,182190,MO
340012,0,14688,MO
340036,0,4530,MO
340056,0,995409,MO
340056,1,166,MO
340084,0,29,MO
340084,1,407,MO
340088,0,0,MO
350014,0,34684,MO
350017,0,2984,MO
350055,0,5851,MO
350064,0,682,MO
350076,1,4962,MO
350099,0,53720,MO
350122,0,5,MO
350131,0,2522,MO
360007,0,442,MO
360007,1,3428,MO
360018,0,982,MO
360071,0,700,MO
360131,1,88,MO
130002,0,37338,MT
130132,0,63760,MT
130132,1,2001,MT
130228,0,701238,MT
130228,1,6307,MT
130235,0,591801,MT
130258,0,12266,MT
130622,0,1073,MT
130657,0,2460,MT
130657,1,3856,MT
130744,0,1507,MT
130826,0,65553,MT
130890,0,33689,MT
130890,1,3168,MT
130945,0,3428,MT
131090,0,9669,MT
131090,1,1015,MT
131102,0,0,MT
131102,1,93,MT
131129,0,39366,MT
131231,0,1555,MT
131260,0,0,MT
131366,0,21,MT
131367,0,25912,MT
131367,1,20536,MT
131404,0,138987,MT
140055,0,15388,MT
140101,0,88,MT
150341,0,1282,MT
190220,0,4642,MT
230025,0,11585,MT
240011,0,793,MT
240061,1,40558,MT
240109,0,299859,MT
240109,1,4337,MT
260015,0,124915,MT
260050,0,44236,MT
270063,0,99894,MT
290100,0,13228,MT
300125,0,47622,MT
300138,0,3228,MT
300171,0,2430,MT
300205,0,1423,MT
320127,0,1816,MT
330045,0,139,MT
340029,0,280382,MT
360132,0,9144,MT
130010,0,60139,NE
130065,0,78322,NE
130114,0,19798,NE
130127,0,111,NE
130144,0,107,NE
130183,1,57775,NE
130228,0,802363,NE
130228,1,167307,NE
130235,0,640868,NE
130258,0,85558,NE
130326,0,5697,NE
130360,1,653924,NE
130361,0,5209,NE
130429,0,18232,NE
130546,0,139469,NE
130546,1,225,NE
130550,0,306,NE
130569,0,61492,NE
130592,0,2872,NE
130594,0,7677,NE
130602,0,19893,NE
130603,0,3318,NE
130605,0,31424,NE
130663,0,76480,NE
130679,0,1096,NE
130692,0,9377,NE
130757,0,9498,NE
130757,1,3478,NE
130886,0,199880,NE
130887,0,132554,NE
130941,0,17175,NE
131021,0,911,NE
131034,0,122,NE
131037,0,4555,NE
131043,0,76882,NE
131050,0,203,NE
131050,1,2104,NE
131141,0,18,NE
131141,1,18,NE
131223,0,6775,NE
131226,0,64098,NE
131226,1,4573,NE
131250,0,5741,NE
131310,0,61430,NE
131340,0,17776,NE
131349,0,11096,NE
131394,0,598,NE
131404,0,42884,NE
131404,1,66,NE
131413,0,406240,NE
131413,1,44153,NE
131461,0,2558,NE
131492,0,389,NE
140048,0,951193,NE
150250,0,175564,NE
150266,0,1325,NE
160127,0,12,NE
160157,0,14616,NE
190150,0,12975,NE
190150,1,5728,NE
190192,0,537,NE
190504,0,20586,NE
190504,1,87261,NE
210095,0,42715,NE
230064,0,65087,NE
240089,0,16,NE
240089,1,68,NE
240300,0,11760,NE
260050,0,5936,NE
270074,0,13845,NE
290050,0,1086035,NE
300037,0,126422,NE
300079,0,1175,NE
300186,1,267,NE
300192,0,6233,NE
320075,0,2265,NE
320075,1,2570,NE
330034,0,6834,NE
330042,0,35646,NE
330045,0,1248,NE
350004,1,3473,NE
350043,0,803,NE
350100,0,3112,NE
360044,0,1020,NE
130077,0,507520,NV
130077,1,16829,NV
130106,0,78,NV
130106,1,67,NV
130206,0,14983,NV
130228,0,1548915,NV
130228,1,302533,NV
130235,0,1021,NV
130235,1,569608,NV
130252,0,22079,NV
130258,0,93231,NV
130360,1,1835561,NV
130370,1,26417,NV
130509,0,223,NV
130623,0,557,NV
130743,0,4575,NV
130743,1,783,NV
130784,0,1862,NV
131123,0,1596,NV
131310,0,10,NV
131310,1,12902,NV
140033,0,1242,NV
140033,1,4,NV
140048,0,901954,NV
150287,0,5076,NV
150287,1,3191,NV
160127,0,4300,NV
160141,0,953,NV
160141,1,234,NV
170054,0,9888,NV
170098,0,103,NV
190192,0,735,NV
230017,0,275015,NV
240014,0,5738,NV
250100,0,18208,NV
270113,0,257,NV
300137,0,21595,NV
310015,0,867,NV
320117,0,21363,NV
320121,0,26655,NV
330072,0,1377,NV
360094,0,34896,NV
360094,1,413,NV
360097,0,9,NV
360101,1,113,NV
360131,1,6,NV
130122,0,1904,NH
130235,0,150473,NH
130235,1,5318,NH
130269,0,1112,NH
130317,1,920560,NH
130420,0,4877,NH
130471,0,994069,NH
130471,1,198755,NH
130591,1,156697,NH
131174,0,13582,NH
131310,0,7282,NH
131310,1,68286,NH
131406,0,1609,NH
131517,0,25916,NH
160127,0,125,NH
190381,0,23456,NH
300079,0,13319,NH
310083,0,9359,NH
310083,1,3,NH
320068,0,15682,NH
320121,0,8150,NH
350090,0,874,NH
130127,0,2948,NJ
130228,0,323494,NJ
130228,1,236,NJ
130235,1,205711,NJ
130258,0,9,NJ
130317,1,4780860,NJ
130370,1,3794498,NJ
130623,0,7073,NJ
130623,1,0,NJ
130795,0,15780,NJ
131026,1,203096,NJ
131394,0,251,NJ
131413,0,103,NJ
131425,0,2569321,NJ
131425,1,5742826,NJ
131481,0,0,NJ
140080,1,203096,NJ
190008,0,317,NJ
190192,0,2,NJ
190381,0,13218,NJ
210101,0,31202,NJ
210101,1,691,NJ
300119,0,31,NJ
310015,0,191,NJ
310090,0,4,NJ
320121,0,127020,NJ
350041,0,225,NJ
350048,1,31704,NJ
360131,0,228,NJ
130081,0,24933,NM
130090,0,8176,NM
130090,1,766,NM
130132,0,0,NM
130183,1,142716,NM
130228,0,1509817,NM
130228,1,113034,NM
130235,0,34038,NM
130258,0,25222,NM
130317,0,69542,NM
130317,1,1091359,NM
130370,1,42865,NM
130400,0,2617,NM
130458,0,96400,NM
130458,1,26992,NM
130707,0,29841,NM
130708,0,4597,NM
130728,0,16692,NM
130810,0,3507,NM
131007,0,40,NM
131007,1,0,NM
131016,0,1021919,NM
131025,0,112329,NM
131131,0,8308,NM
131131,1,14711,NM
131208,0,33,NM
131226,0,495,NM
131310,0,74210,NM
131310,1,78616,NM
131383,0,34688,NM
131411,0,3637,NM
131411,1,116,NM
131413,0,160240,NM
140048,0,54082,NM
150313,0,45773,NM
160127,0,26845,NM
190192,0,85,NM
190506,0,54805,NM
240017,0,13762,NM
250053,0,24918,NM
250055,0,1086,NM
270078,0,41187,NM
290025,0,1054458,NM
290099,0,32937,NM
300128,0,723,NM
320055,0,1046,NM
320121,0,38186,NM
340020,0,14409,NM
340055,0,2433,NM
340089,0,21401,NM
360105,1,708547,NM
360123,0,183,NM
130071,0,9050,NY
130079,0,118,NY
130079,1,1185777,NY
130127,0,9384,NY
130228,0,193,NY
130235,0,4036058,NY
130235,1,7168074,NY
130238,0,8521,NY
130258,0,1564379,NY
130269,0,5954,NY
130317,1,119181,NY
130369,0,6677,NY
130370,1,7942322,NY
130399,0,9773,NY
130455,0,16215,NY
130455,1,74284,NY
130471,0,243104,NY
130538,0,5892,NY
130623,0,0,NY
130690,0,1095,NY
130780,0,13665,NY
130795,0,25048,NY
130920,0,43527,NY
130976,0,11110,NY
131013,0,3523,NY
131257,0,20430,NY
131310,0,46776,NY
131330,0,12233,NY
131330,1,58904,NY
131337,0,2250,NY
131339,0,20958,NY
131378,0,21559,NY
131413,0,180457,NY
131425,0,5272461,NY
131425,1,11403632,NY
131469,0,40728,NY
150325,0,93780,NY
160157,0,5884,NY
170044,0,236,NY
190008,0,1968,NY
190013,0,175,NY
190069,0,1999,NY
190181,0,27503,NY
190188,0,722862,NY
190336,0,6937,NY
190381,0,51890,NY
190381,1,1361,NY
210063,0,25,NY
210069,0,577,NY
210101,0,45311,NY
210101,1,2655454,NY
240058,0,166238,NY
240074,0,842172,NY
280001,0,0,NY
280001,1,10881,NY
290019,0,434,NY
300079,0,270665,NY
300110,0,1712,NY
300110,1,3431,NY
300119,0,573,NY
300164,0,75,NY
310000,0,105990,NY
310015,0,14,NY
310059,0,6606,NY
320031,0,5,NY
320047,1,67393,NY
320052,0,2,NY
320075,0,297,NY
320121,0,672904,NY
340015,0,0,NY
340026,1,5568,NY
350041,0,3292,NY
350104,0,1060,NY
350134,0,81,NY
360025,0,657,NY
360131,0,1611,NY
360131,1,2558,NY
130077,0,2691696,NC
130077,1,1532538,NC
130082,0,18447,NC
130082,1,61271,NC
130127,0,108,NC
130175,0,181,NC
130202,0,36930,NC
130228,0,2894539,NC
130228,1,75410,NC
130235,0,420969,NC
130235,1,7401739,NC
130258,0,616630,NC
130317,1,7151,NC
130360,1,1871,NC
130370,1,441805,NC
130448,0,26151,NC
130620,0,46887,NC
130623,0,2984,NC
130728,0,62,NC
130804,0,1146,NC
130804,1,115591,NC
130927,0,163206,NC
130949,0,76728,NC
130949,1,216329,NC
131042,0,4361,NC
131089,0,61250,NC
131125,0,7765,NC
131125,1,26154,NC
131199,0,4268,NC
131199,1,57467,NC
131252,0,61532,NC
131255,0,22706,NC
131283,0,30680,NC
131283,1,45805,NC
131310,0,595724,NC
131370,0,12834,NC
131413,0,862710,NC
131413,1,112273,NC
131425,0,1326,NC
131486,0,12351,NC
131486,1,47530,NC
131516,0,85007,NC
150258,0,469,NC
150262,0,126,NC
150292,0,45044,NC
160157,0,10897,NC
190008,0,3480,NC
190192,0,742,NC
190239,1,108004,NC
190381,0,40,NC
200029,0,9241,NC
200029,1,124470,NC
210019,1,50920,NC
210046,0,7464,NC
220016,0,20791,NC
220078,0,50,NC
230021,0,0,NC
240022,0,15174,NC
240041,1,147361,NC
290024,0,38,NC
290081,0,20764,NC
300053,0,111219,NC
300079,0,726413,NC
300164,0,488,NC
300186,1,0,NC
310013,0,12304,NC
310021,1,37743,NC
320121,0,42578,NC
330045,0,2786,NC
340094,0,2098,NC
350091,0,125352,NC
350091,1,1079,NC
360019,0,1913,NC
360087,1,3842,NC
360134,0,67,NC
130005,0,93,ND
130108,1,27322,ND
130183,1,135179,ND
130184,0,22947,ND
130228,0,326680,ND
130228,1,12807,ND
130258,0,90,ND
130335,0,24555,ND
130337,0,36090,ND
130387,0,298,ND
130387,1,25449,ND
130405,1,18964,ND
130583,0,259,ND
130583,1,2679,ND
130673,0,33,ND
130821,1,408765,ND
130826,0,28,ND
130827,0,3302,ND
130856,1,6653,ND
130885,0,7685,ND
130885,1,23411,ND
130890,0,15223,ND
130890,1,3707,ND
130950,0,5066,ND
130950,1,3329,ND
131056,0,7970,ND
131056,1,17071,ND
131097,0,8755,ND
131097,1,6585,ND
131102,0,1863,ND
131102,1,14173,ND
131122,0,88,ND
131122,1,17,ND
131246,0,32597,ND
131246,1,36149,ND
131407,0,2030,ND
131407,1,21281,ND
131408,0,64389,ND
131408,1,3018,ND
131422,1,47,ND
131465,0,7518,ND
131465,1,19169,ND
140101,0,254,ND
150271,0,22177,ND
250062,0,198,ND
300190,0,5417,ND
340052,0,49937,ND
130059,0,442426,OH
130059,1,511,OH
130071,1,333978,OH
130073,0,3494,OH
130077,0,5620345,OH
130077,1,271423,OH
130087,0,2747,OH
130098,0,126663,OH
130098,1,10530,OH
130116,0,1411798,OH
130127,0,924,OH
130137,1,512248,OH
130228,0,1352966,OH
130228,1,847,OH
130235,0,6587835,OH
130235,1,2691638,OH
130254,0,489570,OH
130254,1,1018591,OH
130258,0,1614774,OH
130282,0,25738,OH
130316,0,254147,OH
130317,0,71,OH
130317,1,172841,OH
130322,1,4687,OH
130360,1,251313,OH
130370,0,44395,OH
130370,1,54711,OH
130385,0,26,OH
130385,1,0,OH
130416,0,17131,OH
130471,0,47054,OH
130481,0,92170,OH
130511,0,20485,OH
130543,0,3074,OH
130619,0,80053,OH
130623,0,1498,OH
130681,0,3785,OH
130788,0,169103,OH
130796,0,1920,OH
130804,0,105,OH
130804,1,10090,OH
130847,0,11574,OH
130903,0,1321,OH
130903,1,60857,OH
130904,0,5200,OH
130914,0,12957,OH
130956,0,4276,OH
131183,0,3139,OH
131260,0,58,OH
131290,0,5869,OH
131310,0,19794,OH
131329,0,37752,OH
131332,0,15074,OH
131342,0,3190,OH
131344,0,6404,OH
131413,0,601042,OH
131413,1,95,OH
131418,0,1206,OH
131444,0,37214,OH
131444,1,23252,OH
131480,1,1491907,OH
140036,0,5256,OH
140064,0,540429,OH
150119,0,11242,OH
150225,0,3021,OH
150266,0,60667,OH
150270,0,66270,OH
150270,1,4265,OH
160135,0,1,OH
160157,0,13941,OH
170047,0,18687,OH
190071,0,6642,OH
190118,0,7076,OH
190208,0,24300,OH
190320,0,62111,OH
190335,0,1648,OH
210042,0,47960,OH
210069,0,39,OH
220078,0,2183,OH
230021,0,170,OH
240012,0,8947,OH
240065,0,23334,OH
240077,0,3511,OH
240101,0,3300,OH
240102,0,14455,OH
260004,0,45738,OH
290002,0,77,OH
290039,0,3934,OH
290086,0,15962,OH
300065,0,38998,OH
300079,0,156242,OH
300124,0,12493,OH
300176,0,167,OH
300196,0,15308,OH
310006,0,6794,OH
310006,1,2,OH
310060,0,3254,OH
310082,0,41861,OH
320004,0,3525,OH
320075,0,83,OH
320113,0,297,OH
320121,0,64595,OH
330035,0,4513,OH
340053,1,4049,OH
340091,0,5,OH
340096,0,95632,OH
350011,0,117,OH
350018,0,191316,OH
350058,0,10981,OH
350073,0,40911,OH
360049,0,68674,OH
360092,0,452,OH
130077,0,2222359,OK
130077,1,204295,OK
130083,0,2095,OK
130107,0,5128,OK
130127,0,20,OK
130130,0,24568,OK
130130,1,8746,OK
130168,0,8136,OK
130183,1,267452,OK
130195,0,3072,OK
130201,0,1225,OK
130201,1,1830,OK
130226,0,19773,OK
130228,0,5477,OK
130240,0,16345,OK
130245,0,70393,OK
130245,1,94,OK
130315,0,5315,OK
130360,1,1699584,OK
130364,0,303,OK
130366,0,24267,OK
130370,0,102112,OK
130370,1,262880,OK
130425,0,40551,OK
130460,0,131,OK
130471,0,15443,OK
130497,1,83006,OK
130561,0,7461,OK
130561,1,1701,OK
130614,0,41097,OK
130684,0,43121,OK
130725,1,3162,OK
130728,0,28,OK
130794,0,36050,OK
130925,0,25,OK
130973,0,8577,OK
131007,0,17181,OK
131007,1,13183,OK
131016,0,1074,OK
131039,0,13635,OK
131045,0,197422,OK
131152,0,20826,OK
131162,0,1585,OK
131177,0,2757,OK
131177,1,1692,OK
131184,0,2038,OK
131218,0,228,OK
131218,1,518,OK
131226,0,3,OK
131233,0,148698,OK
131295,0,0,OK
131310,0,57017,OK
131320,0,1556,OK
131359,0,22131,OK
131395,0,97,OK
131412,0,5009,OK
131413,0,318676,OK
140048,0,819014,OK
140105,0,34668,OK
150206,0,3629,OK
150206,1,243849,OK
150334,0,19271,OK
190053,0,2351,OK
190083,0,244,OK
190232,0,47872,OK
190233,0,9721,OK
190233,1,318,OK
220061,0,3058,OK
230021,0,265,OK
230074,1,6,OK
240003,0,250353,OK
240099,0,47154,OK
250014,0,120205,OK
250099,0,3691,OK
270085,0,731,OK
290004,0,26527,OK
290004,1,2378,OK
290010,0,32,OK
290061,0,12358,OK
290106,0,599107,OK
300008,0,27959,OK
300079,0,30032,OK
300106,0,2547,OK
300120,0,196832,OK
300164,0,89,OK
300186,1,227,OK
320086,0,16284,OK
330018,0,6998,OK
330045,0,1259,OK
330055,1,46443,OK
340008,1,2242,OK
340025,0,74047,OK
350118,0,42843,OK
350122,0,2940,OK
360085,0,10151,OK
370002,0,2009,OK
130086,0,31464,OR
130104,0,18024,OR
130132,0,262,OR
130183,1,19044,OR
130196,0,16587,OR
130196,1,12559,OR
130206,0,19475,OR
130228,0,1728826,OR
130228,1,823863,OR
130235,0,728819,OR
130258,0,943441,OR
130289,0,12240,OR
130312,0,3296,OR
130317,1,2254083,OR
130431,0,485,OR
130539,0,18842,OR
130539,1,1338,OR
130601,0,419,OR
130784,0,3075,OR
130831,0,381,OR
130850,0,645,OR
130850,1,16419,OR
130852,0,3243,OR
130854,0,6976,OR
130982,0,0,OR
130986,0,10108,OR
131046,0,22524,OR
131046,1,1560,OR
131123,0,1137,OR
131130,0,1680,OR
131168,0,4097,OR
131248,0,2100,OR
131259,0,19213,OR
131310,0,23,OR
131310,1,136434,OR
131413,0,29,OR
131454,0,35651,OR
131454,1,221144,OR
140048,0,21596,OR
150245,0,0,OR
150330,0,12220,OR
150336,0,161796,OR
160127,0,45063,OR
170066,0,18637,OR
170098,0,45020,OR
170098,1,136,OR
180006,0,5288,OR
190073,0,27276,OR
190104,0,16427,OR
190104,1,9568,OR
190126,0,23198,OR
190126,1,57019,OR
190130,0,28950,OR
190227,0,9262,OR
200027,0,470126,OR
200027,1,4261,OR
200039,1,137,OR
200057,0,592,OR
210020,0,14256,OR
220030,0,5491,OR
220079,0,47276,OR
220079,1,13996,OR
240036,0,62106,OR
250080,0,26330,OR
250080,1,772,OR
260070,0,4253,OR
270011,0,493725,OR
270027,0,9331,OR
290077,0,24742,OR
290077,1,17,OR
290108,0,4695,OR
290108,1,25,OR
290118,0,175276,OR
300079,0,302823,OR
300093,0,1612,OR
300144,0,14490,OR
320073,0,35023,OR
320087,1,18358,OR
320105,0,325,OR
320121,0,53431,OR
320127,0,29294,OR
330059,0,166002,OR
330076,0,97,OR
330081,0,6667,OR
350019,0,205689,OR
350057,0,6274,OR
350092,0,10712,OR
350133,0,2062,OR
360116,0,2276,OR
130071,0,5782,PA
130071,1,510089,PA
130079,1,783360,PA
130127,0,2220,PA
130228,0,781505,PA
130235,0,374927,PA
130258,0,536837,PA
130264,1,13927,PA
130317,1,8900179,PA
130335,0,84609,PA
130370,1,50145,PA
130455,0,11496,PA
130455,1,12664,PA
130471,0,49876,PA
130591,1,78033,PA
130609,0,6298,PA
130623,0,13738,PA
130623,1,96,PA
130634,0,22768,PA
130667,0,21965,PA
130721,0,5094,PA
130721,1,18695,PA
130761,0,4729,PA
131026,0,61,PA
131026,1,1818381,PA
131027,0,130,PA
131303,0,201,PA
131310,0,12334,PA
131337,0,239,PA
131341,0,11264,PA
131341,1,11428,PA
131362,0,6883,PA
131413,0,787069,PA
131423,0,3542,PA
131425,0,4843029,PA
131425,1,5227524,PA
140078,0,372,PA
140080,1,766004,PA
160157,1,62363,PA
190013,0,1692,PA
190046,0,3839,PA
190218,0,131,PA
190265,1,18544,PA
190381,0,1671,PA
190381,1,17,PA
200048,0,7369,PA
220028,0,3714,PA
220052,1,3008,PA
230026,0,1020,PA
240102,0,7624,PA
270045,0,237307,PA
280001,0,10,PA
280001,1,406957,PA
280010,0,7797,PA
290003,0,140038,PA
290052,0,20128,PA
300027,0,253040,PA
300079,0,67123,PA
300085,0,845830,PA
300139,1,11416,PA
300164,0,71,PA
300191,0,189,PA
310090,0,156,PA
320016,0,78,PA
320074,0,34945,PA
320115,0,1474,PA
320121,0,101223,PA
320124,0,49215,PA
330002,1,440900,PA
340003,0,82,PA
350041,0,0,PA
350081,0,5213,PA
350120,0,5150,PA
360021,0,187,PA
360025,0,3325,PA
360103,0,19715,PA
360131,0,135,PA
130235,0,214,RI
130258,0,2,RI
130360,1,1024112,RI
130520,1,49612,RI
131425,0,145066,RI
131425,1,892365,RI
300164,0,83,RI
320121,0,8476,RI
130077,0,2317191,SC
130077,1,240167,SC
130127,0,596,SC
130228,0,207083,SC
130235,0,1519818,SC
130235,1,1169718,SC
130241,0,15569,SC
130242,0,78787,SC
130258,0,327129,SC
130317,0,73726,SC
130317,1,517919,SC
130490,0,147141,SC
130490,1,60588,SC
130589,0,150301,SC
130617,0,24717,SC
130617,1,72974,SC
130620,0,43346,SC
130620,1,227521,SC
130623,0,261,SC
130986,0,5,SC
131005,0,17098,SC
131005,1,21511,SC
131036,0,25335,SC
131125,0,199151,SC
131125,1,184466,SC
131158,0,52148,SC
131310,0,30462,SC
131394,0,0,SC
131413,0,151530,SC
131413,1,571,SC
131459,0,3755,SC
131459,1,32003,SC
131480,1,263503,SC
150292,0,145992,SC
180039,0,15616,SC
220046,0,21383,SC
240088,0,17042,SC
280001,0,827,SC
280001,1,131815,SC
300053,0,59559,SC
310015,0,0,SC
350091,0,2101,SC
360014,1,21204,SC
360131,0,66,SC
130040,0,25381,SD
130118,0,2101,SD
130127,0,36,SD
130183,1,6286,SD
130228,0,442891,SD
130228,1,24047,SD
130243,0,5779,SD
130258,0,172,SD
130271,1,21994,SD
130274,0,422,SD
130325,0,71,SD
130337,0,542,SD
130405,1,312,SD
130494,0,87,SD
130494,1,45,SD
130550,0,96925,SD
130569,0,128,SD
130662,0,35982,SD
130673,0,45628,SD
130691,0,1616,SD
130757,0,1606,SD
130757,1,2886,SD
130797,0,5965,SD
130804,0,20,SD
130804,1,36076,SD
130821,1,454027,SD
130828,0,12855,SD
130877,0,56,SD
130886,0,0,SD
130941,0,30,SD
131009,0,611,SD
131090,0,226,SD
131097,1,39,SD
131122,0,48103,SD
131122,1,805,SD
131163,0,43103,SD
131163,1,4526,SD
131310,0,1429,SD
131349,0,41,SD
131394,0,1107,SD
131409,1,4802,SD
131422,1,25713,SD
131465,0,7072,SD
140048,0,232393,SD
140101,0,6434,SD
150266,0,15664,SD
160113,0,26794,SD
190150,0,5340,SD
190150,1,2151,SD
190244,0,11375,SD
240089,0,161,SD
250057,0,1272,SD
250062,0,49679,SD
260050,0,30857,SD
270099,0,113147,SD
280037,0,3909,SD
290023,0,32300,SD
300194,0,7807,SD
310023,0,7370,SD
310023,1,238633,SD
340043,0,509,SD
350012,0,339,SD
350012,1,15324,SD
130068,0,7733,TN
130068,1,10874,TN
130077,0,3664728,TN
130077,1,754845,TN
130112,0,111145,TN
130112,1,8712,TN
130127,0,591,TN
130136,0,22252,TN
130136,1,8303,TN
130183,1,30199,TN
130228,0,494563,TN
130235,0,1085932,TN
130235,1,697420,TN
130258,0,211156,TN
130317,0,6304,TN
130317,1,3578808,TN
130396,0,51268,TN
130427,0,71350,TN
130491,0,130,TN
130623,0,386,TN
130647,0,3017,TN
130648,0,18975,TN
130762,0,16408,TN
130804,0,132,TN
130804,1,32681,TN
130929,0,3753,TN
130929,1,36421,TN
131035,0,895,TN
131170,0,1686,TN
131199,1,891,TN
131302,1,20318,TN
131310,0,171695,TN
131310,1,157597,TN
131311,0,28777,TN
131384,0,23293,TN
131384,1,57673,TN
131396,0,51719,TN
131396,1,21579,TN
131413,0,39,TN
131480,1,139861,TN
131481,0,193,TN
131611,1,44436,TN
140001,0,3805,TN
150206,1,27616,TN
150258,0,3543,TN
150258,1,838,TN
160108,1,156823,TN
160116,0,979972,TN
160157,0,1630,TN
170058,1,77407,TN
190008,0,1474,TN
190015,0,37063,TN
190015,1,2191,TN
190025,0,9273,TN
190045,0,2126,TN
190134,1,330952,TN
190304,1,197,TN
190503,0,10360,TN
220007,0,15626,TN
230021,0,193,TN
230062,0,54,TN
240041,1,3329,TN
240094,0,38,TN
250025,0,4733,TN
250078,0,7521,TN
260009,0,32002,TN
260026,0,156329,TN
280067,0,40707,TN
280071,0,4409,TN
290081,0,68831,TN
290103,0,13281,TN
300011,0,209930,TN
300011,1,723,TN
300073,0,42834,TN
300164,0,191,TN
310015,0,29,TN
320052,0,1,TN
320092,0,13326,TN
320096,0,33748,TN
320121,0,25777,TN
320126,0,7168,TN
340002,0,499,TN
340070,0,22528,TN
340088,0,11,TN
350067,0,173796,TN
350070,0,82590,TN
360002,0,12845,TN
360029,1,10804,TN
360055,1,62544,TN
130034,0,41155,TX
130061,0,9296,TX
130077,0,13458543,TX
130077,1,3585418,TX
130079,0,8344,TX
130079,1,1246268,TX
130105,0,23496,TX
130123,0,39240,TX
130123,1,3154,TX
130127,0,3311,TX
130141,0,4058,TX
130152,0,16367,TX
130152,1,420,TX
130153,0,10297,TX
130183,1,371396,TX
130199,0,7414,TX
130227,0,487052,TX
130228,0,958241,TX
130228,1,7986,TX
130235,0,3368857,TX
130235,1,9603928,TX
130258,0,2638842,TX
130307,0,9400,TX
130311,0,33923,TX
130311,1,2511,TX
130315,0,52550,TX
130315,1,2246,TX
130317,1,4967553,TX
130327,0,3634,TX
130335,0,237324,TX
130335,1,20336,TX
130370,0,248631,TX
130370,1,2678625,TX
130375,0,10999,TX
130380,0,15161,TX
130400,0,19696,TX
130425,0,33,TX
130440,0,77969,TX
130458,0,1458,TX
130459,1,530097,TX
130464,0,42949,TX
130471,0,8,TX
130497,1,49681,TX
130502,0,17167,TX
130524,0,4051,TX
130524,1,3312,TX
130540,0,27250,TX
130578,0,26450,TX
130578,1,108940,TX
130612,0,22547,TX
130612,1,13500,TX
130623,0,1582,TX
130623,1,1681,TX
130645,0,5088,TX
130710,0,2095,TX
130712,0,7144,TX
130728,0,1721,TX
130747,0,4457,TX
130825,0,8007,TX
130825,1,82,TX
130925,0,17137,TX
130925,1,10602,TX
131007,0,17765,TX
131007,1,22,TX
131011,0,10986,TX
131016,0,567097,TX
131031,0,114457,TX
131055,0,22426,TX
131117,0,8488,TX
131128,0,0,TX
131162,0,34742,TX
131162,1,6513,TX
131206,0,23810,TX
131206,1,66211,TX
131221,0,13585,TX
131226,0,170749,TX
131226,1,1069,TX
131232,1,1521,TX
131233,0,265,TX
131234,0,8171,TX
131296,0,22341,TX
131310,0,32404,TX
131310,1,57,TX
131320,0,618,TX
131362,0,5816,TX
131413,0,833525,TX
131413,1,51644,TX
131466,0,28650,TX
131476,0,38281,TX
131512,0,14523,TX
140016,0,14019,TX
140048,0,9576121,TX
150206,0,23502,TX
150206,1,51077,TX
150227,0,7158,TX
150292,0,115897,TX
150308,0,164633,TX
150334,0,111472,TX
150335,0,23927,TX
150340,0,122100,TX
150340,1,707,TX
160157,0,32308,TX
180064,0,16373,TX
190008,0,10483,TX
190053,0,5321,TX
190189,0,800647,TX
190192,0,2617,TX
190193,0,4224,TX
190309,0,3294333,TX
190312,0,125810,TX
190336,0,1645,TX
190370,0,991,TX
200012,1,73949,TX
210001,0,1177,TX
210040,0,20041,TX
210105,0,2699,TX
220015,0,1406552,TX
220061,0,230454,TX
220064,0,13103,TX
230021,0,15,TX
230050,0,263,TX
240041,1,336777,TX
240068,0,16914,TX
240072,0,38869,TX
250014,0,29852,TX
260016,0,198330,TX
260021,0,336,TX
260050,0,18728,TX
260051,0,5045,TX
270078,0,35344,TX
270085,0,186053,TX
280011,0,15360,TX
280027,0,177246,TX
280031,0,6227,TX
290007,0,809124,TX
290010,0,3631052,TX
290042,0,56490,TX
290050,0,104,TX
290053,0,4309,TX
290091,0,3071,TX
290127,0,1629,TX
300004,0,42072,TX
300010,0,11172,TX
300016,0,35727,TX
300017,0,0,TX
300029,0,1918117,TX
300036,0,188105,TX
300067,0,319855,TX
300079,0,28625,TX
300092,0,13104,TX
300123,0,126941,TX
300136,0,126941,TX
300158,0,315113,TX
300159,0,13984,TX
300160,0,9883,TX
300164,0,54433,TX
300172,0,87396,TX
300180,0,19897,TX
300192,0,39343,TX
310001,0,367154,TX
310015,0,3,TX
310040,0,89626,TX
310042,0,262960,TX
310053,0,39005,TX
310071,0,123442,TX
310088,0,103214,TX
320013,0,196326,TX
320028,0,41541,TX
320031,0,495,TX
320037,0,38427,TX
320052,0,0,TX
320075,0,83,TX
320088,0,67955,TX
320091,0,213460,TX
320114,0,46475,TX
320121,0,240236,TX
320125,0,69478,TX
330006,0,65223,TX
330044,0,3749,TX
330045,0,11165,TX
330054,0,0,TX
330080,0,789,TX
340001,0,1225928,TX
340001,1,54462,TX
340059,0,2388,TX
340061,0,427,TX
340068,0,287851,TX
340088,0,19763,TX
350008,0,456531,TX
350021,0,33625,TX
350034,0,3749,TX
350039,0,13404,TX
350045,0,286,TX
350093,0,615779,TX
350122,0,3822,TX
360006,1,2119,TX
360048,0,3398,TX
360085,0,120453,TX
360131,0,44,TX
360131,1,598,TX
130032,0,81,UT
130037,0,2124,UT
130037,1,22443,UT
130081,0,5489,UT
130106,0,8710,UT
130106,1,3264,UT
130132,0,0,UT
130228,0,1623833,UT
130228,1,816181,UT
130258,0,48684,UT
130317,1,2194566,UT
130453,0,39644,UT
130453,1,4522,UT
130580,0,5819,UT
130778,0,2288,UT
130778,1,9867,UT
130986,0,23040,UT
131219,0,64123,UT
131219,1,2884,UT
131310,0,1182,UT
131310,1,147423,UT
131387,0,55958,UT
131387,1,26102,UT
140048,0,2215947,UT
140050,0,13236,UT
160127,0,65019,UT
160127,1,128,UT
170054,0,180303,UT
190008,0,43,UT
190192,0,52,UT
230028,0,38636,UT
230051,1,180544,UT
230052,0,128329,UT
230052,1,423858,UT
240004,0,176365,UT
240041,1,175305,UT
260069,1,43598,UT
290015,0,133040,UT
290054,0,2997,UT
290054,1,350,UT
290121,0,2546,UT
300096,0,958,UT
300132,0,47246,UT
300181,0,19720,UT
300198,0,8736,UT
310001,0,449491,UT
310001,1,4180,UT
310063,0,7344,UT
320080,0,21553,UT
320083,1,3603,UT
320121,0,45992,UT
330029,0,356,UT
350033,0,0,UT
360114,0,791,UT
130235,1,50440,VT
130269,0,4779,VT
130317,1,444109,VT
130471,0,531740,VT
130514,0,1960,VT
130808,0,39065,VT
131175,0,25060,VT
131175,1,14549,VT
131310,0,13608,VT
131426,1,29635,VT
150296,0,9308,VT
150296,1,24,VT
190066,1,48470,VT
190093,0,39836,VT
190188,0,20129,VT
190268,0,641,VT
190337,0,4730,VT
190381,0,113651,VT
190381,1,2132,VT
240090,0,6186,VT
300079,0,378070,VT
310015,0,196,VT
320068,0,3489,VT
320100,1,17003,VT
130079,1,19244,VA
130127,0,2696,VA
130175,0,69290,VA
130178,0,234,VA
130228,0,724586,VA
130228,1,7789,VA
130235,0,70182,VA
130235,1,135174,VA
130237,0,16453,VA
130258,0,1548,VA
130266,0,27999,VA
130317,0,62497,VA
130317,1,3703438,VA
130360,1,2760434,VA
130370,0,123,VA
130370,1,12934,VA
130471,0,20067,VA
130591,0,5975,VA
130591,1,87554,VA
130610,0,1719,VA
130623,0,1770,VA
130655,0,4916,VA
130696,0,6291,VA
130696,1,323,VA
130728,0,271,VA
130804,0,801,VA
130804,1,7644,VA
130814,0,159520,VA
130814,1,2918,VA
130901,0,2927,VA
131024,0,5713,VA
131170,0,28982,VA
131181,0,11184,VA
131181,1,290385,VA
131199,0,14,VA
131199,1,172,VA
131310,0,192410,VA
131425,0,2819294,VA
131425,1,3644928,VA
131481,0,0,VA
150249,0,2806,VA
150262,0,15388,VA
150344,0,15183,VA
190008,0,7308,VA
190025,0,207,VA
190081,1,157714,VA
190335,0,27,VA
190381,0,280,VA
210069,0,6,VA
230044,0,88509,VA
240064,1,1346,VA
260062,0,59805,VA
270002,0,799,VA
280020,0,20726,VA
280020,1,1089,VA
290014,0,52853,VA
290018,0,2359,VA
290087,0,360046,VA
300049,1,30824,VA
300079,0,294353,VA
300164,0,0,VA
300169,0,189272,VA
300170,0,884329,VA
300191,0,93428,VA
300191,1,14910,VA
310015,0,815,VA
310020,0,145,VA
310031,1,2419,VA
310081,0,2656,VA
320049,0,2558,VA
320052,0,815,VA
320057,0,9223,VA
320112,0,6369,VA
320121,0,165630,VA
320124,0,18253,VA
340070,0,23026,VA
340091,0,49,VA
340094,0,1876,VA
350051,0,272237,VA
360069,0,62,VA
360077,0,1792,VA
360087,0,855,VA
360087,1,30613,VA
360093,0,54,VA
360131,0,190,VA
130086,0,14169,WA
130127,0,13,WA
130132,0,297,WA
130183,1,20640,WA
130228,0,3139680,WA
130228,1,1504746,WA
130235,0,650176,WA
130258,0,1607536,WA
130303,0,7433,WA
130317,1,4942958,WA
130329,0,53675,WA
130329,1,99,WA
130471,0,97059,WA
130500,0,64286,WA
130651,0,9185,WA
130728,0,10,WA
130784,0,1136,WA
130786,0,45001,WA
130786,1,10669,WA
130790,0,681,WA
130968,0,84032,WA
130986,0,600,WA
131047,0,756,WA
131118,0,13288,WA
131118,1,13090,WA
131165,0,17208,WA
131247,0,4021,WA
131310,0,28944,WA
131347,1,17185,WA
131394,0,91,WA
131454,0,8353,WA
131454,1,664785,WA
131475,0,2099,WA
131478,0,16267,WA
131478,1,2309,WA
131497,0,525360,WA
140020,1,63015,WA
150245,0,642,WA
150292,0,54232,WA
160157,0,3640,WA
170098,0,0,WA
190303,0,3225,WA
190303,1,28762,WA
190342,0,2508507,WA
190406,0,72,WA
190419,0,106315,WA
200057,0,5133,WA
220031,1,5222,WA
220079,0,751,WA
230033,0,9415,WA
230036,0,7412,WA
240031,0,18702,WA
240046,0,4013,WA
240110,0,4408,WA
240110,1,73622,WA
260010,0,2769,WA
270027,0,211731,WA
270032,0,359062,WA
270062,0,3604,WA
270083,0,3919,WA
280015,0,385303,WA
280028,0,1304,WA
290062,0,55,WA
290093,0,244776,WA
290093,1,1348,WA
290105,0,3447,WA
300079,0,31029,WA
300080,0,30606,WA
300093,0,716,WA
300112,0,29069,WA
300164,0,136,WA
300171,0,1736,WA
310015,1,134,WA
310017,0,5669,WA
310030,0,3572,WA
310058,0,457577,WA
310061,0,9114,WA
310061,1,0,WA
310084,0,182,WA
320052,0,30,WA
320056,0,3235,WA
320056,1,12534,WA
320087,0,9932,WA
320087,1,105,WA
320121,0,174174,WA
330082,0,191006,WA
340058,0,29415,WA
350069,0,116118,WA
350087,0,1297,WA
360124,0,1069,WA
360131,1,1168,WA
130071,0,10748,WV
130071,1,40301,WV
130235,0,72142,WV
130258,0,1651745,WV
130317,0,219,WV
130317,1,515824,WV
130322,1,75568,WV
130370,0,72875,WV
130370,1,603649,WV
130588,0,14554,WV
130588,1,307,WV
130623,0,171,WV
130655,0,2378,WV
130764,1,2987,WV
130817,0,328199,WV
131181,0,5785,WV
131181,1,132445,WV
131245,0,7186,WV
131303,0,7178,WV
131310,0,0,WV
150296,0,1422,WV
160157,0,944,WV
170047,0,1860,WV
190208,0,7394,WV
220052,1,2882,WV
220078,0,428,WV
240016,0,7713,WV
240102,0,5991,WV
260062,0,67368,WV
280001,1,37638,WV
290037,1,1691,WV
290087,0,562,WV
300079,0,569437,WV
300170,0,42876,WV
300191,0,7197,WV
320112,0,758,WV
320113,0,23,WV
320124,0,31456,WV
350011,0,2473,WV
130057,0,35400,WI
130057,1,373,WI
130058,0,1703,WI
130058,1,12620,WI
130077,0,3102230,WI
130077,1,91021,WI
130093,0,30328,WI
130119,0,629,WI
130127,0,403,WI
130138,1,7185,WI
130142,0,9179,WI
130142,1,405,WI
130170,0,3115,WI
130228,0,765511,WI
130228,1,45232,WI
130235,0,1302520,WI
130235,1,3160415,WI
130239,0,6084,WI
130239,1,11444,WI
130244,0,25489,WI
130244,1,4372,WI
130258,0,694208,WI
130267,1,5380,WI
130291,0,6199,WI
130305,1,3096,WI
130317,1,78624,WI
130345,0,5877,WI
130476,0,5742,WI
130476,1,2,WI
130527,0,9346,WI
130606,0,33772,WI
130613,0,1917,WI
130714,0,7812,WI
130714,1,4473,WI
130726,0,2758,WI
130726,1,1588,WI
130733,0,34,WI
130733,1,7684,WI
130749,0,35784,WI
130783,0,16637,WI
130783,1,45,WI
130804,0,1025,WI
130804,1,88169,WI
130809,0,12974,WI
130821,1,3091,WI
130862,0,24792,WI
130889,0,12432,WI
130919,0,47385,WI
130937,0,1536912,WI
130943,0,18143,WI
130943,1,494,WI
131072,0,8120,WI
131072,1,1155,WI
131100,1,16229,WI
131109,0,2885,WI
131109,1,3499,WI
131179,0,5965,WI
131194,0,3188,WI
131241,0,3100,WI
131299,0,6176,WI
131310,0,1894503,WI
131310,1,119508,WI
131368,0,31223,WI
131389,0,9558,WI
131427,0,1256,WI
131427,1,21459,WI
131467,0,18296,WI
131467,1,13237,WI
140048,0,324578,WI
140063,0,123714,WI
150262,0,278,WI
150317,0,17704,WI
150317,1,33658,WI
160115,0,353775,WI
160127,0,6548,WI
180009,0,2232,WI
190008,0,54,WI
190070,0,26361,WI
190103,0,571,WI
190169,0,92648,WI
200032,0,2665,WI
200065,0,257,WI
220048,0,312230,WI
240025,0,2220,WI
240035,0,306,WI
240051,0,3819,WI
260003,0,1403796,WI
270009,0,114611,WI
270028,0,54,WI
270038,0,159926,WI
270068,0,462,WI
270077,0,32980,WI
290006,0,16527,WI
300025,0,294440,WI
300047,0,12114,WI
300074,0,465,WI
300079,0,446770,WI
300116,0,169,WI
300164,0,130,WI
310052,0,10482,WI
320025,0,13002,WI
320031,0,23790,WI
320120,0,13175,WI
320121,0,18475,WI
320125,0,0,WI
330045,0,1130,WI
330054,0,0,WI
340015,0,18352,WI
340069,0,4772,WI
340083,0,8493,WI
360104,0,2328,WI
360104,1,0,WI
360120,0,9903,WI
130010,0,27697,WY
130037,0,9759,WY
130037,1,6436,WY
130127,0,238,WY
130132,0,90,WY
130228,0,415643,WY
130228,1,3495,WY
130235,0,321360,WY
130663,0,133086,WY
130886,0,12155,WY
130890,0,575,WY
131090,0,46509,WY
131090,1,199,WY
131190,0,4917,WY
131190,1,22281,WY
131310,0,124,WY
131366,0,51046,WY
131387,0,302,WY
131492,0,1653,WY
140048,0,104289,WY
150206,0,11182,WY
150206,1,15115,WY
190192,0,405,WY
190347,0,41355,WY
210006,0,74302,WY
220073,0,33739,WY
250028,0,26268,WY
250090,0,252752,WY
270064,0,119,WY
270064,1,0,WY
280073,1,34877,WY
290023,0,392,WY
290074,0,33709,WY
290074,1,165,WY
300096,0,218,WY
300171,0,73502,WY
300182,0,4694,WY
300185,0,25723,WY
340029,0,10,WY
350100,0,195,WY
360114,0,9237,WY
360134,0,69,WY
