HocoNum,TechType,HighSpeed,population
130002,DSL,0,27888
130002,FTTH,0,8950
130005,DSL,0,93
130008,DSL,0,78838
130008,FTTH,1,44707
130008,Other,0,20892
130010,DSL,0,59410
130010,Other,0,78461
130011,FTTH,0,335
130012,DSL,0,28086
130012,FTTH,0,2417
130012,FTTH,1,33157
130012,Other,0,104537
130017,DSL,0,347
130018,DSL,0,48291
130019,FTTH,1,102445
130019,Other,0,865027
130028,DSL,0,294550
130029,DSL,0,12790
130029,Other,0,9699
130031,FTTH,1,9650
130032,DSL,0,7594
130032,FTTH,0,5377
130032,Other,0,4
130034,DOCSIS,0,283
130034,DSL,0,3690
130034,FTTH,0,33300
130034,Other,0,5675
130035,DOCSIS,0,8736
130035,FTTH,1,8736
130036,DSL,0,3278
130036,FTTH,0,2968
130037,DOCSIS,0,12576
130037,DSL,0,15526
130037,FTTH,0,27309
130037,Other,0,14429
130039,DOCSIS,0,41347
130039,FTTH,0,32098
130040,FTTH,0,31994
130043,FTTH,0,741
130044,DOCSIS,0,29151
130044,DSL,0,18327
130045,DSL,0,7001
130045,FTTH,0,5293
130045,Other,0,1991
130046,DOCSIS,0,1916
130057,DOCSIS,0,21583
130057,DSL,0,21251
130057,FTTH,0,756
130058,DSL,0,11896
130058,FTTH,1,10632
130059,FTTH,1,390
130059,Other,0,452737
130061,Other,0,9296
130062,Other,0,406110
130065,DOCSIS,0,771
130065,DSL,0,4751
130065,Other,0,76387
130066,DSL,0,663
130066,FTTH,0,5070
130067,DSL,0,8139
130068,DSL,0,30689
130068,FTTH,0,1300
130069,DSL,0,14898
130070,DSL,0,2480
130070,FTTH,0,9086
130071,DOCSIS,1,947765
130071,DSL,0,50223
130073,DSL,0,3381
130073,FTTH,0,3397
130074,DOCSIS,0,58044
130074,DSL,0,112257
130074,FTTH,1,28301
130074,Other,0,84171
130077,DSL,0,121233906
130077,DSL,1,44856
130077,FTTH,0,620351
130077,FTTH,1,1206439
130077,Other,0,386
130079,DOCSIS,1,4968357
130079,DSL,0,113756
130079,FTTH,1,824470
130081,DSL,0,217781
130081,DSL,1,668
130081,Other,0,125120
130082,DOCSIS,0,42504
130082,DSL,0,65886
130082,FTTH,1,22441
130083,DSL,0,2127
130084,DOCSIS,0,1191
130086,DOCSIS,0,1096
130086,DSL,0,21282
130086,FTTH,0,211
130086,Other,0,34723
130087,DSL,0,2506
130087,FTTH,0,139
130090,DSL,0,1180
130090,FTTH,0,172
130090,Other,0,7723
130092,FTTH,0,1995
130093,DOCSIS,0,17242
130093,DSL,0,2198
130093,FTTH,0,22586
130094,DSL,0,4989
130094,FTTH,0,7929
130095,DSL,0,11037
130095,FTTH,0,6521
130096,DSL,0,2604
130097,DSL,0,18822
130097,FTTH,0,3754
130097,Other,0,128026
130098,FTTH,0,10530
130098,Other,0,96198
130103,DOCSIS,0,1495
130103,Other,0,78275
130104,DSL,0,17254
130104,FTTH,0,1862
130105,Other,0,26172
130106,DOCSIS,0,8288
130106,DSL,0,2524
130106,FTTH,0,409
130106,FTTH,1,3323
130106,Other,0,1594
130107,DSL,0,5109
130108,FTTH,1,26787
130112,DSL,0,27132
130112,FTTH,0,11170
130112,FTTH,1,64597
130114,DSL,0,3570
130114,FTTH,0,2506
130114,Other,0,19223
130115,DOCSIS,0,10350
130115,DSL,0,17135
130115,FTTH,0,8891
130115,Other,0,19514
130116,DSL,0,1809
130116,FTTH,0,127845
130116,Other,0,2979956
130118,DSL,0,2101
130119,DSL,0,374
130119,FTTH,0,658
130120,FTTH,0,10671
130120,Other,0,10671
130122,DSL,0,283303
130122,FTTH,0,1148
130122,FTTH,1,2920
130122,Other,0,300
130123,DSL,0,19068
130123,FTTH,0,2467
130123,Other,0,41349
130124,DSL,0,25264
130124,Other,0,12999
130126,DSL,0,3360
130126,Other,0,20351
130127,DSL,0,166160
130130,DSL,0,27680
130130,DSL,1,5
130130,FTTH,0,15998
130130,FTTH,1,6718
130132,DSL,0,61663
130132,Other,0,11911
130133,DSL,0,578
130133,FTTH,0,283
130133,FTTH,1,1129
130133,Other,0,36953
130134,DSL,0,3792
130136,DSL,0,30552
130136,FTTH,1,3886
130137,DOCSIS,0,249612
130137,DOCSIS,1,548954
130137,FTTH,1,10514
130138,DSL,0,3352
130138,FTTH,1,6589
130139,DSL,0,1429
130139,FTTH,0,267
130140,DSL,0,5289
130140,FTTH,0,10909
130141,DSL,0,1033
130141,FTTH,0,2699
130142,DOCSIS,0,4423
130142,DSL,0,49749
130142,FTTH,1,14516
130144,DOCSIS,0,6519
130144,FTTH,0,8282
130144,Other,0,10268
130146,Other,0,732051
130148,DSL,0,3504
130149,DOCSIS,0,34011
130150,DSL,0,148066
130150,FTTH,0,88004
130151,FTTH,1,17285
130152,DSL,0,12613
130153,DSL,0,10298
130154,DSL,0,15268
130154,FTTH,1,12660
130154,Other,0,14079
130160,DSL,0,1739
130161,Other,0,284110
130168,DOCSIS,0,8136
130169,DOCSIS,0,220
130169,DSL,0,5553
130170,DSL,0,3115
130170,FTTH,0,349
130171,DSL,0,294
130171,Other,0,237
130175,DSL,0,8207
130175,Other,0,63302
130176,FTTH,0,30751
130176,FTTH,1,39466
130178,FTTH,0,234
130179,DOCSIS,0,1558
130179,DSL,0,3160
130179,FTTH,0,5520
130183,DOCSIS,0,6987
130183,DOCSIS,1,3224793
130184,DOCSIS,0,22947
130189,DSL,0,8150
130189,FTTH,0,1847
130189,Other,0,3362
130192,DSL,0,5776
130193,DSL,0,7934
130193,FTTH,0,7841
130193,Other,0,968
130195,DSL,0,3072
130196,DSL,0,20070
130196,FTTH,0,1533
130196,FTTH,1,19025
130199,DSL,0,4105
130199,FTTH,0,5186
130201,DSL,0,3055
130202,DOCSIS,0,49395
130203,DSL,0,2325
130204,DSL,0,1425
130204,FTTH,0,2844
130206,DSL,0,16790
130206,FTTH,0,24879
130206,Other,0,0
130207,DSL,0,1505
130208,DOCSIS,0,44640
130208,DSL,0,6327
130208,FTTH,0,2692
130208,Other,0,33192
130210,DSL,0,2615
130218,FTTH,1,40971
130218,Other,0,27027
130223,DSL,0,1108
130224,DSL,0,8747
130224,FTTH,1,0
130226,DSL,0,10128
130226,FTTH,0,1420
130226,Other,0,12996
130227,DSL,0,8917
130227,FTTH,0,7503
130227,Other,0,358665
130228,DSL,0,48443002
130228,DSL,1,1436
130228,FTTH,0,509525
130228,FTTH,1,3004446
130228,Other,0,456
130233,DSL,0,2279
130234,DSL,0,9852
130234,FTTH,1,17451
130234,Other,0,135630
130235,DOCSIS,0,60265230
130235,DOCSIS,1,40768716
130235,FTTH,1,24301
130237,DOCSIS,0,16453
130238,DSL,0,8521
130238,FTTH,0,3755
130239,DSL,0,7603
130239,FTTH,1,10639
130240,DSL,0,16345
130240,FTTH,0,640
130241,DOCSIS,0,12558
130241,DSL,0,12246
130242,DOCSIS,0,93007
130242,DSL,0,40177
130242,FTTH,0,6052
130243,FTTH,0,5779
130244,DSL,0,25305
130244,FTTH,0,4372
130245,DSL,0,70393
130250,DSL,0,3423
130250,FTTH,0,1275
130250,Other,0,1287
130252,DSL,0,18175
130252,FTTH,0,15719
130254,DOCSIS,0,20040
130254,DSL,0,1612325
130254,FTTH,0,19135
130254,FTTH,1,1206665
130258,DSL,0,27474306
130258,DSL,1,2477045
130258,FTTH,0,10072299
130259,DSL,0,4181
130259,FTTH,1,6424
130263,DOCSIS,0,13310
130263,DSL,0,7907
130264,DOCSIS,0,18811
130264,DSL,0,61
130264,FTTH,1,19154
130265,DOCSIS,0,3301
130265,DSL,0,13046
130265,FTTH,0,2397
130266,DOCSIS,0,10528
130266,DSL,0,16593
130266,FTTH,0,2051
130267,DSL,1,1198
130267,FTTH,1,5211
130268,DSL,0,5639
130268,FTTH,0,792
130269,DOCSIS,0,1508
130269,DSL,0,5313
130269,FTTH,0,6768
130270,FTTH,0,4526
130271,DSL,0,21994
130271,FTTH,1,21994
130272,DOCSIS,0,8973
130274,DSL,0,422
130274,FTTH,0,214
130275,DSL,0,13436
130275,FTTH,0,13323
130275,Other,0,28
130278,DOCSIS,0,29309
130279,FTTH,0,7388
130279,Other,0,105522
130281,DOCSIS,0,29702
130282,DOCSIS,0,25738
130282,FTTH,0,25738
130283,FTTH,0,4851
130285,DSL,0,3511
130285,FTTH,0,4857
130285,Other,0,3511
130287,DSL,0,654
130288,FTTH,1,34831
130289,DOCSIS,0,12320
130289,DSL,0,11792
130290,DSL,0,3886
130290,FTTH,0,2278
130290,FTTH,1,6060
130291,DOCSIS,0,2593
130291,DSL,0,3606
130292,DSL,0,299558
130299,DSL,0,5390
130299,FTTH,0,3644
130300,DSL,0,13046
130300,FTTH,1,20540
130302,FTTH,0,9144
130303,DOCSIS,0,7417
130305,FTTH,1,3096
130307,DSL,0,2953
130307,FTTH,0,1575
130307,Other,0,7887
130309,FTTH,1,985
130309,Other,0,118076
130310,FTTH,0,3879
130311,DSL,0,14422
130311,Other,0,25206
130312,DSL,0,3296
130312,FTTH,0,3048
130314,FTTH,1,9582
130315,DSL,0,17831
130315,Other,0,41876
130316,Other,0,269895
130317,DOCSIS,0,520138
130317,DOCSIS,1,108262412
130321,FTTH,0,7593
130322,DOCSIS,1,67727
130324,Other,0,5184
130325,Other,0,3751
130326,DSL,0,3925
130326,Other,0,3839
130327,DSL,0,3634
130329,DSL,0,12220
130329,DSL,1,0
130329,Other,0,47069
130331,Other,0,225717
130334,DOCSIS,0,73728
130334,DSL,0,3760
130334,FTTH,0,14376
130335,DOCSIS,0,100775
130335,DSL,0,1014890
130335,FTTH,0,93709
130335,FTTH,1,529695
130337,DOCSIS,0,18326
130337,DSL,0,574
130337,FTTH,0,35968
130337,Other,0,34521
130338,DSL,0,26214
130338,FTTH,0,180
130338,FTTH,1,28305
130338,Other,0,1100
130340,DOCSIS,0,60799
130343,DSL,0,6358
130344,DSL,0,5246
130344,Other,0,5246
130345,DSL,0,3961
130345,FTTH,0,1903
130346,DSL,0,5523
130346,Other,0,5523
130347,FTTH,0,3248
130349,DSL,0,6569
130352,DSL,0,2109
130353,FTTH,0,2490
130353,Other,0,1029
130360,DOCSIS,0,22706
130360,DOCSIS,1,20579395
130360,FTTH,1,830323
130361,DSL,0,1150
130361,FTTH,0,4059
130362,DSL,0,12791
130362,FTTH,0,12825
130363,DSL,0,5384
130363,FTTH,1,10491
130364,DSL,0,30952
130364,FTTH,1,1047
130364,Other,0,1515
130366,DSL,0,21455
130366,FTTH,0,313
130367,DOCSIS,0,230
130367,DSL,0,1229
130367,FTTH,0,1698
130368,DSL,0,806
130369,DSL,0,1729
130369,FTTH,0,5017
130370,DOCSIS,0,744561
130370,DOCSIS,1,17611486
130374,DSL,0,7285
130374,Other,0,7285
130375,DSL,0,8853
130375,FTTH,0,3072
130378,DOCSIS,0,3403
130378,DSL,0,2871
130378,FTTH,0,4952
130378,Other,0,5684
130380,DSL,0,10586
130380,FTTH,0,3291
130380,Other,0,1118
130385,DOCSIS,1,44324
130385,DSL,0,29143
130385,FTTH,1,18635
130385,Other,0,26139
130386,DSL,0,25556
130386,FTTH,0,5164
130387,FTTH,1,24584
130387,Other,0,1166
130390,DSL,0,6592
130390,FTTH,1,12263
130390,Other,0,12263
130391,DOCSIS,0,11892
130391,DSL,0,4428
130391,FTTH,0,3614
130393,DSL,0,14986
130393,FTTH,0,14986
130395,DSL,0,9637
130396,DSL,0,47010
130396,FTTH,0,5415
130398,DSL,0,6085
130398,FTTH,0,6085
130399,DSL,0,2410
130399,FTTH,0,6190
130400,DSL,0,1246
130400,FTTH,0,4390
130400,Other,0,20452
130401,DSL,0,29269
130401,FTTH,0,423
130401,Other,0,616
130402,Other,0,799
130405,FTTH,1,19276
130405,Other,0,34423
130416,DOCSIS,0,10424
130416,DSL,0,10491
130416,FTTH,0,16148
130419,DOCSIS,0,159
130419,FTTH,1,2563
130420,DSL,0,4809
130420,FTTH,0,627
130421,DSL,0,2061
130421,FTTH,0,2507
130423,DOCSIS,0,10944
130423,DSL,0,17817
130423,FTTH,0,14952
130425,DSL,0,34592
130425,Other,0,8813
130427,DOCSIS,0,118642
130427,DSL,0,83808
130427,FTTH,0,8685
130429,DOCSIS,0,69886
130429,Other,0,5929
130431,DSL,0,384
130431,FTTH,0,485
130432,DOCSIS,0,37474
130432,DSL,0,130670
130432,FTTH,1,107469
130433,DSL,0,3273
130433,Other,0,17
130437,Other,0,6281
130439,DSL,0,11021
130440,DSL,0,77347
130440,FTTH,0,871
130444,DSL,0,10189
130444,Other,0,4524
130445,DOCSIS,0,51201
130446,DOCSIS,0,13548
130448,DSL,0,5503
130448,Other,0,18415
130449,DSL,0,3594
130449,FTTH,0,605
130450,FTTH,0,3141
130453,DOCSIS,0,41392
130453,DSL,0,32084
130453,FTTH,0,19334
130453,FTTH,1,4522
130454,FTTH,0,2407
130455,DSL,0,25161
130455,FTTH,0,6200
130455,FTTH,1,78098
130458,DSL,0,8857
130458,FTTH,0,14189
130458,FTTH,1,13879
130458,Other,0,81091
130459,DOCSIS,1,514918
130459,FTTH,1,514918
130460,FTTH,0,2508
130464,DSL,0,33414
130464,FTTH,0,17882
130464,Other,0,4681
130471,DOCSIS,0,96716
130471,DSL,0,3498249
130471,FTTH,0,121374
130471,FTTH,1,204659
130471,Other,0,12497
130472,FTTH,0,6286
130472,Other,0,6376
130473,DSL,0,4185
130473,FTTH,1,3535
130475,DSL,0,8681
130475,FTTH,1,8681
130476,DOCSIS,0,1039
130476,DSL,0,4310
130476,FTTH,0,3507
130477,DOCSIS,0,229
130477,DSL,0,7885
130477,FTTH,0,3955
130477,Other,0,1082
130478,FTTH,0,1062
130479,DSL,0,7037
130479,FTTH,0,1128
130481,DSL,0,1010
130481,FTTH,0,932
130481,Other,0,70635
130482,DSL,0,5927
130482,FTTH,1,5927
130483,DSL,0,1088
130483,FTTH,0,5377
130484,DOCSIS,1,612
130484,DSL,0,612
130484,FTTH,1,15258
130485,DSL,0,36258
130487,DSL,0,850
130487,FTTH,0,396
130488,DSL,0,1102
130489,DSL,0,777
130489,Other,0,3158
130490,DSL,0,189215
130490,FTTH,1,55851
130490,Other,0,15983
130491,DOCSIS,0,130
130492,DSL,0,8220
130492,Other,0,111577
130494,FTTH,0,16093
130494,FTTH,1,2373
130494,Other,0,675
130495,FTTH,0,890
130497,DOCSIS,1,382154
130497,DSL,0,27319
130497,FTTH,0,346
130500,DSL,0,2562
130500,FTTH,0,70
130500,Other,0,160316
130502,DSL,0,2093
130502,FTTH,0,10158
130502,Other,0,15650
130503,DSL,0,1242
130507,DSL,0,2412
130507,FTTH,0,41952
130509,FTTH,0,8164
130511,DSL,0,1710
130511,Other,0,29769
130513,Other,0,122768
130514,DSL,0,1953
130514,FTTH,0,1144
130520,DOCSIS,1,49612
130524,DSL,0,3167
130524,FTTH,0,2306
130526,DSL,0,10351
130526,FTTH,0,521
130526,FTTH,1,15808
130527,DSL,0,5340
130527,FTTH,1,9952
130527,Other,0,120973
130528,FTTH,0,58
130528,FTTH,1,753
130528,Other,0,7041
130532,DSL,0,1553
130532,FTTH,0,644
130532,Other,0,4228
130534,DOCSIS,0,51335
130534,DOCSIS,1,502910
130534,DSL,0,12133
130534,Other,0,26579
130535,DSL,0,14505
130535,FTTH,0,10337
130538,DSL,0,5621
130538,FTTH,0,3377
130539,DSL,0,5596
130539,FTTH,0,17318
130539,FTTH,1,1338
130540,DOCSIS,0,27250
130542,DSL,0,7324
130543,DSL,0,2949
130543,FTTH,0,2092
130544,DSL,0,3363
130544,FTTH,0,127
130545,DSL,0,1632
130546,DOCSIS,0,2040
130546,DSL,0,2471
130546,FTTH,0,21514
130546,Other,0,137695
130550,DOCSIS,0,52372
130550,DSL,0,77361
130550,DSL,1,3
130550,FTTH,0,48808
130551,FTTH,0,5575
130552,DSL,0,21731
130553,Other,0,147624
130555,FTTH,0,1134
130557,DSL,0,13673
130557,FTTH,0,1720
130558,DSL,0,3884
130558,FTTH,0,5365
130559,DSL,0,828
130559,FTTH,0,15472
130559,Other,0,15160
130560,DSL,0,26326
130560,FTTH,0,26885
130561,DSL,0,9514
130565,DSL,0,339
130565,FTTH,0,3353
130567,Other,0,13409
130569,DOCSIS,0,23355
130569,DSL,0,48387
130569,FTTH,0,1435
130570,DSL,0,7054
130570,FTTH,0,3752
130570,Other,0,12280
130574,FTTH,0,3673
130576,DOCSIS,1,63923
130578,DOCSIS,0,14537
130578,DSL,0,100748
130578,FTTH,1,106472
130580,DSL,0,5819
130580,FTTH,0,1527
130581,DSL,0,954
130581,FTTH,0,1202
130583,FTTH,1,3321
130583,Other,0,7555
130583,Other,1,3243
130584,DSL,0,7105
130584,FTTH,0,845
130584,Other,0,40634
130586,DSL,0,8372
130586,FTTH,1,57195
130586,Other,0,3099
130587,DSL,0,1374623
130587,FTTH,0,1371638
130587,Other,0,1371638
130588,DSL,0,10274
130588,FTTH,0,12257
130588,Other,0,5471
130588,Other,1,307
130589,DOCSIS,0,131831
130589,DSL,0,64310
130589,FTTH,0,63364
130590,DSL,0,2128
130590,Other,0,5251
130591,DOCSIS,0,170697
130591,DOCSIS,1,287385
130592,FTTH,0,2872
130594,Other,0,328
130595,DSL,0,1241373
130595,FTTH,1,587748
130596,DSL,0,3536
130596,FTTH,0,161
130597,DSL,0,26684
130598,DSL,0,6269
130598,FTTH,0,14212
130598,Other,0,16957
130601,DSL,0,392
130602,DOCSIS,0,997
130602,DSL,0,14350
130602,FTTH,0,1877
130602,Other,0,18164
130603,FTTH,0,1667
130603,Other,0,3318
130604,DSL,0,2895
130605,DSL,0,1142
130605,FTTH,0,682
130605,Other,0,29761
130606,DOCSIS,1,37988
130606,FTTH,1,42527
130606,Other,0,207670
130607,DSL,0,15595
130607,FTTH,0,2743
130609,DSL,0,1459
130609,FTTH,0,4393
130610,DSL,0,1719
130612,DSL,0,28623
130612,FTTH,0,4644
130612,FTTH,1,2186
130612,Other,0,0
130613,DSL,0,1279
130613,FTTH,0,638
130614,DSL,0,8835
130614,Other,0,40863
130616,DOCSIS,0,421
130616,FTTH,0,6248
130617,DOCSIS,0,54100
130617,DSL,0,48316
130617,FTTH,1,61622
130619,DSL,0,78204
130620,DOCSIS,0,204448
130620,DSL,0,229251
130620,FTTH,0,200840
130621,DOCSIS,0,9267
130621,FTTH,0,3289
130622,DSL,0,1073
130623,DOCSIS,0,15930
130623,DSL,0,8729
130623,DSL,1,6695
130623,FTTH,0,17344
130623,FTTH,1,15705
130623,Other,0,2734
130623,Other,1,373
130624,DSL,0,42285
130624,FTTH,0,3524
130624,Other,0,162337
130626,DSL,0,1231
130627,DSL,0,5169351
130630,DSL,0,1611
130630,FTTH,0,7481
130630,Other,0,702
130631,FTTH,0,3352
130631,Other,0,893
130634,Other,0,13946
130641,DOCSIS,1,6959
130641,FTTH,1,264
130645,DSL,0,5415
130647,Other,0,3574
130648,DOCSIS,0,18975
130651,DOCSIS,0,2604
130651,DSL,0,5080
130651,FTTH,0,1512
130651,Other,0,318
130653,DSL,0,53035
130653,FTTH,0,561
130655,DOCSIS,0,86144
130655,DSL,0,17745
130657,DSL,0,2460
130657,FTTH,1,3856
130661,FTTH,0,4971
130662,DSL,0,14306
130662,FTTH,0,24969
130663,Other,0,234708
130667,DSL,0,34831
130668,DOCSIS,0,10956
130672,DOCSIS,0,622
130673,DSL,0,34132
130673,FTTH,0,5599
130673,Other,0,45628
130674,DSL,0,2081
130674,FTTH,0,113
130677,DSL,0,5319
130677,FTTH,0,4343
130678,DSL,0,3172
130678,FTTH,0,857
130679,DSL,0,881
130679,FTTH,0,328
130681,DSL,0,3785
130682,FTTH,0,5951
130683,DSL,0,8154
130684,FTTH,0,6533
130684,Other,0,436186
130685,DSL,0,70336
130685,FTTH,0,70336
130685,Other,0,70336
130686,DSL,0,15308
130686,FTTH,1,8248
130690,DOCSIS,0,1095
130691,DSL,0,1616
130691,FTTH,0,1612
130692,DOCSIS,0,411
130692,FTTH,1,6744
130692,Other,0,63454
130693,DSL,0,5118
130695,DSL,0,677
130696,DSL,0,4216
130696,FTTH,1,2498
130696,Other,0,1676
130697,DSL,0,9021
130697,FTTH,1,9821
130697,Other,0,52865
130699,DSL,0,186
130705,DOCSIS,0,16369
130707,Other,0,8494
130708,DSL,0,3008
130708,FTTH,0,1565
130708,Other,0,24
130709,DSL,0,2983
130709,FTTH,0,454
130710,DSL,0,2091
130710,FTTH,0,240
130711,FTTH,0,743
130712,DSL,0,14351
130712,FTTH,0,495
130714,DOCSIS,0,4074
130714,DSL,0,7598
130714,FTTH,1,2771
130718,DSL,0,4439
130721,DSL,0,4125
130721,FTTH,0,18396
130721,Other,0,219
130724,DOCSIS,0,1269
130725,FTTH,1,7171
130726,DSL,0,4344
130726,FTTH,1,1588
130728,DSL,0,571
130728,FTTH,0,1974
130728,Other,0,15901
130732,FTTH,0,8172
130733,DSL,0,3437
130733,FTTH,0,4247
130733,Other,0,53
130734,DOCSIS,0,16820
130734,DSL,0,4571
130735,DSL,0,327
130736,DSL,0,4429
130742,DSL,0,6885
130742,FTTH,0,9526
130742,Other,0,112199
130743,DSL,0,4485
130743,DSL,1,783
130743,FTTH,0,2863
130744,DSL,0,1450
130744,FTTH,0,57
130745,DSL,0,20222
130745,FTTH,0,17522
130746,DOCSIS,0,20157
130746,DSL,0,17188
130747,DSL,0,4457
130748,FTTH,0,981
130748,Other,0,3017
130749,Other,0,33419
130754,DSL,0,15703
130754,FTTH,0,7163
130756,DSL,0,659
130756,Other,0,1754
130757,DOCSIS,0,44311
130757,DSL,0,17228
130759,FTTH,0,4653
130761,DSL,0,4729
130762,DSL,0,16408
130764,DOCSIS,0,12351
130766,DSL,0,791
130767,DSL,0,4054
130767,FTTH,0,586
130768,DSL,0,7366
130768,FTTH,0,2461
130769,DOCSIS,0,19248
130769,DSL,0,6640
130771,FTTH,0,2140
130772,DSL,0,2852
130774,FTTH,0,5753
130774,FTTH,1,16408
130774,Other,0,3608
130776,DSL,0,5225
130776,FTTH,0,294
130777,FTTH,0,1651
130778,DSL,0,9399
130778,FTTH,0,6991
130778,Other,0,1831
130780,DOCSIS,0,8141
130780,DSL,0,4249
130780,FTTH,0,4964
130781,DSL,0,13805
130781,Other,0,81620
130782,DSL,0,1345
130782,FTTH,0,2186
130782,Other,0,9396
130783,DSL,0,2047
130783,FTTH,0,14842
130784,DOCSIS,0,1090
130784,DSL,0,6556
130785,DOCSIS,0,18033
130785,DSL,0,18033
130786,DOCSIS,0,42843
130786,DSL,0,16081
130787,DSL,0,685
130787,Other,0,804
130788,DOCSIS,0,167356
130790,Other,0,681
130791,DSL,0,123807
130791,FTTH,1,9236
130794,DSL,0,36050
130794,FTTH,0,14457
130795,DSL,0,40156
130796,FTTH,0,1920
130797,FTTH,0,5863
130798,DSL,0,8996
130798,FTTH,0,3813
130799,DSL,0,8489
130799,FTTH,0,14599
130799,FTTH,1,17186
130799,Other,0,13270
130802,DSL,0,908
130803,DSL,0,6612
130803,Other,0,2806
130804,DOCSIS,0,93221
130804,DOCSIS,1,6362759
130805,DSL,0,6343
130805,FTTH,0,6343
130808,Other,0,39065
130809,DOCSIS,0,12818
130810,DSL,0,3507
130814,DOCSIS,0,22
130814,DSL,0,2597
130814,FTTH,0,2510
130814,FTTH,1,185
130814,Other,0,32125
130817,Other,0,328199
130819,DSL,0,10983
130819,FTTH,0,441
130819,FTTH,1,433
130821,DOCSIS,1,1113682
130825,DSL,0,5145
130825,FTTH,0,6792
130826,DOCSIS,0,32743
130826,DSL,0,64114
130826,FTTH,0,6711
130826,Other,0,1034
130827,DSL,0,3302
130827,FTTH,0,3302
130828,FTTH,0,12855
130829,Other,0,23899
130831,DSL,0,11173
130831,FTTH,0,4288
130831,Other,0,2865
130833,Other,0,172674
130834,Other,0,522850
130837,DSL,0,2524
130837,FTTH,0,986
130838,DOCSIS,0,3916
130838,DSL,0,22220
130838,FTTH,0,23554
130838,Other,0,132751
130839,DOCSIS,0,3478
130844,DSL,0,16157
130845,DSL,0,2825
130845,FTTH,0,1397
130845,Other,0,17513
130846,DSL,0,4324
130847,DSL,0,10938
130847,FTTH,0,9373
130849,DSL,0,7853
130850,DSL,0,2026
130850,FTTH,1,15698
130851,DSL,0,3863
130851,FTTH,0,681
130852,DSL,0,2343
130852,FTTH,0,2343
130853,DSL,0,3919
130853,FTTH,0,3996
130853,Other,0,10087
130854,DSL,0,5335
130854,FTTH,0,1789
130856,DOCSIS,0,1671
130856,FTTH,0,33
130856,FTTH,1,4980
130860,DSL,0,7582
130861,DSL,0,5459
130861,FTTH,0,308
130862,DSL,0,17070
130862,FTTH,0,3428
130862,Other,0,13970
130865,DSL,0,36796
130865,FTTH,1,36796
130868,DOCSIS,0,1401
130872,DSL,0,211262
130872,FTTH,1,18897
130874,DSL,0,2256
130874,Other,0,3147
130875,DSL,0,7513
130875,FTTH,0,2855
130877,DOCSIS,0,24131
130877,DOCSIS,1,6030
130877,DSL,0,6574
130877,FTTH,0,23840
130877,Other,0,1149
130878,DSL,0,14328
130878,Other,0,14326
130880,FTTH,0,9634
130880,Other,0,9256
130882,DSL,0,14735
130882,FTTH,1,4921
130885,DSL,0,9099
130885,FTTH,1,22117
130885,Other,0,77
130886,Other,0,509448
130887,DSL,0,10959
130887,Other,0,123441
130889,DOCSIS,0,3764
130889,DSL,0,5888
130889,FTTH,0,2821
130890,DSL,0,43556
130890,FTTH,0,5662
130890,FTTH,1,5647
130890,Other,0,40722
130901,DSL,0,2927
130902,DSL,0,7487
130902,FTTH,0,5415
130903,DOCSIS,1,8354
130903,DSL,0,1824
130903,FTTH,1,20200
130903,Other,1,29051
130904,DSL,0,2649
130904,FTTH,1,2873
130904,Other,0,34951
130905,DOCSIS,0,13727
130905,DSL,0,4213
130905,Other,0,2572
130906,DOCSIS,0,9490
130906,DSL,0,68744
130906,FTTH,0,2946
130906,Other,0,51175
130908,DSL,0,1274
130908,FTTH,0,376
130912,DSL,0,7971
130914,Other,0,12971
130919,DOCSIS,0,1668
130919,DSL,0,6002
130919,FTTH,0,9222
130919,Other,0,47171
130920,DSL,0,5590
130920,FTTH,0,33265
130921,DSL,0,31464
130921,FTTH,0,3702
130921,Other,0,303812
130925,DOCSIS,0,6804
130925,DSL,0,5027
130925,FTTH,0,5472
130925,FTTH,1,1343
130925,Other,0,11881
130927,Other,0,212299
130929,DSL,0,39326
130929,FTTH,0,774
130929,FTTH,1,48409
130930,DSL,0,1656
130930,FTTH,0,4
130937,DSL,0,56164
130937,FTTH,0,11093
130937,Other,0,1588601
130938,DSL,0,6742
130938,FTTH,0,2426
130938,Other,0,16841
130939,FTTH,1,4804
130940,DSL,0,6939
130940,FTTH,0,9007
130940,Other,0,3267
130941,FTTH,0,17422
130943,Other,0,5066
130944,DSL,0,77
130945,DSL,0,2221
130945,FTTH,0,2257
130949,DSL,0,221568
130949,FTTH,1,187086
130950,DSL,0,5627
130950,FTTH,0,139
130950,FTTH,1,2629
130950,Other,0,3667
130953,DSL,0,4381
130953,FTTH,0,824
130953,Other,0,22044
130955,DOCSIS,0,2928
130956,DSL,0,4676
130962,DSL,0,2327
130962,FTTH,0,14
130962,Other,0,254
130963,DSL,0,16
130963,FTTH,0,1875
130964,DOCSIS,0,2034
130964,DSL,0,2381
130967,Other,0,361891
130968,Other,0,68479
130969,DSL,0,204
130969,FTTH,0,3611
130973,DSL,0,8207
130974,DSL,0,4421
130974,FTTH,0,2000
130974,Other,0,2000
130976,DSL,0,9870
130976,FTTH,0,1194
130977,DSL,0,485
130977,FTTH,0,1107
130979,DSL,0,488
130983,FTTH,0,1479
130986,DOCSIS,0,119747
130986,DSL,0,157106
130986,FTTH,0,151597
130986,Other,0,4305
130988,DOCSIS,0,44916
130988,DOCSIS,1,8534
130988,DSL,0,11467
130988,DSL,1,499
130988,FTTH,0,10725
130988,FTTH,1,65786
130989,DOCSIS,1,4019
130989,Other,0,955
130993,DSL,0,57503
130993,FTTH,0,129283
131003,DSL,0,463
131003,FTTH,0,96
131005,DSL,0,17988
131005,DSL,1,12
131005,FTTH,1,22424
131006,FTTH,0,9777
131007,DOCSIS,0,18014
131007,DSL,0,23926
131007,FTTH,0,10843
131007,Other,0,32006
131008,DOCSIS,0,1577
131008,DSL,0,3338
131008,FTTH,1,5688
131008,Other,0,3888
131009,DSL,0,27847
131009,FTTH,0,6497
131009,Other,0,3720
131010,DOCSIS,0,3438
131010,DSL,0,5244
131010,FTTH,0,3415
131011,DSL,0,10732
131011,Other,0,1570
131013,DSL,0,3523
131014,DSL,0,8147
131014,FTTH,0,33399
131014,FTTH,1,36808
131016,Other,0,3518501
131017,FTTH,0,2797
131017,Other,0,353527
131019,DSL,0,1675
131021,DSL,0,521
131021,Other,0,3616
131023,FTTH,0,10700
131024,DSL,0,5651
131025,DOCSIS,0,17815
131025,DSL,0,6209
131025,FTTH,0,8458
131025,Other,0,662330
131026,DOCSIS,0,2021477
131026,DSL,0,27625
131026,FTTH,1,2021477
131027,DSL,0,130
131029,FTTH,0,351
131029,FTTH,1,20131
131030,DSL,0,163
131030,FTTH,1,3380
131031,DSL,0,51754
131031,FTTH,0,13311
131031,FTTH,1,2475
131031,Other,0,60006
131032,DSL,0,15237
131032,FTTH,0,23122
131032,Other,0,26371
131034,DOCSIS,0,3319
131034,FTTH,1,3249
131034,Other,0,1388
131035,DOCSIS,0,895
131036,DSL,0,25335
131037,DSL,0,4555
131038,DOCSIS,0,5590
131038,DSL,0,6429
131038,FTTH,0,613
131038,Other,0,137
131039,DSL,0,13635
131039,FTTH,0,4945
131039,Other,0,13635
131041,DSL,0,3639
131041,FTTH,1,41380
131042,DSL,0,5452
131042,FTTH,0,127
131043,DOCSIS,0,514
131043,DSL,0,8399
131043,FTTH,0,5974
131043,FTTH,1,0
131043,Other,0,84992
131044,DOCSIS,0,19290
131044,DSL,0,20687
131044,FTTH,0,6242
131045,DSL,0,100253
131045,FTTH,0,18250
131045,Other,0,108691
131046,DSL,0,23998
131047,DSL,0,567
131048,Other,0,3327534
131049,FTTH,0,2552
131050,FTTH,1,2102
131050,Other,0,203
131051,DOCSIS,0,24071
131051,DSL,0,16687
131052,DSL,0,12527
131052,FTTH,0,34641
131055,DSL,0,9307
131055,FTTH,0,10372
131055,Other,0,7743
131056,DSL,0,1030
131056,FTTH,1,16885
131056,Other,0,15404
131057,DSL,0,25270
131057,FTTH,0,3011
131057,Other,0,476
131060,DSL,0,9832
131060,FTTH,0,5283
131060,FTTH,1,7455
131066,DSL,0,1741
131066,Other,0,1741
131071,DSL,0,2867
131071,FTTH,0,1129
131072,DSL,0,9275
131073,DSL,0,7860
131073,FTTH,0,8195
131074,DSL,0,1144
131074,FTTH,1,2976
131075,DSL,0,26715
131075,FTTH,0,708
131075,Other,0,28492
131076,DOCSIS,0,41845
131076,DSL,0,27374
131076,FTTH,0,641
131076,Other,0,11006
131078,DOCSIS,0,4435
131078,DSL,0,4243
131078,FTTH,1,2515
131078,Other,0,290
131081,FTTH,1,385559
131081,Other,0,220085
131085,FTTH,0,2496
131086,DSL,0,3216
131086,FTTH,0,2150
131087,DOCSIS,0,15240
131087,FTTH,0,4126
131087,Other,0,39651
131089,DSL,0,5922
131089,FTTH,0,39157
131090,DSL,0,54718
131090,FTTH,0,15638
131090,Other,0,13520
131096,DSL,0,2423
131096,FTTH,0,2423
131096,Other,0,2423
131097,DSL,0,1178
131097,FTTH,1,9469
131097,Other,0,16705
131100,FTTH,1,16229
131102,DSL,0,10712
131102,FTTH,1,13002
131103,DOCSIS,0,87621
131104,DSL,0,3747
131104,Other,0,2865
131106,DSL,0,549
131106,FTTH,0,1129
131106,Other,0,2011
131108,DSL,0,34417
131108,FTTH,0,36197
131108,FTTH,1,12562
131109,DSL,0,6384
131109,FTTH,1,3499
131111,DSL,0,999
131113,DSL,0,27407
131113,FTTH,1,22357
131114,DSL,0,2150
131114,FTTH,0,2150
131114,Other,0,2150
131116,DSL,0,11074
131116,Other,0,19863
131117,DSL,0,2074
131117,Other,0,6387
131118,DOCSIS,0,19479
131118,DSL,0,1637
131118,FTTH,1,12070
131122,DSL,0,4803
131122,FTTH,0,603
131122,Other,0,47428
131123,DSL,0,2776
131123,FTTH,0,183
131124,FTTH,0,14826
131124,Other,0,29582
131125,DOCSIS,0,286356
131125,DSL,0,304943
131125,FTTH,0,66946
131125,FTTH,1,76970
131126,DOCSIS,0,6370
131126,DSL,0,2288
131126,Other,0,9304
131127,DSL,0,13505
131127,FTTH,0,13505
131128,Other,0,10861
131129,DOCSIS,0,3
131129,DSL,0,0
131129,Other,0,3
131130,DSL,0,1628
131131,DSL,0,2357
131131,FTTH,0,2672
131131,FTTH,1,12991
131131,Other,0,20198
131133,DSL,0,1109
131133,FTTH,0,1109
131135,FTTH,0,754
131139,DSL,0,5901
131139,FTTH,0,6006
131141,DOCSIS,0,4726
131141,DSL,0,14102
131141,FTTH,0,7084
131141,FTTH,1,60736
131141,Other,0,120559
131142,Other,0,3205
131145,DOCSIS,0,10783
131145,DSL,0,15981
131145,FTTH,0,3056
131145,FTTH,1,2316
131145,Other,0,13016
131146,DSL,0,1643
131148,DSL,0,3603
131148,FTTH,0,3225
131152,DSL,0,20507
131152,FTTH,0,312
131157,DSL,0,3227
131157,FTTH,0,1370
131158,DOCSIS,0,16597
131158,DSL,0,35372
131158,Other,0,5711
131161,DSL,0,9844
131161,FTTH,0,6304
131162,DSL,0,11090
131162,FTTH,0,13006
131162,FTTH,1,1
131162,Other,0,19221
131163,DSL,0,7770
131163,FTTH,1,19341
131163,Other,0,37922
131165,DSL,0,17509
131166,DSL,0,3086
131167,DOCSIS,0,176045
131167,DOCSIS,1,131986
131167,FTTH,1,63
131168,FTTH,0,4114
131169,DSL,0,800
131170,DSL,0,10806
131170,FTTH,0,25260
131171,FTTH,0,835
131172,DSL,0,418
131173,DSL,0,29024
131173,FTTH,0,25368
131173,Other,0,34730
131174,DSL,0,16384
131174,FTTH,0,396
131175,DSL,0,39277
131175,FTTH,1,12061
131176,DOCSIS,0,9240
131177,DSL,0,28384
131177,FTTH,1,1692
131179,DSL,0,5935
131179,FTTH,0,1497
131179,FTTH,1,49
131180,DSL,0,2934
131180,FTTH,0,9823
131180,Other,0,150887
131181,DOCSIS,0,5785
131181,DOCSIS,1,406024
131181,DSL,0,46757
131181,FTTH,0,1771
131181,FTTH,1,27760
131183,DSL,0,382
131183,FTTH,0,2757
131184,DSL,0,2038
131186,DSL,0,35711
131186,FTTH,0,2274
131190,DOCSIS,0,3054
131190,DSL,0,19221
131190,DSL,1,25
131190,FTTH,1,44508
131190,Other,0,26689
131191,Other,0,1010864
131194,DSL,0,3188
131194,FTTH,0,2926
131194,Other,0,1283
131195,DSL,0,5063
131195,FTTH,0,2568
131197,DOCSIS,0,22935
131197,FTTH,0,1056
131199,DSL,0,50362
131199,DSL,1,1029
131199,FTTH,1,52406
131204,DSL,0,14462
131204,DSL,1,1924
131204,FTTH,0,4547
131204,FTTH,1,712
131204,Other,0,1916
131204,Other,1,0
131206,DSL,0,11072
131206,FTTH,0,13320
131206,FTTH,1,45802
131206,Other,0,1291
131208,Other,0,11361
131214,DSL,0,7767
131216,DSL,0,74185
131216,FTTH,0,3918
131216,FTTH,1,37997
131218,DSL,0,3174
131218,FTTH,0,55
131218,FTTH,1,3330
131218,Other,0,2711
131219,DOCSIS,0,7600
131219,DSL,0,27391
131219,FTTH,0,4226
131219,FTTH,1,1514
131219,Other,0,39531
131221,DSL,0,12828
131221,FTTH,0,8640
131222,DSL,0,21042
131222,FTTH,1,44547
131223,FTTH,0,6804
131225,DSL,0,14453
131225,FTTH,0,3085
131225,Other,0,14448
131226,DOCSIS,0,21854
131226,DSL,0,124081
131226,FTTH,0,45278
131226,FTTH,1,5584
131226,Other,0,205152
131230,DOCSIS,0,11418
131230,DSL,0,9125
131230,FTTH,0,1740
131231,DSL,0,484
131231,FTTH,0,1071
131232,DSL,0,9845
131232,FTTH,1,10511
131232,Other,0,358
131233,DSL,0,1577
131233,Other,0,148904
131234,DSL,0,7063
131234,FTTH,0,4445
131234,Other,0,211
131239,DOCSIS,0,11908
131239,FTTH,0,11908
131240,FTTH,0,2599
131241,DOCSIS,0,488
131241,DSL,0,2016
131241,FTTH,0,596
131242,DOCSIS,0,5576
131242,DSL,0,6289
131242,FTTH,0,351
131243,DSL,0,9576
131243,FTTH,1,9576
131245,FTTH,0,7186
131246,DSL,0,57774
131246,FTTH,1,36002
131247,DOCSIS,0,3143
131247,FTTH,0,871
131248,DSL,0,2032
131248,FTTH,0,274
131249,DOCSIS,0,18139
131250,FTTH,0,2466
131251,DSL,0,13527
131252,DSL,0,61527
131252,FTTH,0,28773
131255,DOCSIS,0,7785
131255,FTTH,0,17480
131255,Other,0,1300
131257,DSL,0,10801
131257,FTTH,0,9629
131259,DSL,0,14799
131259,FTTH,0,14298
131260,DSL,0,9287
131260,FTTH,0,2215
131261,Other,0,103
131265,FTTH,0,171
131267,DOCSIS,0,2712
131267,FTTH,0,1167
131272,DSL,0,4886
131276,DSL,0,1965
131283,DOCSIS,0,11014
131283,DSL,0,45402
131283,FTTH,0,43841
131285,DOCSIS,0,7731
131285,DSL,0,2131
131285,Other,0,1609
131286,DSL,0,1969
131286,FTTH,0,2029
131286,Other,0,4175
131290,DSL,0,5538
131290,FTTH,0,3710
131295,DOCSIS,0,14
131296,DSL,0,18800
131296,FTTH,0,8664
131299,DSL,0,6176
131302,DSL,0,28105
131302,FTTH,0,10171
131302,FTTH,1,47789
131303,DSL,0,6262
131303,FTTH,0,3398
131306,DOCSIS,0,601116
131310,DOCSIS,0,456182
131310,DOCSIS,1,136432
131310,DSL,0,3254284
131310,FTTH,0,39748
131310,FTTH,1,381876
131310,Other,0,3413671
131311,DSL,0,67140
131311,FTTH,0,8186
131315,DSL,0,864
131320,Other,0,42284
131321,DSL,0,1458
131321,FTTH,0,17
131328,DOCSIS,0,49712
131328,DSL,0,13269
131328,FTTH,0,16010
131329,DSL,0,24531
131329,FTTH,0,3630
131329,Other,0,9390
131330,DSL,0,31627
131330,FTTH,1,58247
131330,Other,0,45
131332,DOCSIS,0,12859
131332,DSL,0,5918
131337,DSL,0,2716
131339,DSL,0,12987
131339,FTTH,0,102
131340,DSL,0,16881
131340,FTTH,0,895
131341,DSL,0,22692
131342,FTTH,0,3190
131344,DOCSIS,0,4984
131344,DSL,0,398
131344,FTTH,0,1780
131347,FTTH,1,87759
131349,DOCSIS,0,8809
131349,DSL,0,1996
131349,FTTH,0,2029
131354,DSL,0,1058
131354,FTTH,0,510
131357,DSL,0,2138
131357,FTTH,0,3386
131358,DSL,0,1312
131358,FTTH,0,243
131359,DSL,0,10740
131359,Other,0,15622
131361,DOCSIS,0,35608
131362,DSL,0,65528
131362,FTTH,0,1701
131363,DSL,0,942
131363,FTTH,0,2149
131365,DSL,0,12423
131365,FTTH,0,5283
131366,DOCSIS,0,1244
131366,DSL,0,12581
131366,FTTH,0,28373
131366,Other,0,209488
131367,DSL,0,15468
131367,FTTH,1,19914
131367,Other,0,21571
131368,DOCSIS,0,26953
131368,DSL,0,10102
131368,FTTH,0,10102
131370,DSL,0,7390
131370,FTTH,0,11401
131370,Other,0,1428
131378,DSL,0,20962
131378,FTTH,0,772
131379,DOCSIS,0,24506
131379,FTTH,0,270
131379,Other,0,5784
131383,DSL,0,33038
131383,FTTH,0,33038
131383,Other,0,33038
131384,DSL,0,80188
131384,FTTH,1,50638
131387,DOCSIS,0,23750
131387,DSL,0,48427
131387,FTTH,1,22343
131387,Other,0,34148
131388,DSL,0,0
131388,FTTH,0,2116
131389,DSL,0,7856
131389,FTTH,0,1702
131394,FTTH,0,1069
131394,Other,0,29283
131395,DOCSIS,0,2796
131395,DSL,0,10189
131395,FTTH,0,381
131395,FTTH,1,6
131395,Other,0,142239
131396,DSL,0,72615
131396,DSL,1,650
131396,FTTH,1,16034
131397,DSL,0,12872
131397,FTTH,1,6117
131397,Other,0,7718
131400,DSL,0,1063
131400,Other,0,55757
131401,DSL,0,2819
131401,FTTH,0,1885
131404,DOCSIS,0,81051
131404,FTTH,0,43580
131404,FTTH,1,66
131404,Other,0,154519
131406,DSL,0,1780
131406,FTTH,0,131
131407,DSL,0,21525
131407,FTTH,1,20318
131407,Other,0,2561
131408,DSL,0,98922
131408,FTTH,0,316
131408,FTTH,1,1213
131408,Other,0,80833
131409,FTTH,0,4802
131411,DSL,0,17931
131411,FTTH,1,15918
131411,Other,0,1312
131412,DSL,0,4595
131412,Other,0,5005
131413,DOCSIS,0,161875
131413,DOCSIS,1,1425
131413,DSL,0,8028229
131413,DSL,1,166270
131413,FTTH,0,106985
131413,FTTH,1,27389
131414,DSL,0,5236
131415,FTTH,0,5259
131416,DSL,0,2853
131418,DSL,0,1206
131421,Other,0,35209
131422,DSL,0,2163
131422,FTTH,1,25760
131423,FTTH,0,209
131425,DSL,0,49503716
131425,FTTH,0,33019051
131426,DSL,0,29635
131426,FTTH,1,29635
131427,DSL,0,604
131427,FTTH,0,22111
131431,DSL,0,1731
131431,FTTH,0,585
131431,Other,0,2892
131441,DOCSIS,0,12016
131441,DSL,0,17074
131441,FTTH,0,1128
131441,Other,0,24403
131444,DSL,0,3028
131444,FTTH,0,22983
131444,Other,0,69392
131445,DOCSIS,0,5984
131445,DSL,0,5713
131445,FTTH,1,8457
131447,DOCSIS,0,4480
131447,DSL,0,4048
131447,FTTH,0,1307
131448,DSL,0,1364
131448,FTTH,0,17232
131448,Other,0,2154
131451,DSL,0,10262
131451,FTTH,0,538
131453,Other,0,136
131454,DOCSIS,0,11135
131454,DOCSIS,1,1736075
131454,DSL,0,5746
131454,DSL,1,31044
131457,FTTH,0,9689
131458,FTTH,0,11706
131458,Other,0,11706
131459,DSL,0,5639
131459,DSL,1,6149
131459,FTTH,0,1295
131459,FTTH,1,26719
131460,FTTH,1,7791
131461,DSL,0,9808
131461,FTTH,0,7019
131462,FTTH,1,51571
131463,DSL,0,9722
131463,FTTH,1,7305
131463,Other,0,31875
131465,DSL,0,24975
131465,FTTH,1,8854
131466,DOCSIS,0,971
131466,DSL,0,9348
131466,FTTH,0,17042
131467,DSL,0,16968
131467,FTTH,0,3040
131467,FTTH,1,13237
131469,DSL,0,33779
131470,DOCSIS,0,24236
131472,DOCSIS,0,1436
131472,DSL,0,7858
131473,Other,0,3787
131475,DSL,0,3273
131475,FTTH,0,3273
131476,DOCSIS,0,2495
131476,DSL,0,6600
131476,FTTH,0,8936
131476,Other,0,27759
131478,DSL,0,17429
131478,FTTH,0,2083
131480,DOCSIS,0,7196616
131480,DSL,0,35071
131480,FTTH,0,2245519
131481,FTTH,0,9427
131482,DSL,0,10379
131482,FTTH,0,3457
131482,Other,0,26024
131485,FTTH,0,20311
131486,DSL,0,12448
131486,FTTH,1,47530
131487,FTTH,0,189
131492,DOCSIS,0,2043
131493,DSL,0,15656
131493,FTTH,1,42763
131493,Other,0,21771
131494,DSL,0,5867
131494,FTTH,0,22292
131497,DOCSIS,0,8941
131497,Other,0,563838
131505,DSL,0,1288
131505,FTTH,0,1347
131506,FTTH,0,2773
131507,DSL,0,42649
131507,Other,0,42649
131510,DSL,0,699
131510,FTTH,0,471
131512,DOCSIS,0,201
131512,DSL,0,12186
131512,FTTH,0,4791
131512,Other,0,180
131516,DSL,0,82198
131516,FTTH,0,64174
131517,DSL,0,25916
131517,FTTH,0,18822
131518,DOCSIS,0,3770
131518,DSL,0,22125
131518,FTTH,0,1332
131518,FTTH,1,18051
131520,DSL,0,1985
131611,FTTH,0,62742
131612,DSL,0,13023
131612,FTTH,0,13023
131612,Other,0,13023
131613,DSL,0,1676
131613,Other,0,28854
131900,DOCSIS,0,13125
131900,FTTH,0,2483
140001,DOCSIS,0,40221
140012,DSL,0,891
140012,FTTH,0,907
140012,Other,0,22087
140016,FTTH,0,229
140016,Other,0,13790
140018,DOCSIS,0,144579
140020,FTTH,1,61147
140030,DSL,0,42066
140030,FTTH,0,10310
140030,FTTH,1,2908
140032,FTTH,0,748
140033,DSL,0,4814
140033,FTTH,0,3051
140033,Other,0,26711
140036,DSL,0,2227
140036,FTTH,0,4397
140043,DSL,0,4986
140048,Other,0,23363253
140050,Other,0,13199
140055,Other,0,16072
140059,DSL,0,504
140059,FTTH,0,8541
140063,Other,0,123714
140064,Other,0,863014
140076,DSL,0,2004
140078,Other,0,43535
140080,DOCSIS,0,969100
140084,Other,0,12283
140092,DSL,0,23516
140092,FTTH,0,23516
140092,Other,0,23516
140097,DSL,0,10636
140097,FTTH,0,1415
140097,Other,0,0
140101,DSL,0,6539
140101,FTTH,0,5418
140105,Other,0,2547438
140106,DOCSIS,0,4381
140106,DSL,0,4381
150119,DSL,0,1234
150119,Other,0,10885
150120,DOCSIS,0,683
150120,FTTH,0,1067
150120,FTTH,1,1504
150120,Other,0,15827
150200,DSL,0,22
150200,FTTH,0,1360
150200,FTTH,1,7902
150206,DOCSIS,0,171819
150206,DOCSIS,1,450800
150221,DOCSIS,0,4345
150221,DSL,0,242
150225,DSL,0,2889
150225,FTTH,0,3021
150227,DOCSIS,0,9495
150229,DSL,0,1539
150235,DOCSIS,0,11194
150236,DOCSIS,0,19603
150237,FTTH,1,4208
150241,DSL,0,37371
150244,DOCSIS,0,354
150245,Other,0,595
150249,Other,0,42122
150250,DOCSIS,0,1592
150250,DSL,0,658
150250,FTTH,0,1207
150250,Other,0,172705
150258,DOCSIS,0,75136
150258,DSL,0,45885
150262,DSL,0,3135
150262,FTTH,0,5971
150262,Other,0,9634
150266,DOCSIS,0,17203
150266,DSL,0,32626
150266,FTTH,0,28246
150270,FTTH,0,1007
150270,FTTH,1,310
150270,Other,0,63953
150271,Other,0,19400
150272,Other,0,148
150281,FTTH,0,946
150281,Other,0,10529
150287,DSL,0,7918
150287,FTTH,1,1526
150292,DOCSIS,0,491962
150295,DOCSIS,0,43018
150296,DOCSIS,0,16261
150296,DSL,0,115687
150296,FTTH,0,9358
150296,FTTH,1,822
150296,Other,0,31310
150308,Other,0,164633
150309,DOCSIS,0,3032
150312,FTTH,1,14754
150312,Other,0,14754
150313,DSL,0,23801
150313,Other,0,38098
150316,DSL,0,195749
150316,FTTH,1,116
150317,DSL,0,13525
150317,FTTH,1,33658
150323,Other,0,272
150325,Other,0,95557
150327,FTTH,1,44783
150327,Other,0,4956
150330,Other,0,12300
150334,DOCSIS,0,359510
150335,Other,0,23927
150336,Other,0,161796
150340,DOCSIS,0,1496
150340,DSL,0,73192
150340,FTTH,0,97996
150340,FTTH,1,1315
150340,Other,0,8434
150341,Other,0,1282
150344,FTTH,0,15183
160101,Other,0,11916
160103,FTTH,0,4076
160108,FTTH,1,156823
160110,DOCSIS,0,41098
160113,Other,0,26794
160115,Other,0,2999949
160116,DSL,0,1257561
160116,Other,0,54321
160118,DOCSIS,0,5395
160127,DOCSIS,0,71865
160127,DSL,0,158638
160127,FTTH,0,2104
160127,FTTH,1,37894
160127,Other,0,99606
160129,DOCSIS,0,1529
160135,FTTH,0,1337
160141,FTTH,0,5736
160141,FTTH,1,438
160141,Other,0,10008
160146,FTTH,0,9709
160151,DSL,0,384
160151,FTTH,0,216
160151,Other,0,4250
160157,DOCSIS,0,222834
160160,DOCSIS,0,81660
160160,FTTH,1,17999
160162,Other,0,1574
170005,DOCSIS,0,16128
170014,DSL,0,2560
170014,FTTH,0,2597
170016,DOCSIS,0,167994
170025,DOCSIS,0,5758
170025,FTTH,0,32781
170025,Other,0,271718
170025,Other,1,2692
170033,FTTH,1,7560
170040,DSL,0,8908
170040,Other,0,4401
170044,DSL,0,236
170047,Other,0,20547
170048,Other,0,16379
170050,DOCSIS,0,4923
170050,FTTH,0,2299
170054,Other,0,187746
170058,FTTH,1,77403
170062,FTTH,0,4375
170064,DOCSIS,0,4311
170064,DOCSIS,1,17605
170066,FTTH,0,18637
170071,DOCSIS,0,84
170071,Other,0,47066
170086,DOCSIS,0,24105
170098,DOCSIS,0,25635
170098,DSL,0,27497
170098,FTTH,0,5701
170098,FTTH,1,127
170098,Other,0,5691
170102,Other,0,408
170105,DOCSIS,0,7992
180006,DOCSIS,0,5288
180009,FTTH,0,1817
180010,FTTH,0,14616
180012,DOCSIS,1,13752
180032,FTTH,0,6926
180038,Other,0,69034
180039,FTTH,0,1228
180039,Other,0,3547
180041,DOCSIS,0,28125
180048,Other,0,85755
180064,Other,0,15294
190002,Other,0,181178
190008,DOCSIS,0,36950
190008,DOCSIS,1,357
190008,DSL,0,37862
190008,DSL,1,0
190008,FTTH,0,269
190008,FTTH,1,143
190013,DOCSIS,0,1867
190014,DSL,0,1074386
190015,DOCSIS,0,3561
190015,DSL,0,21813
190015,FTTH,0,25076
190015,FTTH,1,1413
190019,Other,0,73799
190025,Other,0,7326
190036,DSL,0,9906
190045,Other,0,2126
190046,DOCSIS,0,19800
190047,DOCSIS,0,8772
190051,DSL,0,5036
190051,FTTH,0,14514
190051,FTTH,1,13129
190053,Other,0,25297
190056,Other,0,23777
190058,FTTH,1,102599
190059,DOCSIS,0,16097
190059,FTTH,0,592
190059,Other,0,324
190066,FTTH,1,46947
190069,DOCSIS,0,1999
190069,FTTH,0,177
190070,DOCSIS,0,28670
190071,DOCSIS,0,6642
190073,DOCSIS,0,27276
190075,DOCSIS,0,3714
190079,DSL,0,58840
190079,FTTH,0,1929
190080,FTTH,0,3067
190080,Other,0,3525
190081,DSL,0,20
190081,FTTH,1,72011
190083,Other,0,2436
190084,FTTH,1,137
190085,DOCSIS,0,2553
190089,DOCSIS,0,5942
190089,Other,0,9241
190093,Other,0,39836
190094,DOCSIS,0,12680
190096,DOCSIS,0,15771
190101,DOCSIS,0,5184
190101,Other,0,16894
190102,DOCSIS,0,8232
190103,Other,0,25970
190104,DSL,0,817
190104,FTTH,0,9426
190107,DSL,0,211725
190108,DOCSIS,1,1392
190118,DSL,0,6621
190123,Other,0,233209
190126,DSL,0,64909
190126,FTTH,1,41554
190126,Other,0,53113
190130,DSL,0,20153
190130,FTTH,0,102
190130,Other,0,12913
190131,DOCSIS,0,15528
190131,FTTH,0,269
190131,Other,0,306
190134,FTTH,1,359741
190142,DSL,0,16446
190145,DOCSIS,0,6600
190145,DSL,0,570
190145,FTTH,0,3471
190150,DSL,0,92032
190150,FTTH,0,48
190150,FTTH,1,7879
190150,Other,0,116436
190155,Other,0,1314
190163,Other,0,1439
190166,DSL,0,27069
190166,DSL,1,259
190166,FTTH,1,298
190169,Other,0,100627
190172,DOCSIS,0,14622
190180,DOCSIS,0,2502
190181,DOCSIS,0,25656
190181,FTTH,0,6446
190182,DOCSIS,0,13792
190184,Other,0,35308
190185,Other,0,2600
190187,FTTH,1,2128
190187,Other,0,24982
190188,Other,0,753805
190189,DSL,0,800647
190192,DSL,0,76358
190193,Other,0,4224
190204,Other,0,1470
190207,DSL,0,4009
190207,FTTH,0,61091
190207,Other,0,15986
190208,Other,0,24126
190211,Other,0,22139
190215,DOCSIS,0,32113
190218,DOCSIS,0,92
190219,FTTH,1,114734
190220,Other,0,4642
190223,FTTH,0,1847
190232,Other,0,47872
190233,DOCSIS,0,4859
190233,DSL,0,1618
190233,FTTH,0,3566
190236,Other,0,1491765
190239,DOCSIS,1,104611
190239,FTTH,1,6919
190244,Other,0,309620
190248,Other,0,44458
190265,DOCSIS,0,17911
190265,FTTH,1,18544
190265,Other,0,4430
190268,Other,0,1335
190274,DOCSIS,0,85808
190274,FTTH,0,4314
190274,Other,0,3541
190275,DOCSIS,0,22553
190281,DSL,0,3566
190282,FTTH,1,2142
190285,DOCSIS,0,11845
190289,Other,0,44273
190303,DSL,1,28031
190303,Other,0,10261
190304,FTTH,0,197
190305,DSL,0,38047
190305,FTTH,0,1936
190305,FTTH,1,4278
190308,DOCSIS,0,83932
190309,Other,0,3294333
190311,Other,0,1276942
190312,DOCSIS,0,95048
190312,Other,0,40658
190313,DOCSIS,0,250
190313,FTTH,0,1198
190313,Other,0,35166
190320,Other,0,37781
190323,DOCSIS,0,20005
190328,Other,0,18517
190334,DOCSIS,0,6012
190335,Other,0,1615
190336,Other,0,5739
190337,DOCSIS,0,4730
190341,Other,0,13081
190342,Other,0,5042218
190347,DOCSIS,0,41355
190365,DOCSIS,0,10910
190367,FTTH,0,2153
190367,Other,0,38382
190370,FTTH,0,1084
190380,DOCSIS,0,2897
190380,DSL,0,11821
190380,FTTH,0,6742
190380,FTTH,1,105110
190405,FTTH,1,684
190406,DSL,0,72
190407,Other,0,27121
190410,FTTH,0,2543
190410,FTTH,1,4770
190416,Other,0,19743
190419,Other,0,106315
190425,DSL,0,3024254
190425,FTTH,1,165547
190428,DSL,0,8350
190428,FTTH,0,5097
190429,DOCSIS,0,9407
190438,DSL,0,61876
190438,FTTH,0,1890
190443,DOCSIS,0,14706
190448,DOCSIS,0,23948
190448,Other,0,234778
190501,FTTH,0,594
190501,Other,0,10349
190503,Other,0,10456
190504,DSL,0,98430
190504,FTTH,1,98034
190506,DSL,0,34378
190506,FTTH,0,47
190506,Other,0,31651
200006,Other,0,8554
200010,DOCSIS,0,2727
200010,FTTH,0,6396
200012,Other,0,7354
200019,Other,0,6156
200020,Other,0,1089637
200022,FTTH,1,19946
200025,Other,0,264
200026,Other,0,5611
200027,DSL,0,28023
200027,FTTH,0,1513
200027,Other,0,474387
200029,DOCSIS,0,133250
200029,FTTH,1,124009
200032,DSL,0,7090
200032,FTTH,0,2123
200032,FTTH,1,0
200032,Other,0,2589030
200039,FTTH,1,137
200041,DSL,0,675204
200044,Other,0,862
200046,Other,0,97821
200048,DOCSIS,0,7369
200057,Other,0,8693
200065,Other,0,48881
200066,Other,0,2423
200070,DOCSIS,0,4079
200070,Other,0,2051
210001,Other,0,1177
210006,Other,0,74302
210017,Other,0,283
210018,Other,0,207423
210019,FTTH,1,52455
210020,Other,0,14256
210040,Other,0,20041
210042,Other,0,37843
210046,Other,0,7226
210063,Other,0,13644
210069,FTTH,1,2828
210069,Other,0,52640
210075,DSL,0,514
210080,Other,0,495
210087,FTTH,0,24122
210087,FTTH,1,2332
210092,Other,0,94945
210095,Other,0,42715
210101,DSL,0,312478
210101,FTTH,1,4763
210101,Other,1,2650218
210105,Other,0,2493
220007,Other,0,2838
220008,DOCSIS,0,6046
220012,Other,0,2219
220013,Other,0,17283
220015,Other,0,1464460
220016,DOCSIS,0,20791
220027,Other,0,2728
220028,DSL,0,3651
220030,Other,0,5491
220036,Other,0,4696
220046,FTTH,0,123
220046,Other,0,21383
220048,FTTH,0,81
220048,Other,0,310346
220052,FTTH,1,6438
220056,Other,0,30816
220058,Other,0,9307
220061,Other,0,212735
220064,Other,0,12893
220066,Other,0,30762
220071,DOCSIS,0,1863
220071,FTTH,0,858
220073,DSL,0,6
220073,FTTH,0,490
220073,Other,0,22080
220075,Other,0,4387
220076,Other,0,2232
220078,DOCSIS,0,4191
220079,DOCSIS,0,10261
220079,DSL,0,35907
220079,FTTH,1,13996
220079,Other,0,44227
220082,Other,0,759
230006,FTTH,1,9479
230010,FTTH,1,55486
230010,Other,0,321509
230011,Other,0,97162
230017,Other,0,275015
230018,DSL,0,6379
230021,DOCSIS,0,32849
230021,Other,0,34794
230025,Other,0,10206
230026,DOCSIS,0,1020
230028,Other,0,38636
230029,Other,0,19884
230033,DOCSIS,0,796
230033,Other,0,8619
230036,Other,0,7412
230038,Other,0,2
230039,DOCSIS,0,541
230043,FTTH,1,1736
230043,Other,0,132438
230044,Other,0,74480
230050,DSL,0,263
230051,FTTH,1,180292
230052,FTTH,1,303811
230054,Other,0,13127
230062,Other,0,252043
230064,DSL,0,61091
230074,DSL,0,13658
230074,FTTH,0,2868
230074,FTTH,1,0
230076,DOCSIS,0,8379
240003,Other,0,195733
240004,Other,0,176365
240008,DOCSIS,0,15594
240008,DOCSIS,1,5536
240009,Other,0,90688
240010,Other,0,4592783
240011,DOCSIS,0,793
240012,DOCSIS,0,8947
240012,FTTH,0,8947
240014,DOCSIS,0,19141
240016,DOCSIS,0,7713
240017,DOCSIS,0,13621
240017,Other,0,13621
240021,DSL,0,990
240021,FTTH,0,1576
240022,DOCSIS,0,14548
240025,DOCSIS,0,2220
240027,DOCSIS,0,1098
240031,DOCSIS,0,18702
240032,FTTH,1,26974
240035,Other,0,6882
240036,Other,0,64682
240041,FTTH,1,1440182
240042,DOCSIS,0,12839
240044,FTTH,1,10052
240046,Other,0,4021
240047,Other,0,3215
240051,DOCSIS,0,3978
240055,DOCSIS,0,1542
240055,Other,0,311
240056,Other,0,3012601
240058,DOCSIS,0,61721
240058,FTTH,0,933
240058,Other,0,176467
240060,DSL,0,4994
240060,FTTH,0,11
240061,FTTH,1,40558
240062,FTTH,0,355
240063,DOCSIS,0,198
240064,DOCSIS,0,899
240064,FTTH,0,447
240065,DOCSIS,0,22751
240065,FTTH,0,809
240066,Other,1,365218
240068,DOCSIS,0,9203
240068,Other,0,10108
240070,Other,0,7471
240072,DOCSIS,0,38869
240074,Other,0,842172
240077,DOCSIS,0,3511
240080,DOCSIS,0,2841
240081,DOCSIS,0,1667
240085,DOCSIS,0,14570
240085,FTTH,0,14570
240086,DOCSIS,0,4
240088,DOCSIS,0,17004
240089,DSL,0,10
240089,FTTH,0,610
240089,FTTH,1,146
240089,Other,0,1217
240090,DOCSIS,0,6186
240094,DOCSIS,0,38
240099,Other,0,165593
240101,DOCSIS,0,3300
240102,DOCSIS,0,28070
240103,DOCSIS,0,686
240105,Other,0,256470
240106,Other,0,1444
240106,Other,1,353
240109,DSL,0,304196
240109,FTTH,1,4303
240109,Other,0,178679
240109,Other,1,252
240110,FTTH,1,72503
240110,Other,0,26810
240115,Other,0,3
240300,DSL,0,11240
240300,FTTH,0,1236
250003,Other,0,201
250004,Other,0,7299
250007,Other,0,67491
250008,Other,0,5513
250009,Other,0,297029
250012,Other,0,2855
250014,Other,0,150057
250018,Other,0,2102
250020,Other,0,10682
250025,Other,0,6078
250027,Other,0,56640
250028,DSL,0,637
250028,Other,0,25049
250035,Other,0,1255
250035,Other,1,797
250045,Other,0,16
250050,FTTH,0,2326
250050,Other,0,19663
250052,Other,0,689
250053,DSL,0,3398
250053,Other,0,23428
250055,DSL,0,1217
250057,Other,0,1272
250062,Other,0,49877
250066,Other,0,3185
250069,DOCSIS,0,2941
250078,DOCSIS,0,7521
250080,Other,0,7283
250081,DSL,0,565
250081,FTTH,0,291
250081,Other,0,9912
250086,Other,0,20621
250087,Other,0,1242
250090,DSL,0,141499
250090,Other,0,194744
250092,Other,0,279
250099,Other,0,2428
250100,Other,0,18208
250102,Other,0,1116
260000,DSL,0,49325
260000,FTTH,0,19315
260000,FTTH,1,61498
260000,Other,0,749
260003,Other,0,6082
260004,Other,0,47778
260007,FTTH,1,1611
260008,DOCSIS,0,2539
260008,FTTH,0,464
260008,Other,0,10845
260009,DOCSIS,0,32002
260010,DOCSIS,0,6029
260010,FTTH,0,105
260010,FTTH,1,234
260015,DSL,0,124915
260016,Other,0,198330
260019,Other,0,211
260019,Other,1,318
260021,FTTH,0,336
260025,Other,0,23811
260026,DSL,0,156329
260026,Other,0,156329
260027,Other,0,396
260032,FTTH,0,315
260032,Other,0,20378
260038,Other,0,196411
260049,DOCSIS,0,41
260050,Other,0,708498
260052,Other,0,361826
260056,Other,1,90640
260059,FTTH,0,2956
260059,Other,0,21217
260062,Other,0,127173
260063,Other,0,76028
260068,Other,0,278
260068,Other,1,115
260069,DOCSIS,1,38907
260070,Other,0,4180
270001,DOCSIS,0,19338
270001,FTTH,1,105
270006,Other,0,80986
270009,Other,0,9941
270011,Other,0,369406
270012,Other,0,19424
270015,DOCSIS,0,43875
270016,Other,0,582
270018,Other,0,4670
270020,Other,0,223860
270023,FTTH,0,5
270023,Other,0,32459
270025,Other,0,780555
270027,FTTH,0,211731
270027,Other,0,221062
270028,Other,0,42079
270032,DSL,0,78529
270032,FTTH,0,170904
270032,Other,0,559441
270033,Other,0,2125472
270035,Other,0,303298
270038,Other,0,159926
270044,Other,0,302259
270045,Other,0,237307
270051,Other,0,15634
270052,Other,0,56446
270061,Other,0,158
270062,Other,0,3604
270063,DOCSIS,0,9
270064,Other,0,109
270064,Other,1,62
270065,Other,0,239596
270068,Other,0,462
270072,DOCSIS,0,14779
270073,Other,0,37222
270074,FTTH,0,1056
270074,Other,0,16582
270077,Other,0,24204
270078,Other,0,72801
270083,Other,0,2967
270084,DOCSIS,0,1024
270084,Other,0,5307
270085,Other,0,173566
270090,DSL,0,348308
270090,Other,0,348308
270096,Other,0,1345
270099,Other,0,61578
270101,Other,0,53487
270113,Other,0,257
270115,Other,0,798316
280001,DOCSIS,0,792
280001,DOCSIS,1,1141858
280004,Other,0,716
280005,DSL,0,13472
280007,Other,0,16632
280009,Other,0,28959
280010,FTTH,0,7797
280011,Other,0,13494
280013,Other,0,4648
280013,Other,1,178
280014,FTTH,1,33983
280015,DOCSIS,0,385303
280017,FTTH,1,56923
280018,Other,0,720
280020,FTTH,1,1409
280020,Other,0,39672
280024,Other,0,729
280026,DOCSIS,0,7150
280026,Other,0,6443
280027,Other,0,177246
280028,DOCSIS,0,1291
280031,DSL,0,5184
280035,Other,0,28941
280037,Other,0,3909
280042,Other,0,82593
280051,Other,0,132296
280052,DOCSIS,0,3805
280054,Other,0,136
280057,Other,0,470364
280063,DSL,0,17
280063,FTTH,0,318
280063,Other,0,230
280066,Other,0,12616
280067,Other,1,40707
280068,Other,0,35623
280069,DSL,0,1167
280069,FTTH,0,256
280069,Other,0,10234
280071,Other,0,19940
280073,FTTH,1,9
280073,Other,1,34877
280074,FTTH,1,20221
280075,Other,0,623
280078,DOCSIS,0,2985
290002,DOCSIS,0,77
290003,Other,0,130187
290004,FTTH,1,56
290004,Other,0,23041
290004,Other,1,1887
290005,Other,0,13090
290005,Other,1,6381
290006,Other,0,67162
290007,Other,0,800434
290008,Other,0,46425
290009,Other,0,147597
290010,Other,0,2970258
290014,Other,0,50091
290015,Other,0,2154
290016,Other,0,3764
290017,DSL,0,807
290018,Other,0,204562
290019,Other,0,315
290021,Other,0,15330
290023,Other,0,24838
290024,Other,0,38
290025,Other,0,1054458
290028,FTTH,1,22729
290031,FTTH,1,10455
290035,Other,0,5680
290037,FTTH,0,1855
290039,Other,0,142797
290040,Other,0,17445
290042,Other,0,145
290048,DOCSIS,0,354
290050,Other,0,1161627
290051,Other,0,14573
290052,Other,0,18259
290053,Other,0,5422
290054,Other,0,2722
290054,Other,1,350
290055,Other,0,710507
290057,Other,0,3676
290058,Other,0,417065
290061,FTTH,0,3412
290062,Other,0,15546
290065,Other,0,9783
290066,Other,0,152
290074,Other,0,34127
290077,DOCSIS,0,609
290077,DSL,0,34783
290077,FTTH,0,1027
290077,FTTH,1,17
290079,Other,0,21625
290081,Other,0,89595
290083,Other,0,5975
290086,Other,0,15962
290087,Other,0,200643
290088,Other,0,42191
290089,Other,0,29575
290090,Other,0,1164
290091,Other,0,392
290092,Other,0,900
290092,Other,1,57
290093,Other,0,238940
290099,Other,0,32937
290100,Other,0,13228
290103,Other,0,13281
290105,DOCSIS,0,1408
290105,DSL,0,13
290105,FTTH,0,32
290105,Other,0,2334
290106,Other,0,95603
290108,Other,0,6403
290109,Other,0,7865
290112,Other,0,63404
290113,FTTH,1,0
290113,Other,0,882
290114,Other,0,1022
290118,Other,0,175276
290121,Other,0,1954
290123,Other,0,783
290125,Other,0,30
290127,Other,0,1531
290128,Other,0,76
300004,Other,0,42072
300005,DSL,0,46186
300005,FTTH,1,5647
300008,Other,0,30006
300010,Other,0,10997
300011,Other,0,144509
300015,DOCSIS,0,1647
300016,Other,0,35727
300017,Other,0,6301425
300019,Other,0,37995
300020,Other,0,189294
300023,Other,0,9917
300025,Other,0,130992
300026,Other,0,30305
300027,Other,0,253040
300029,Other,0,1918117
300031,FTTH,0,11663
300036,Other,0,200363
300037,Other,0,136493
300039,Other,0,1714
300040,FTTH,0,12823
300043,Other,0,3024653
300045,Other,0,12203
300047,Other,0,10174
300049,FTTH,1,37260
300053,Other,0,170778
300059,DOCSIS,0,17404
300059,FTTH,0,16013
300061,Other,0,16797
300063,Other,0,3023649
300065,Other,0,38998
300067,Other,0,319855
300069,Other,0,266
300073,Other,0,41399
300074,Other,0,20680
300076,Other,0,400
300077,Other,0,30831
300078,Other,0,653725
300079,Other,0,8831460
300080,Other,0,30606
300082,Other,0,14785
300083,DSL,0,23680
300083,FTTH,0,17559
300085,Other,0,766049
300087,FTTH,0,13608
300088,Other,0,322
300090,Other,0,14611
300091,FTTH,1,31735
300092,Other,0,10720
300093,Other,0,2240
300095,Other,0,327605
300096,Other,0,1176
300101,FTTH,0,12544
300101,Other,0,113169
300105,Other,0,32784
300106,Other,0,350
300107,Other,0,41673
300110,DSL,0,434
300110,FTTH,0,544
300110,Other,0,126
300111,Other,0,28620
300112,FTTH,0,17519
300112,Other,0,28306
300116,Other,0,10769
300117,Other,0,7093
300119,DOCSIS,0,3190
300119,FTTH,0,384
300119,Other,0,31
300120,Other,0,196832
300122,DSL,0,2046
300122,Other,0,3897
300123,Other,0,117648
300124,Other,0,12493
300125,Other,0,47622
300126,Other,0,1152
300128,Other,0,723
300129,Other,0,72689
300131,Other,0,28333
300132,Other,0,46276
300133,Other,0,34088
300136,Other,0,327605
300137,Other,0,21412
300138,Other,0,4203
300139,FTTH,1,3038
300144,Other,0,14490
300146,Other,0,6250
300147,Other,0,1836
300149,FTTH,0,8151
300158,Other,0,315113
300159,Other,0,11894
300160,Other,0,134485
300164,Other,0,40375
300168,DOCSIS,0,1108
300168,DSL,0,918
300168,Other,0,41997
300169,Other,0,201620
300170,Other,0,662687
300171,DSL,0,22964
300171,Other,0,47458
300172,Other,0,72273
300173,Other,0,556
300175,Other,0,10224
300176,Other,0,4170
300179,Other,0,502
300180,Other,0,3089
300181,Other,0,19720
300182,Other,0,3311
300183,Other,0,11624
300184,DOCSIS,0,20155
300185,Other,0,25723
300186,DSL,0,24852
300186,FTTH,0,109
300186,Other,0,10881
300187,Other,0,929
300190,DSL,0,4714
300190,FTTH,0,703
300191,DSL,0,125044
300191,FTTH,0,42426
300191,FTTH,1,5304
300192,DOCSIS,0,38809
300192,DSL,0,69348
300192,FTTH,0,684
300192,FTTH,1,19660
300192,Other,0,32685
300194,Other,0,1979
300196,Other,0,12734
300198,Other,0,8736
300199,Other,0,11177
300205,Other,0,1060
310000,DSL,0,63301
310000,FTTH,0,375
310000,Other,0,67079
310001,Other,0,849844
310001,Other,1,484
310006,Other,0,284
310010,Other,0,31793
310013,FTTH,0,37752
310014,Other,0,0
310015,DSL,0,2721
310015,FTTH,1,4621
310015,Other,0,47
310015,Other,1,96659
310016,Other,0,1468
310017,Other,0,7948
310019,Other,0,20753
310020,FTTH,0,27
310020,Other,0,1377
310021,FTTH,1,37743
310023,DOCSIS,0,25272
310023,DOCSIS,1,268088
310023,DSL,0,7937
310024,DOCSIS,0,67966
310024,DSL,0,67966
310024,FTTH,0,67966
310024,Other,0,67966
310027,Other,0,24084
310028,Other,0,5923
310030,Other,0,3572
310031,FTTH,1,1567
310035,Other,0,19525
310036,Other,0,6888
310040,Other,0,374392
310041,FTTH,1,44682
310042,Other,0,245520
310044,FTTH,1,82
310045,DOCSIS,0,4310
310050,Other,0,501
310052,Other,0,10482
310053,Other,0,44222
310054,FTTH,1,569
310054,Other,0,1019
310054,Other,1,2
310055,Other,0,369562
310056,Other,0,405987
310058,FTTH,0,169
310058,Other,0,527206
310059,Other,0,5119
310060,Other,0,2694
310062,FTTH,1,2005
310063,Other,0,7344
310065,Other,0,179731
310066,Other,0,601128
310067,Other,0,6160
310071,Other,0,85731
310079,Other,1,23176
310081,Other,0,2656
310082,Other,0,267
310083,FTTH,0,4586
310083,FTTH,1,3
310083,Other,0,5099
310084,Other,0,17404
310085,Other,0,13272
310088,Other,0,122299
310090,DSL,0,665
310092,FTTH,1,17474
310095,FTTH,1,280912
310095,Other,0,169510
310096,Other,0,200979
320004,Other,0,3525
320007,Other,0,10872
320007,Other,1,28
320013,Other,0,196326
320014,Other,0,38911
320016,FTTH,1,102
320016,Other,0,21097
320017,FTTH,0,11
320017,Other,0,1607
320018,Other,0,1832464
320019,Other,0,2291
320020,Other,0,3461
320022,Other,0,1777
320025,Other,0,11727
320028,DOCSIS,0,33578
320030,DSL,0,848
320030,Other,0,444
320030,Other,1,39
320031,DSL,0,720
320031,Other,0,22177
320037,Other,0,40437
320042,Other,0,52248
320045,DOCSIS,1,79694
320047,FTTH,1,54605
320049,Other,0,2008
320049,Other,1,13
320050,DSL,0,64
320050,FTTH,0,168
320050,Other,0,1230
320051,Other,0,21697
320052,DSL,0,182
320053,FTTH,0,1970
320053,Other,0,5287
320055,Other,0,936
320056,DSL,0,252
320056,FTTH,1,252
320056,Other,0,252
320057,Other,0,9223
320059,Other,0,4121
320062,Other,0,4040
320065,Other,0,50028
320066,Other,0,426058
320068,Other,0,19171
320073,Other,0,710507
320074,Other,0,471
320075,Other,0,3798
320080,Other,0,20677
320081,Other,0,4246
320082,Other,0,10479
320084,Other,0,6478
320086,Other,0,17056
320087,Other,0,11655
320087,Other,1,13337
320088,Other,0,69656
320090,Other,0,12741
320091,DOCSIS,0,100210
320091,Other,0,100210
320092,Other,0,16396
320093,Other,0,4238
320094,Other,0,2928
320095,Other,0,5088
320096,Other,0,221936
320100,FTTH,1,13174
320105,Other,0,5775
320111,FTTH,0,40
320112,Other,0,2867
320114,Other,0,46475
320115,Other,0,1202
320116,DSL,0,3258
320116,FTTH,0,3258
320116,FTTH,1,0
320116,Other,0,3258
320116,Other,1,0
320117,Other,0,20414
320120,Other,0,13175
320121,DSL,0,6344853
320124,Other,0,606856
320125,Other,0,70789
320126,DOCSIS,0,7168
320127,FTTH,0,658
320127,Other,0,1123232
320129,Other,0,3367
330001,DSL,0,1780
330002,DOCSIS,1,440900
330003,Other,0,119958
330004,Other,0,4855
330005,Other,0,8373
330006,Other,0,74153
330008,Other,0,246
330010,DSL,0,423
330010,DSL,1,2
330010,FTTH,0,423
330010,FTTH,1,2
330010,Other,0,423
330010,Other,1,2
330013,FTTH,0,65403
330018,Other,0,6495
330020,DSL,0,9508
330024,Other,1,121836
330029,Other,0,356
330032,FTTH,0,27
330032,FTTH,1,3238
330032,Other,0,12946
330034,FTTH,0,248
330034,Other,0,6834
330035,Other,0,4513
330042,Other,0,32059
330044,Other,0,51503
330045,Other,0,4488
330046,Other,1,21173
330048,Other,0,710
330052,Other,0,2933
330053,Other,0,3514
330053,Other,1,505
330054,Other,0,6143
330055,FTTH,1,48012
330057,Other,0,288
330059,Other,0,166004
330062,FTTH,1,20198
330064,FTTH,1,3881
330064,Other,0,18875
330066,Other,0,8197
330067,FTTH,1,181007
330071,Other,0,6003
330072,Other,0,1377
330073,FTTH,1,60
330073,Other,1,822
330074,Other,0,12157
330076,Other,0,1206
330076,Other,1,580
330078,Other,0,288
330078,Other,1,2
330080,Other,0,257
330081,Other,0,6653
330082,Other,0,191006
330083,Other,0,510
330084,Other,0,132449
330085,Other,0,4253
330086,DSL,0,525
330086,FTTH,0,1743
330089,FTTH,0,10444
340001,DSL,0,11231
340001,FTTH,1,49497
340001,Other,0,1263962
340002,Other,0,442
340003,Other,0,8740
340004,Other,0,480
340005,Other,0,360
340008,DSL,0,2197
340008,FTTH,1,2197
340009,Other,0,7088
340012,FTTH,1,660
340015,Other,0,10
340019,Other,0,178497
340020,Other,0,13724
340024,Other,0,2432
340025,Other,0,64415
340026,FTTH,1,5568
340028,DSL,0,182637
340028,FTTH,0,182637
340028,Other,0,182637
340029,Other,0,116360
340031,Other,0,137
340032,Other,0,1361
340036,Other,0,4425
340041,Other,0,12320
340042,Other,0,401
340043,Other,0,79
340045,Other,0,4726
340047,Other,0,440171
340048,Other,0,10909
340050,Other,0,2971
340052,Other,0,49937
340053,FTTH,0,4049
340055,Other,0,294
340056,FTTH,1,166
340056,Other,0,1773320
340056,Other,1,0
340058,FTTH,0,57716
340058,Other,0,44342
340059,Other,0,2479
340061,Other,0,273
340066,Other,1,6311
340068,Other,0,287851
340069,Other,0,4839
340070,FTTH,0,1682
340071,Other,0,4172
340076,FTTH,1,148231
340079,Other,0,186
340083,Other,0,5928
340084,Other,1,120
340085,Other,0,2645556
340087,Other,0,129
340088,Other,0,18691
340089,Other,0,20324
340090,Other,0,35749
340091,DSL,0,88
340091,Other,0,8678
340093,Other,0,202
340094,Other,0,3974
340095,Other,0,5280
340096,Other,0,74982
340098,Other,0,3668275
350091,FTTH,1,554
350091,Other,0,115922
350091,Other,1,1116
350118,Other,0,5227
350120,Other,0,3215
350128,Other,1,708547
350129,Other,1,942
350131,Other,0,2639
350137,DSL,1,89
360086,Other,0,462
360093,Other,0,8262
360114,DSL,0,9132
360116,Other,0,1052
360122,Other,0,1444
360123,Other,0,183
360124,FTTH,0,1840
360124,Other,0,2279
360125,Other,0,538367
360126,Other,0,71
