HocoNum,FTTH 2018,FTTH 2014,changes,total Population 2014,HighSpeed_x,HighPop_x,High 2014,total Population 2018,HighSpeed_y,HighPop_y,High 2018,id,HoldingCompanyName
130002,12263,11428,835,44123,0.0,0.0,0.0,38305,0.0,0.0,0.0,620,"3 Rivers Telephone Cooperative, Inc."
130008,56343,15155,41188,106197,0.0,0.0,0.0,117913,1.0,56343.0,0.4778353531841273,803,Ace Telephone Association
130011,80,315,-235,315,0.0,0.0,0.0,80,0.0,0.0,0.0,1077,"Adak Eagle Enterprises, LLC"
130012,56360,25159,31201,161598,1.0,20286.0,0.125533731853117,75543,1.0,56360.0,0.7460651549448658,245,Adams Telephone Co-Operative
130019,102445,102445,0,870620,1.0,102445.0,0.11766901748179458,635341,1.0,102445.0,0.16124411929971463,1553,"Air Advantage, LLC"
130031,9650,9502,148,9502,1.0,9502.0,1.0,9650,1.0,9650.0,1.0,415,Albany Mutual Telephone Association
130032,6451,3623,2828,11202,0.0,0.0,0.0,11301,1.0,6451.0,0.5708344394301389,643,"Albion Telephone Company, Inc."
130034,33300,29626,3674,35241,0.0,0.0,0.0,41155,0.0,0.0,0.0,1365,"Alenco Communications, Inc."
130035,9333,8728,605,8728,0.0,0.0,0.0,9333,1.0,9333.0,1.0,833,Algona Municipal Utilities
130036,3322,2185,1137,3514,0.0,0.0,0.0,3322,0.0,0.0,0.0,626,"Alhambra-Grantfork Communications, Inc."
130037,29029,13812,15217,28354,0.0,0.0,0.0,81754,1.0,29029.0,0.3550774274041637,237,"All West Communications, Inc."
130039,32098,32098,0,42570,0.0,0.0,0.0,42570,1.0,21797.0,0.5120272492365515,1029,"Allen's TV Cable Service, Inc."
130040,35185,29952,5233,29952,0.0,0.0,0.0,35185,0.0,0.0,0.0,582,"Alliance Communications Cooperative, Inc."
130043,741,728,13,728,0.0,0.0,0.0,741,0.0,0.0,0.0,729,Alma Communications Company
130045,6332,5229,1103,13956,0.0,0.0,0.0,11958,0.0,0.0,0.0,368,"Alpine Communications, LLC"
130057,1917,756,1161,35773,0.0,0.0,0.0,35773,1.0,717.0,0.020043049227070696,1691,"Amery Telcom, Inc."
130058,13867,10283,3584,12064,0.0,0.0,0.0,15474,1.0,13867.0,0.89614837792426,1427,Amherst Telephone Company
130066,6109,4394,1715,5057,0.0,0.0,0.0,6772,0.0,0.0,0.0,466,Arcadia Telephone Cooperative
130070,11660,8227,3433,11566,0.0,0.0,0.0,11660,1.0,11660.0,1.0,1330,"Arkwest Communications, Inc."
130073,3728,3381,347,3381,0.0,0.0,0.0,3728,0.0,0.0,0.0,240,The Arthur Mutual Telephone Company
130074,33161,26779,6382,225172,1.0,26779.0,0.11892686479668875,229432,1.0,31613.0,0.13778810279298442,1825,Arvig
130077,25052084,1842759,23209325,123536297,1.0,315911.0,0.0025572322278690288,125292836,1.0,25004109.0,0.19956535264314712,1895,"AT&T, Inc."
130079,1007322,2632378,-1625056,4943530,1.0,4841203.0,0.979300823500616,5493740,1.0,5486697.0,0.9987179953911179,1613,"Controvision, Inc."
130082,39399,20755,18644,76341,1.0,20755.0,0.27187225737153037,90405,1.0,78491.0,0.8682152535811073,114,Atlantic Telephone Membership Corporation
130086,2220,0,2220,45017,0.0,0.0,0.0,44912,1.0,215.0,0.004787139294620591,1641,Axxis Communications/Gorge Networks
130090,938,165,773,8919,0.0,0.0,0.0,8942,1.0,766.0,0.08566316260344442,855,"Baca Valley Telephone Company, Inc."
130092,3011,1995,1016,1995,0.0,0.0,0.0,3011,0.0,0.0,0.0,110,"Baldwin Nashville Telephone Company, Inc."
130093,22586,22410,176,30152,0.0,0.0,0.0,30328,0.0,0.0,0.0,723,"Baldwin Telecom, Inc."
130094,12918,7929,4989,12918,0.0,0.0,0.0,12918,0.0,0.0,0.0,1024,"Ballard Rural Telephone Cooperative Corporation, Inc."
130095,6617,1471,5146,8781,0.0,0.0,0.0,18514,0.0,0.0,0.0,1636,Baraga Telephone Company
130097,4874,1879,2995,89501,0.0,0.0,0.0,145447,0.0,0.0,0.0,1409,Barry County Services Company
130098,12330,10530,1800,94679,0.0,0.0,0.0,141730,1.0,12330.0,0.08699640160869258,694,Bascom Mutual Telephone Company
130104,1941,1229,712,17908,0.0,0.0,0.0,17942,0.0,0.0,0.0,1446,Beaver Creek Cooperative Telephone Company
130108,27322,22247,5075,22247,1.0,22247.0,1.0,27322,1.0,27322.0,1.0,24,BEK Communications Cooperative
130112,24772,16060,8712,102899,0.0,0.0,0.0,119857,1.0,8712.0,0.07268661822004556,36,Ben Lomand
130114,2693,2269,424,17490,0.0,0.0,0.0,19967,0.0,0.0,0.0,284,BW Telcom
130115,5133,5690,-557,27914,0.0,0.0,0.0,27424,0.0,0.0,0.0,1468,Benton Cooperative Telephone Company
130116,131444,3256,128188,2982031,0.0,0.0,0.0,2978017,0.0,0.0,0.0,1071,Benton Ridge Telephone Company
130120,11236,8646,2590,8646,0.0,0.0,0.0,11236,0.0,0.0,0.0,485,"Bernard Telephone Company, Inc."
130122,1285,9997,-8712,266070,1.0,4282.0,0.01609350922689518,212302,1.0,352.0,0.001658015468530678,1417,Biddeford Internet Corporation
130123,5194,434,4760,42217,0.0,0.0,0.0,42394,1.0,3154.0,0.07439732037552484,1706,"Nevill Holdings, Inc."
130130,35526,9010,26516,33981,1.0,33981.0,1.0,43103,1.0,43103.0,1.0,183,BTC Broadband
130133,4638,931,3707,34196,0.0,0.0,0.0,40473,1.0,4416.0,0.1091097768882959,1582,Blanca Telephone Company
130136,11837,3000,8837,30555,0.0,0.0,0.0,30548,1.0,11837.0,0.3874885426214482,373,Bledsoe Telephone Cooperative Inc.
130138,7185,7080,105,7790,1.0,7080.0,0.9088575096277278,7185,1.0,7185.0,1.0,725,Bloomer Telephone Company
130139,2902,79,2823,1619,0.0,0.0,0.0,4484,0.0,0.0,0.0,613,Bloomingdale Home Telephone Company
130140,10909,10909,0,16033,0.0,0.0,0.0,16033,1.0,10909.0,0.6804091561155118,809,Bloomingdale Telephone Company Inc
130141,3461,2699,762,3469,0.0,0.0,0.0,4058,0.0,0.0,0.0,1778,Blossom Telephone Co.
130142,16641,13282,3359,42312,0.0,0.0,0.0,49985,1.0,16641.0,0.3329198759627888,863,Rural Communications Holding Corporation
130144,8302,8282,20,21076,0.0,0.0,0.0,18096,0.0,0.0,0.0,718,"Blue Valley Tele-Communications, Inc."
130150,104118,88004,16114,148066,0.0,0.0,0.0,148103,1.0,104118.0,0.7030107425237841,523,Brandenburg Communications Corp.
130151,18254,17207,1047,17207,0.0,0.0,0.0,18254,1.0,18254.0,1.0,1479,"Strickland Communications, Inc."
130154,12660,12660,0,19490,1.0,12660.0,0.6495638789122627,18753,1.0,12660.0,0.6750919852823548,1678,Breda Telephone Corp.
130170,349,349,0,3115,0.0,0.0,0.0,3115,0.0,0.0,0.0,1692,"Bruce Telephone Company, Inc."
130178,238,69,169,69,0.0,0.0,0.0,238,0.0,0.0,0.0,126,"Burke's Garden Telephone Co., Inc."
130179,7863,4169,3694,9605,0.0,0.0,0.0,11089,0.0,0.0,0.0,318,Butler-Bremer Mutual Telephone Company
130189,2024,1847,177,10774,0.0,0.0,0.0,10814,1.0,2024.0,0.18716478638801554,241,Calaveras Communications Company
130193,8558,2522,6036,9793,0.0,0.0,0.0,15690,1.0,5308.0,0.3383046526449968,1390,"Cambridge Telephone Company, Inc."
130196,21317,15043,6274,26497,1.0,14206.0,0.5361361663584556,29505,1.0,19846.0,0.6726317573292663,55,Canby Telephone Association
130199,6462,2366,4096,8637,0.0,0.0,0.0,7458,0.0,0.0,0.0,768,"Cap Rock Telephone Cooperative, Inc"
130204,3878,2875,1003,4051,0.0,0.0,0.0,3878,1.0,3878.0,1.0,489,Cascade Communications Company
130206,27674,24714,2960,37546,0.0,0.0,0.0,39200,0.0,0.0,0.0,1587,"Cascade Utilities, Inc."
130208,5693,2420,3273,61588,0.0,0.0,0.0,61699,1.0,2018.0,0.032707175156809674,693,"Cass Communications Management, Inc."
130218,40971,40819,152,41183,1.0,40819.0,0.9911614015491829,41841,1.0,40971.0,0.9792069979206998,913,Cedar Falls Municipal Communications Utility
130226,2039,1420,619,19760,0.0,0.0,0.0,19773,0.0,0.0,0.0,91,Central Oklahoma Telephone Co.
130227,9953,2561,7392,181203,0.0,0.0,0.0,423520,1.0,9953.0,0.023500661125802794,562,Central Texas Telephone Cooperative Inc
130228,6151555,996053,5155502,48353158,1.0,681265.0,0.014089358961828304,49674507,1.0,11570616.0,0.23292865292050105,1703,"CenturyLink, Inc."
130234,21828,15992,5836,42178,0.0,0.0,0.0,113637,1.0,21828.0,0.1920853243221838,394,Chariton Valley Telephone Corporation
130238,5472,3563,1909,8521,0.0,0.0,0.0,8547,0.0,0.0,0.0,1659,Chazy & Westport Telephone
130239,11403,10639,764,39044,1.0,10639.0,0.27248745005634667,17102,1.0,11403.0,0.6667641211554204,1480,"Chequamegon Communications Cooperative, Inc."
130242,9546,15355,-5809,127402,0.0,0.0,0.0,122322,1.0,78910.0,0.6451006360262259,964,Chester Telephone Compay
130244,4839,3566,1273,81631,0.0,0.0,0.0,30277,1.0,5865.0,0.19371139809096014,1497,"Chibardun Telephone Cooperative, Inc."
130250,1304,1275,29,4717,0.0,0.0,0.0,4719,0.0,0.0,0.0,121,Christensen Communications Company
130252,17347,13886,3461,22641,0.0,0.0,0.0,22216,0.0,0.0,0.0,618,"Churchill County, State of Nevada"
130254,1375465,645501,729964,1626967,1.0,645501.0,0.39675113262899614,1884724,1.0,1375465.0,0.7297965113194292,1376,Cincinnati Bell Inc.
130258,10926625,1666795,9259830,18522461,1.0,1364583.0,0.07367179771629699,33822403,0.0,0.0,0.0,1694,Frontier Communications Corporation
130259,7094,6383,711,8697,0.0,0.0,0.0,8739,1.0,7094.0,0.8117633596521341,616,Citizens Mutual Telephone Cooperative
130264,20544,19154,1390,19427,0.0,0.0,0.0,20544,1.0,20544.0,1.0,258,Citizens Telephone Company of Kecksburg
130265,3065,305,2760,14983,0.0,0.0,0.0,13829,0.0,0.0,0.0,1496,"Citizens Telephone Company, Inc. (GA)"
130266,5459,2417,3042,27836,0.0,0.0,0.0,28110,1.0,3919.0,0.13941657773034508,1408,Citizens Telephone Cooperative (VA)
130267,5211,5211,0,5380,0.0,0.0,0.0,5380,1.0,5380.0,1.0,311,"Citizens Telephone Cooperative, Inc. (WI)"
130269,7429,6434,995,12022,0.0,0.0,0.0,11136,0.0,0.0,0.0,1122,"Citizens Vermont Acquisition Company, Inc."
130271,21994,22010,-16,22010,0.0,0.0,0.0,21994,1.0,21994.0,1.0,1369,City of Brookings Telephone Fund
130274,214,214,0,422,0.0,0.0,0.0,422,0.0,0.0,0.0,127,City of Faith Municipal Telephone Company
130275,12995,13276,-281,13459,0.0,0.0,0.0,13131,1.0,12995.0,0.9896428299444063,1520,City of Ketchikan
130279,7388,4812,2576,128306,0.0,0.0,0.0,105522,0.0,0.0,0.0,1517,City of Scottsburg
130282,25738,25674,64,25674,0.0,0.0,0.0,25738,1.0,25738.0,1.0,47,City of Wadsworth
130283,4851,4851,0,4851,0.0,0.0,0.0,4851,0.0,0.0,0.0,1344,City of Windom
130285,4910,4845,65,4845,0.0,0.0,0.0,4910,0.0,0.0,0.0,1054,"Clarence Telephone Company, Inc."
130288,34831,32748,2083,34831,0.0,0.0,0.0,34831,1.0,34831.0,1.0,151,"Clay County Rural Telephone Cooperative, Inc."
130290,13460,7299,6161,11770,0.0,0.0,0.0,13814,1.0,13460.0,0.9743738236571594,651,Clear Lake Independent Telephone Company
130299,3644,1067,2577,1179,0.0,0.0,0.0,5457,0.0,0.0,0.0,1372,Climax Telephone Company
130300,20540,20540,0,21720,1.0,20540.0,0.9456721915285451,23825,1.0,20540.0,0.8621196222455404,834,Clinton County Telephone
130302,7657,8807,-1150,8807,0.0,0.0,0.0,7657,0.0,0.0,0.0,492,C-M-L Telephone Cooperative Association
130305,3221,2430,791,2430,0.0,0.0,0.0,3221,1.0,3221.0,1.0,1644,Cochrane Cooperative Telephone Company
130307,2749,1575,1174,9400,0.0,0.0,0.0,9411,0.0,0.0,0.0,985,"Coleman County Telephone Coop, Inc"
130309,1475,142,1333,117973,0.0,0.0,0.0,149722,1.0,1373.0,0.009170329009764763,1333,COLI Inc.
130310,4623,3328,1295,3328,0.0,0.0,0.0,4623,0.0,0.0,0.0,327,Colo Telephone Company
130312,3296,1012,2284,3296,0.0,0.0,0.0,3296,0.0,0.0,0.0,161,Colton Telephone Company
130314,12924,8290,4634,8290,0.0,0.0,0.0,12924,1.0,12924.0,1.0,1057,Columbus Telephone Company
130321,7821,6801,1020,6801,0.0,0.0,0.0,7821,0.0,0.0,0.0,264,"Communications 1 Network, Inc."
130335,965022,681413,283609,1626202,1.0,545530.0,0.33546263010376326,5177566,1.0,436050.0,0.08421910990608328,1475,"Consolidated Communications, Inc."
130337,36524,35213,1311,36569,0.0,0.0,0.0,36632,1.0,36609.0,0.9993721336536362,601,"Consolidated Communications Networks, Inc"
130338,55662,31460,24202,57942,0.0,0.0,0.0,66594,1.0,55662.0,0.8358410667627714,607,Consolidated Telephone Company
130345,1903,1919,-16,5830,0.0,0.0,0.0,5830,0.0,0.0,0.0,477,"Coon Valley Cooperative Telephone Association, Inc."
130353,2505,3043,-538,3043,0.0,0.0,0.0,3605,0.0,0.0,0.0,300,Corn Belt Telephone Company
130361,4059,2377,1682,5209,0.0,0.0,0.0,5209,0.0,0.0,0.0,1702,Cozad Telephone Company
130362,19216,12369,6847,17752,0.0,0.0,0.0,26127,0.0,0.0,0.0,722,"CP-Tel Holdings, Inc."
130363,10834,10289,545,13398,0.0,0.0,0.0,13530,1.0,10834.0,0.800739098300074,529,"Craigville Telephone Company, Inc"
130364,18959,8874,10085,33397,0.0,0.0,0.0,49909,1.0,18959.0,0.37987136588591236,1621,Craw-Kan
130366,5341,4131,1210,23452,0.0,0.0,0.0,24836,1.0,10.0,0.00040264132710581414,1640,Cross Telephone Company LLC
130369,5406,1832,3574,1832,0.0,0.0,0.0,6525,0.0,0.0,0.0,577,Crown Point Telephone Corporation
130375,3072,1709,1363,7861,0.0,0.0,0.0,10999,0.0,0.0,0.0,480,"Cumby Telephone Cooperative, Inc."
130378,5531,4593,938,9078,0.0,0.0,0.0,9069,0.0,0.0,0.0,21,Custer Telephone Cooperative Inc.
130380,4009,3,4006,10876,0.0,0.0,0.0,15667,1.0,807.0,0.051509542350162765,1730,Grayson Collin Electric Cooperative
130386,7467,1849,5618,27063,0.0,0.0,0.0,27068,1.0,7467.0,0.2758607950347274,1361,"D D & B, Inc."
130387,25520,24358,1162,24817,0.0,0.0,0.0,25760,1.0,25520.0,0.9906832298136646,773,Dakota Central Telecommunications Cooperative
130390,13270,11238,2032,16448,1.0,11238.0,0.6832441634241245,15844,1.0,13270.0,0.8375410249936884,341,Danville Mutual Telephone Company (iconnectyou)
130393,15231,14948,283,14948,0.0,0.0,0.0,15231,0.0,0.0,0.0,1291,Daviess-Martin County RTC
130396,12130,5415,6715,51302,0.0,0.0,0.0,52391,0.0,0.0,0.0,133,"DeKalb Telephone Cooperative, Inc."
130398,5540,5834,-294,5834,0.0,0.0,0.0,5540,0.0,0.0,0.0,588,Delcambre Telephone Co.
130399,10831,5324,5507,8543,0.0,0.0,0.0,12256,0.0,0.0,0.0,1470,Delhi Telephone Company
130400,28789,4390,24399,14746,0.0,0.0,0.0,30033,0.0,0.0,0.0,1075,"Dell Telephone Cooperative, Inc."
130401,203,477,-274,34369,0.0,0.0,0.0,23203,0.0,0.0,0.0,1645,Delta Communications
130405,19276,19270,6,37743,1.0,19270.0,0.5105582492117744,19276,1.0,19276.0,1.0,1615,Dickey Rural Telephone Cooperative
130416,16148,8712,7436,17052,0.0,0.0,0.0,17131,0.0,0.0,0.0,1394,Doylestown Telephone Company
130419,3474,2533,941,2692,1.0,2533.0,0.9409361069836553,3474,1.0,3474.0,1.0,1658,Dumont Telephone Company
130423,19458,17290,2168,33716,0.0,0.0,0.0,38035,1.0,19458.0,0.5115814381490732,283,Duo County Telephone Cooperative Inc.
130431,485,384,101,485,0.0,0.0,0.0,485,0.0,0.0,0.0,1555,"Eagle Telephone Systems, Inc."
130432,147237,88667,58570,143122,1.0,88667.0,0.6195204091614147,162569,1.0,147237.0,0.9056892765533404,955,EATEL Corp.
130450,2784,4063,-1279,4063,0.0,0.0,0.0,2784,0.0,0.0,0.0,1399,Ellsworth Cooperative Telephone Association
130453,28622,23854,4768,41308,1.0,23854.0,0.5774668345114747,44574,1.0,4522.0,0.10144927536231885,1498,Emery Telcom
130454,2407,24467,-22060,24467,0.0,0.0,0.0,2407,1.0,2407.0,1.0,1573,Emily Cooperative Telephone Company
130455,93930,47852,46078,69363,1.0,41652.0,0.6004930582587258,115441,1.0,87730.0,0.7599553018424996,1758,Empire Long Distance Corporation
130458,79831,21678,58153,121860,1.0,6913.0,0.05672903331692106,148609,1.0,64994.0,0.4373490165467771,279,"ENMR Telephone Cooperative, Inc."
130459,543270,475548,67722,475548,1.0,475548.0,1.0,543270,1.0,543270.0,1.0,1720,"En-Touch Systems, Inc"
130472,6741,7686,-945,9757,0.0,0.0,0.0,7678,0.0,0.0,0.0,749,Farmers & Merchants Mutual Telephone Company
130473,4014,2871,1143,5444,0.0,0.0,0.0,5810,1.0,4014.0,0.6908777969018933,497,"F&B Communications, Inc."
130475,4842,8516,-3674,8516,1.0,8516.0,1.0,4842,1.0,4842.0,1.0,530,Farmers Cooperative Telephone Company-Dysart
130476,3507,958,2549,5772,0.0,0.0,0.0,5744,1.0,22.0,0.00383008356545961,1590,Farmers Independent Telephone Company
130477,7346,3532,3814,8983,0.0,0.0,0.0,10466,0.0,0.0,0.0,520,Farmers Mutual Cooperative Telephone Company-Harlan
130478,1235,1074,161,1074,0.0,0.0,0.0,1235,0.0,0.0,0.0,382,Farmers Mutual Cooperative Telephone Company-Moulton
130479,4130,1128,3002,7939,0.0,0.0,0.0,8180,1.0,3855.0,0.4712713936430318,947,Farmers Mutual Telephone Company (ID)
130482,6434,4970,1464,4970,1.0,4970.0,1.0,6434,1.0,6434.0,1.0,506,"Farmers Mutual Telephone Company of Stanton, Iowa"
130483,5377,5377,0,5697,0.0,0.0,0.0,5697,1.0,5377.0,0.9438300860101808,416,Farmers Mutual Telephone Company-Jesup
130484,16987,11950,5037,15486,0.0,0.0,0.0,20523,1.0,15486.0,0.7545680456073673,502,Farmers Mutual Telephone Company-Nora Springs
130485,38046,35465,2581,35465,0.0,0.0,0.0,38046,0.0,0.0,0.0,101,Farmers Mutual Telephone Cooperative
130487,562,1852,-1290,7353,0.0,0.0,0.0,1081,0.0,0.0,0.0,916,"Farmers Telephone Company, Inc."
130490,62835,45434,17401,193225,1.0,45434.0,0.2351352050718075,207962,1.0,62835.0,0.3021465460035968,692,"Farmers Telephone Cooperative, Inc. (SC)"
130494,18416,17825,591,18533,1.0,2103.0,0.11347326390762424,18846,1.0,18416.0,0.9771834872121405,1070,Farmers Mutual Telephone Company (MN)
130495,586,503,83,503,0.0,0.0,0.0,586,0.0,0.0,0.0,302,Fenton Cooperative Company
130497,14583,346,14237,407234,0.0,0.0,0.0,414742,1.0,390205.0,0.9408379185131962,1062,Fidelity Communications Company
130500,1401,70,1331,161431,0.0,0.0,0.0,161490,0.0,0.0,0.0,166,"First Step Internet, LLC"
130502,10505,8918,1587,16795,0.0,0.0,0.0,17225,1.0,10505.0,0.6098693759071118,223,"Five Area Telephone Cooperative, Inc"
130507,43149,41717,1432,44364,0.0,0.0,0.0,44364,1.0,44364.0,1.0,697,"Foothills Rural Telephone Cooperative Corporation, Inc."
130509,1548,14174,-12626,14174,0.0,0.0,0.0,1548,0.0,0.0,0.0,1679,"Fort Mojave Telecommunications, Inc."
130514,1348,390,958,1774,0.0,0.0,0.0,1960,0.0,0.0,0.0,837,"Franklin Telephone Co., Inc."
130524,3312,105,3207,4537,0.0,0.0,0.0,7363,1.0,3312.0,0.44981665082167593,950,"Ganado Telephone Co., Inc."
130526,23454,12848,10606,22277,0.0,0.0,0.0,27760,1.0,23454.0,0.8448847262247838,675,Garden Valley Telephone Company
130527,10206,3282,6924,77128,0.0,0.0,0.0,122278,1.0,10206.0,0.08346554572367883,419,Gardonville Cooperative Telephone Association
130528,815,2417,-1602,9422,1.0,1086.0,0.11526215240925494,4325,1.0,633.0,0.14635838150289018,1558,"Gargoyle Technologies, Inc."
130532,644,610,34,5794,0.0,0.0,0.0,5640,0.0,0.0,0.0,13,Geetingsville Telephone Company Inc.
130538,3487,3175,312,5679,0.0,0.0,0.0,5892,0.0,0.0,0.0,253,"Germantown Telephone Company, Inc."
130539,18347,18126,221,21497,0.0,0.0,0.0,20137,1.0,1338.0,0.06644485275860357,1194,Gervais Telephone Co.
130546,23075,21524,1551,139694,0.0,0.0,0.0,139691,1.0,6304.0,0.04512817575935458,701,Glenwood Telephone Membership Corp
130550,55483,33100,22383,97080,0.0,0.0,0.0,97231,0.0,0.0,0.0,251,"Golden West Telecommunications Cooperative, Inc."
130551,5575,3365,2210,5575,0.0,0.0,0.0,5575,0.0,0.0,0.0,1564,"Golden Wheat, Inc."
130555,1134,1134,0,1134,0.0,0.0,0.0,1134,0.0,0.0,0.0,1704,"Gorham Communications, Inc."
130558,8285,9834,-1549,9834,0.0,0.0,0.0,8285,1.0,8285.0,1.0,1483,Granby Telephone Company
130559,7053,15258,-8205,16011,0.0,0.0,0.0,13456,0.0,0.0,0.0,1470,Grand Mound Coopeative Telephone Association
130560,36086,24239,11847,50292,0.0,0.0,0.0,50272,1.0,36086.0,0.7178150859325271,1700,Grand River Mutual Telephone Corporation
130561,2531,2091,440,8585,0.0,0.0,0.0,9406,1.0,2531.0,0.2690835636827557,1512,Grand Telephone Company
130565,3692,1771,1921,2928,0.0,0.0,0.0,3692,1.0,3692.0,1.0,351,Grauer Management Inc.
130569,2023,1272,751,67768,0.0,0.0,0.0,61873,0.0,0.0,0.0,194,"Great Plains Communications, Inc."
130570,7285,3270,4015,22062,0.0,0.0,0.0,22512,0.0,0.0,0.0,89,Green Hills Telephone Corporation
130574,3673,3637,36,3637,0.0,0.0,0.0,3673,1.0,3673.0,1.0,549,Griswold Cooperative Telephone Company
130578,109581,102856,6725,135154,1.0,102856.0,0.7610281604687985,135701,1.0,109581.0,0.8075179991304412,927,"Guadalupe Valley Telephone Cooperative, Inc."
130581,6384,5117,1267,6363,0.0,0.0,0.0,12086,0.0,0.0,0.0,448,"H&B Communications, Inc."
130583,7397,5987,1410,15789,0.0,0.0,0.0,14989,1.0,7397.0,0.4934952298352125,1521,Halstad Telephone Company
130584,10966,1492,9474,44626,0.0,0.0,0.0,51885,1.0,8895.0,0.1714368314541775,674,Hamilton County Telephone Co-Op
130586,63107,41725,21382,54218,1.0,41725.0,0.7695783688074072,69192,1.0,63107.0,0.9120563070875246,603,Hancock Rural Telephone Corporation
130587,1371638,1371638,0,1374623,0.0,0.0,0.0,1374623,0.0,0.0,0.0,583,Harbor Communications
130588,12287,9539,2748,13893,1.0,307.0,0.022097459152090982,16509,1.0,307.0,0.018595917378399662,337,Hardy Telecommunications
130589,118156,34697,83459,91601,0.0,0.0,0.0,300726,0.0,0.0,0.0,1562,"Hargray Communications Group, Inc."
130592,2872,2756,116,2756,0.0,0.0,0.0,2872,0.0,0.0,0.0,459,"Hartington Telecommunications Co., Inc."
130595,698328,356699,341629,1202116,1.0,356699.0,0.2967259399259306,1273673,1.0,698328.0,0.5482788753471259,1506,"Hawaiian Telcom Communications, Inc."
130596,1571,56,1515,1839,0.0,0.0,0.0,1571,1.0,1571.0,1.0,551,Hawkeye Telephone Company
130598,21136,11919,9217,29530,0.0,0.0,0.0,30212,0.0,0.0,0.0,128,Heart of Iowa Communications Cooperative
130602,3187,1877,1310,60957,0.0,0.0,0.0,19893,0.0,0.0,0.0,453,Hemingford Cooperative Telephone Company
130603,1667,1667,0,3318,0.0,0.0,0.0,3318,0.0,0.0,0.0,296,Henderson Cooperative Telephone Company
130605,851,682,169,31424,0.0,0.0,0.0,31424,0.0,0.0,0.0,699,Hershey Cooperative Telephone Company
130606,47471,36808,10663,188863,1.0,74339.0,0.3936133599487459,339235,1.0,80666.0,0.2377879640956859,1762,"HBCI, Inc."
130607,3942,2743,1199,18338,0.0,0.0,0.0,18338,1.0,3942.0,0.21496346384556658,1668,"Hiawatha Communications, Inc."
130609,6545,6245,300,6369,0.0,0.0,0.0,6545,1.0,6545.0,1.0,712,"Hickory Utility Services, Inc."
130612,24685,5042,19643,30504,0.0,0.0,0.0,46396,1.0,24685.0,0.532050176739374,188,"Hill Country Telephone Cooperative, Inc."
130616,7760,6248,1512,6682,0.0,0.0,0.0,7760,0.0,0.0,0.0,314,"Home Enterprises, Inc."
130617,80274,38621,41653,75940,1.0,54944.0,0.7235185672899658,105215,1.0,98699.0,0.9380696668725942,876,"Home Telephone Company, Inc. (SC)"
130620,213977,138739,75238,291983,0.0,0.0,0.0,317806,1.0,260339.0,0.8191758494175692,1580,"Horry Telephone Cooperative, Inc."
130621,4113,2502,1611,9789,0.0,0.0,0.0,10161,0.0,0.0,0.0,542,"Hospers Telephone Exchange, Inc."
130623,195049,45964,149085,97075,1.0,7252.0,0.0747051249034252,242713,1.0,184266.0,0.7591929562899391,1434,"Hotwire Communications, Ltd."
130624,5548,5764,-216,220369,0.0,0.0,0.0,183962,1.0,6091.0,0.03311009882475729,411,HTC Holding Co.
130630,10062,7481,2581,9061,0.0,0.0,0.0,10085,1.0,10062.0,0.9977193852255826,175,Huxley Communications Cooperative
130631,2993,3012,-19,3796,0.0,0.0,0.0,3544,1.0,2974.0,0.8391647855530474,553,IAMO Telephone Company
130657,3856,6256,-2400,6256,0.0,0.0,0.0,6316,1.0,3856.0,0.61051298290057,1565,"InterBel Telephone Cooperative, Inc."
130662,30435,22847,7588,35763,0.0,0.0,0.0,38610,0.0,0.0,0.0,157,"Interstate Telecommunications Cooperative, Inc."
130673,6355,5458,897,49718,0.0,0.0,0.0,51392,0.0,0.0,0.0,197,James Valley Cooperative Telephone Company
130674,113,113,0,1890,0.0,0.0,0.0,2201,0.0,0.0,0.0,1665,"JED Enterprises, Inc."
130677,5235,4343,892,5319,0.0,0.0,0.0,5273,0.0,0.0,0.0,256,Jefferson Telephone Company
130678,857,861,-4,2717,0.0,0.0,0.0,3172,0.0,0.0,0.0,662,Johnson Telephone Company
130679,337,151,186,1096,0.0,0.0,0.0,1096,0.0,0.0,0.0,452,"K & M Telephone Company, Inc."
130682,5951,4228,1723,4228,0.0,0.0,0.0,5951,1.0,5951.0,1.0,432,Kalona Cooperative Telephone Company
130684,10903,5127,5776,438824,0.0,0.0,0.0,448622,0.0,0.0,0.0,1855,Shidler Telephone Company
130685,105006,66021,38985,66021,0.0,0.0,0.0,105006,0.0,0.0,0.0,1094,"Kaplan Telephone Company, Inc."
130686,8248,8248,0,15308,1.0,8248.0,0.5388032401358767,15308,1.0,8248.0,0.5388032401358767,574,Kasson & Mantorville Telephone Company
130691,1616,1612,4,1616,0.0,0.0,0.0,1616,1.0,1616.0,1.0,71,"Kennebec Telephone Company, Inc."
130692,11950,3242,8708,12310,0.0,0.0,0.0,64551,1.0,10853.0,0.16813062539697293,1310,"Kentec Communications, Inc."
130696,1015,436,579,7320,0.0,0.0,0.0,7160,1.0,1015.0,0.14175977653631286,848,"Kinex Networking Solutions, Inc."
130697,14844,3627,11217,63117,0.0,0.0,0.0,69950,1.0,13690.0,0.19571122230164403,403,Kingdom Telephone Company
130708,1565,1565,0,4597,0.0,0.0,0.0,4597,0.0,0.0,0.0,1661,La Jicarita Rural Telephone Cooperative
130709,1727,256,1471,6970,0.0,0.0,0.0,3083,0.0,0.0,0.0,1019,La Motte Telephone Company
130710,240,290,-50,2095,0.0,0.0,0.0,2095,0.0,0.0,0.0,272,"La Ward Telephone Exchange, Inc."
130711,1084,956,128,956,0.0,0.0,0.0,1346,0.0,0.0,0.0,1272,"LaHarpe Communications, Inc"
130714,6309,2434,3875,12276,1.0,2434.0,0.1982730531117628,12317,1.0,6309.0,0.5122188844686206,1606,"Lakeland Communications, Inc."
130721,21189,17747,3442,22740,0.0,0.0,0.0,27133,1.0,17292.0,0.6373051265986068,1884,LTC Communications Inc.
130725,7287,7161,126,7161,1.0,3999.0,0.5584415584415584,7287,1.0,7287.0,1.0,421,"Lavaca Telephone Company, Inc."
130726,1588,1588,0,4346,1.0,1588.0,0.3653934652554073,4346,1.0,1588.0,0.3653934652554073,265,"LaValle Telephone Cooperative, Inc."
130728,2036,2036,0,18858,0.0,0.0,0.0,18858,0.0,0.0,0.0,1489,"Leaco Rural Telephone Cooperative, Inc."
130732,3685,8135,-4450,8135,0.0,0.0,0.0,3685,1.0,3685.0,1.0,1930,Lehigh Valley Cooperative Telephone Association
130733,7684,4247,3437,7718,0.0,0.0,0.0,7718,1.0,7684.0,0.9955947136563876,1642,Lemonweir Valley Telephone Company
130742,10235,9526,709,112199,0.0,0.0,0.0,112720,1.0,10235.0,0.09080021291696239,576,"Ligonier Telephone Co., Inc."
130743,2960,4036,-1076,6407,0.0,0.0,0.0,5271,1.0,783.0,0.1485486624928856,538,"Lincoln Communications, Inc."
130744,57,57,0,1507,0.0,0.0,0.0,1507,0.0,0.0,0.0,1364,Lincoln Telephone Company
130745,26964,7620,19344,22267,0.0,0.0,0.0,33964,0.0,0.0,0.0,791,Lincolnville Telephone Company
130748,717,981,-264,981,0.0,0.0,0.0,17897,0.0,0.0,0.0,137,Lismore Cooperative Telephone Company
130754,10665,2392,8273,17728,0.0,0.0,0.0,20254,1.0,10665.0,0.5265626542905105,764,"Logan Telephone Cooperative, Inc."
130759,3962,4717,-755,4717,0.0,0.0,0.0,3962,0.0,0.0,0.0,496,Lost Nation-Elwood Telephone Company
130768,5490,2461,3029,9555,0.0,0.0,0.0,9555,1.0,5328.0,0.5576138147566719,1614,MADCO Holding Company
130771,2972,2476,496,2476,0.0,0.0,0.0,2972,0.0,0.0,0.0,522,"Madison Telephone, LLC"
130774,23383,9599,13784,12478,0.0,0.0,0.0,33313,1.0,23383.0,0.7019181700837511,1245,"Mahaska Communication Group, LLC"
130777,1651,1532,119,1532,0.0,0.0,0.0,1651,0.0,0.0,0.0,529,Manchester-Hartland Telephone Company
130778,9867,7177,2690,10182,0.0,0.0,0.0,12155,1.0,9867.0,0.8117647058823529,1527,Manti Telephone Company
130782,4971,1236,3735,11712,0.0,0.0,0.0,18895,1.0,2679.0,0.14178354061921142,413,Marne & Elk Horn Telephone Company
130783,14842,14842,0,16682,0.0,0.0,0.0,16682,1.0,60.0,0.0035966910442392997,1329,"Marquette-Adams Telephone Cooperative, Inc."
130791,25650,8987,16663,123785,1.0,8641.0,0.06980651936825948,199065,1.0,25650.0,0.1288523848994047,1693,"Matanuska Telephone Association, Inc."
130794,15706,14227,1479,35784,0.0,0.0,0.0,27952,0.0,0.0,0.0,460,MBO Corporation
130796,2441,1920,521,1920,0.0,0.0,0.0,2441,0.0,0.0,0.0,43,McClure Telephone Company
130797,5965,5863,102,5863,0.0,0.0,0.0,5965,0.0,0.0,0.0,436,"TrioTel Communications, Inc."
130798,4467,2526,1941,9027,0.0,0.0,0.0,9394,0.0,0.0,0.0,1346,McDonald County Telephone Company
130799,35456,35778,-322,54834,1.0,21181.0,0.3862749389065179,44234,0.0,0.0,0.0,1444,McDonough Telephone Cooperative Inc.
130805,7064,6594,470,6594,0.0,0.0,0.0,7064,1.0,7064.0,1.0,1396,Mediapolis Telephone Company
130814,3920,1231,2689,26856,0.0,0.0,0.0,162724,1.0,2970.0,0.018251763722622355,63,"MGW Communications, Inc."
130826,13136,6518,6618,65507,0.0,0.0,0.0,65596,1.0,42750.0,0.6517165680834197,1316,"Mid-Rivers Telephone Cooperative, Inc."
130828,13026,10345,2681,13026,0.0,0.0,0.0,13026,1.0,13026.0,1.0,1323,"Midstate Communications, Inc."
130831,3551,4288,-737,16023,0.0,0.0,0.0,14835,0.0,0.0,0.0,1569,Midvale Telephone Exchange
130838,32758,23554,9204,149386,0.0,0.0,0.0,87538,1.0,32758.0,0.37421462679065093,750,"Miles Enterprises, Inc."
130845,6355,1119,5236,5787,0.0,0.0,0.0,20532,1.0,6355.0,0.3095168517436197,140,Minburn Telephone Company
130850,17167,14443,2724,17175,1.0,14443.0,0.8409315866084425,17167,1.0,17166.0,0.9999417487039086,1544,Molalla Communications Company
130851,4811,681,4130,4544,0.0,0.0,0.0,4811,0.0,0.0,0.0,811,Mon-Cre Telephone Cooperative
130852,3258,2902,356,2902,0.0,0.0,0.0,3258,0.0,0.0,0.0,343,Monitor Cooperative Telephone Company
130853,3996,3996,0,14082,0.0,0.0,0.0,14082,0.0,0.0,0.0,344,Monon Telephone Company Inc.
130854,1844,1768,76,6888,0.0,0.0,0.0,6976,0.0,0.0,0.0,595,Monroe Telephone Company
130856,5323,3761,1562,6583,0.0,0.0,0.0,6921,1.0,6921.0,1.0,1097,Griggs County Telephone
130861,478,5993,-5515,5993,0.0,0.0,0.0,5629,0.0,0.0,0.0,1351,"Moundville Communications, Inc."
130862,4192,744,3448,25977,1.0,744.0,0.02864072063748701,26140,0.0,0.0,0.0,99,Mount Horeb Telephone Company
130865,23902,36796,-12894,36796,0.0,0.0,0.0,23902,1.0,23902.0,1.0,1027,"Mountain Rural Telephone Cooperative Corporation, Inc."
130872,23460,7069,16391,215601,1.0,7069.0,0.032787417498063555,185229,1.0,23460.0,0.12665403365563707,31,MTCO Corporation
130875,2855,2855,0,7513,0.0,0.0,0.0,7513,0.0,0.0,0.0,617,Mulberry Cooperative Telephone Co. Inc.
130877,33776,17807,15969,48021,0.0,0.0,0.0,59780,1.0,50974.0,0.8526932084309133,882,Mutual Telephone Company (IA)
130880,11110,9634,1476,9730,0.0,0.0,0.0,11198,0.0,0.0,0.0,266,Myakka Technologies
130882,7858,2392,5466,17386,0.0,0.0,0.0,17458,1.0,7858.0,0.45010883262687595,1393,"NATCO Communications, Inc."
130885,25764,20908,4856,31073,0.0,0.0,0.0,31070,1.0,25764.0,0.8292243321532025,278,North Dakota Telephone Company
130889,8713,2821,5892,12432,0.0,0.0,0.0,12432,1.0,4828.0,0.38835263835263834,215,Nelson Telephone Cooperative
130890,17770,19162,-1392,57320,0.0,0.0,0.0,56661,1.0,16831.0,0.29704735179400293,1490,"Nemont Telephone Cooperative, Inc."
130902,17003,5415,11588,12902,0.0,0.0,0.0,17003,1.0,17003.0,1.0,1040,"New Hope Telephone Cooperative, Inc. (AL)"
130904,8993,17836,-8843,17836,0.0,0.0,0.0,76777,1.0,8506.0,0.11078838714719252,711,"New Lisbon Telephone Company, Inc."
130908,875,376,499,1650,0.0,0.0,0.0,2059,0.0,0.0,0.0,640,"New Windsor Comunications, Inc."
130919,9283,9222,61,47385,0.0,0.0,0.0,47385,0.0,0.0,0.0,1653,Wittenberg Telephone Company
130920,54546,29448,25098,34221,0.0,0.0,0.0,59049,1.0,2923.0,0.04950126166404173,782,"Nicholville Telephone Company, Inc."
130921,5795,1763,4032,338895,0.0,0.0,0.0,351746,0.0,0.0,0.0,723,NITCO Holding Corp
130925,14880,1147,13733,21653,0.0,0.0,0.0,28660,1.0,14880.0,0.5191905094207956,50,Nortex Communications
130929,55766,31075,24691,57751,1.0,146.0,0.002528094751606033,61405,1.0,55766.0,0.9081670873707353,102,"North Central Telephone Cooperative, Inc."
130930,4,4,0,1623,0.0,0.0,0.0,1725,0.0,0.0,0.0,560,North English Cooperative Telephone Company
130937,13005,9469,3536,1796070,0.0,0.0,0.0,1588019,1.0,3536.0,0.0022266736103283397,170,"Northeast Communications of Wisconsin, Inc."
130938,5594,9157,-3563,21436,0.0,0.0,0.0,21911,1.0,5594.0,0.25530555428780066,364,Northeast Iowa Telephone Company
130939,5483,2608,2875,2608,0.0,0.0,0.0,5483,1.0,5483.0,1.0,577,"Northeast Louisiana Telephone Co., Inc"
130940,12224,7162,5062,18054,0.0,0.0,0.0,18858,0.0,0.0,0.0,163,Northeast Missouri Rural Telephone Company
130941,17205,15947,1258,17148,0.0,0.0,0.0,17205,0.0,0.0,0.0,1429,Northeast Nebraska Telephone Company
130945,2426,1802,624,3429,0.0,0.0,0.0,3428,0.0,0.0,0.0,205,"Northern Telephone Cooperative, Inc."
130949,246408,145480,100928,228702,1.0,145480.0,0.6361116212363688,321696,1.0,246408.0,0.7659653834676216,349,North-State Telephone Co. (NC)
130950,5388,2314,3074,9621,0.0,0.0,0.0,8395,1.0,5388.0,0.6418106015485407,1045,Northwest Communications Cooperative
130963,1875,93,1782,93,0.0,0.0,0.0,1875,0.0,0.0,0.0,680,Nunn Telephone Company
130969,3688,3611,77,3611,0.0,0.0,0.0,3688,1.0,3688.0,1.0,406,Ogden Telephone Company
130974,1377,1881,-504,2202,0.0,0.0,0.0,1970,1.0,1377.0,0.6989847715736041,556,"Olin Telephone Company, Inc."
130976,5800,160,5640,8702,0.0,0.0,0.0,11192,0.0,0.0,0.0,795,Oneida County Rural Telephone
130977,1107,1107,0,1567,0.0,0.0,0.0,1567,0.0,0.0,0.0,487,"Oneida Telephone Exchange, Inc."
130983,1491,1479,12,1479,0.0,0.0,0.0,1491,0.0,0.0,0.0,386,Oran Mutual Telephone Company
130986,168456,152264,16192,162183,0.0,0.0,0.0,193547,1.0,7756.0,0.040072953856169304,1701,"Star Telephone Company, Inc."
130988,101190,31168,70022,94679,1.0,21225.0,0.22417854011977312,135027,1.0,98680.0,0.7308167996030424,1452,"Orlando Telephone Company, Inc."
131005,61107,8389,52718,34069,0.0,0.0,0.0,71803,1.0,61107.0,0.8510368647549545,187,"Palmetto Rural Telephone Cooperative, Inc."
131006,9035,1139,7896,1139,0.0,0.0,0.0,9035,0.0,0.0,0.0,285,Palo Cooperative Telephone Association
131007,13205,2267,10938,69390,0.0,0.0,0.0,48191,1.0,13205.0,0.27401382000788527,1028,"Panhandle Telephone Cooperative, Inc."
131008,6141,6064,77,6991,1.0,6064.0,0.8674009440709484,6932,1.0,6141.0,0.8858915175995383,355,Panora Communications Cooperative
131009,9911,2266,7645,27867,0.0,0.0,0.0,29258,0.0,0.0,0.0,1626,Park Region Mutual Telephone Company
131010,3415,3294,121,8510,0.0,0.0,0.0,8510,1.0,3415.0,0.4012925969447709,357,Partner Communications Cooperative
131014,65456,56131,9325,83938,0.0,0.0,0.0,90194,1.0,65444.0,0.7255915027607158,733,Paul Bunyan Rural Telephone Cooperative
131017,3046,3624,-578,310967,0.0,0.0,0.0,422388,0.0,0.0,0.0,1211,Precision Communicationms Inc.
131023,10700,10523,177,10523,0.0,0.0,0.0,10700,1.0,10700.0,1.0,1532,"Pembroke Telephone Company, Inc."
131025,8496,8458,38,666323,0.0,0.0,0.0,112330,0.0,0.0,0.0,444,"Penasco Valley Telephone Cooperative, Inc."
131026,2021477,1818381,203096,1818442,1.0,1818381.0,0.9999664548003181,2028961,1.0,2028900.0,0.9999699353511478,23,"Pencor Services, Inc."
131029,26455,19880,6575,20086,1.0,19880.0,0.9897441003684158,26455,1.0,26455.0,1.0,389,"Peoples Rural Telephone Cooperative Corporation, Inc."
131030,7125,3380,3745,3543,0.0,0.0,0.0,7125,1.0,7125.0,1.0,244,"Peoples Telecommunications, LLC"
131032,31239,18771,12468,52178,0.0,0.0,0.0,56127,1.0,31239.0,0.5565770484793415,443,"Perry-Spencer Rural Telephone Cooperative, Inc."
131034,3249,2515,734,5562,0.0,0.0,0.0,7495,1.0,3249.0,0.43348899266177454,1707,Phillips County Telephone Company
131038,613,613,0,12367,0.0,0.0,0.0,12252,0.0,0.0,0.0,286,Pine Belt Communications Co. Inc.
131039,4945,4945,0,13635,0.0,0.0,0.0,13635,0.0,0.0,0.0,1425,Pine Telephone Company
131041,43607,36068,7539,43624,0.0,0.0,0.0,43607,1.0,43607.0,1.0,248,"Pineland Telephone Cooperative, Inc."
131042,3335,127,3208,5456,0.0,0.0,0.0,4306,0.0,0.0,0.0,672,Town of Pineville
131043,15073,2458,12615,86331,1.0,0.0,0.0,98986,1.0,8042.0,0.08124381225627866,304,"Pinpoint Holdings, Inc."
131044,10854,5315,5539,33721,0.0,0.0,0.0,33756,0.0,0.0,0.0,637,"Pioneer Telephone Association, Inc."
131045,19464,18247,1217,196859,0.0,0.0,0.0,197422,1.0,1530.0,0.007749896161522019,1685,Pioneer Telephone Cooperative (OK)
131049,2552,2552,0,2552,0.0,0.0,0.0,2552,0.0,0.0,0.0,766,"Plains Cooperative Telephone Association, Inc."
131050,2104,2102,2,2305,0.0,0.0,0.0,2307,1.0,2104.0,0.9120069354139575,263,Plainview Telephone Co. Inc.
131052,49221,28193,21028,35788,0.0,0.0,0.0,50691,1.0,49221.0,0.9710007693673434,370,"Planters Rural Telephone Cooperative, Inc."
131055,12106,2834,9272,6758,0.0,0.0,0.0,19890,0.0,0.0,0.0,994,"Poka Lambro Telephone Cooperative, Inc."
131056,17699,13193,4506,33444,1.0,13193.0,0.3944803253199378,25669,1.0,17699.0,0.6895087459581597,687,Polar Communication Mutual Aid Corporation
131057,4346,2682,1664,27003,0.0,0.0,0.0,28168,1.0,50.0,0.0017750639023004827,423,"Ponderosa Communications, Inc."
131060,15994,7981,8013,10466,1.0,3742.0,0.35753869673227595,16828,1.0,11442.0,0.6799381982410269,1359,"Postco, Inc."
131074,3060,1792,1268,3196,0.0,0.0,0.0,3246,1.0,3060.0,0.9426987060998152,458,"Progressive Voice & Data, Inc."
131075,1974,708,1266,33381,0.0,0.0,0.0,38304,1.0,1266.0,0.03305137844611529,762,"Project Mutual Telephone Cooperative Association, Inc."
131078,4008,34041,-30033,34041,0.0,0.0,0.0,11478,1.0,3740.0,0.3258407388046698,1485,"Pulaski White Rural Telephone Coop., Inc."
131081,723144,169376,553768,386276,1.0,169376.0,0.43848439975561515,1022334,1.0,723144.0,0.7073461314990991,1454,Q Wireless LLC
131085,1251,2496,-1245,2496,0.0,0.0,0.0,1251,1.0,1251.0,1.0,705,Radcliffe Telephone Company
131086,2150,2150,0,3216,0.0,0.0,0.0,3216,0.0,0.0,0.0,1561,"Ragland Telephone Co., Inc."
131087,4153,4126,27,4126,0.0,0.0,0.0,43038,0.0,0.0,0.0,714,"Rainbow Telecommunications Association, Inc."
131089,59762,37558,22204,41767,0.0,0.0,0.0,63337,0.0,0.0,0.0,746,Randolph Telephone
131090,21159,28957,-7798,62460,0.0,0.0,0.0,57804,1.0,18457.0,0.31930316241090584,899,"Range Telephone Cooperative, Inc."
131096,2535,3272,-737,3272,0.0,0.0,0.0,2535,0.0,0.0,0.0,555,Readlyn Telephone Company
131097,10236,7608,2628,26604,0.0,0.0,0.0,26766,1.0,10236.0,0.38242546514234477,162,Red River Rural Telephone Association
131100,16229,11070,5159,11070,0.0,0.0,0.0,16229,1.0,16229.0,1.0,218,Reedsburg Utility Commission
131102,14461,13067,1394,15336,1.0,13067.0,0.8520474700052165,16216,1.0,14461.0,0.8917735569807598,1664,Reservation Telephone Cooperative
131106,1423,698,725,3478,0.0,0.0,0.0,3319,1.0,1423.0,0.4287435974691172,558,Reynolds Telephone Company
131108,57220,43263,13957,77434,1.0,6908.0,0.08921145749928971,89840,1.0,11995.0,0.13351513802315226,1484,"Smithville Holding Company, Inc."
131109,3499,3499,0,6384,1.0,3499.0,0.5480889724310777,6384,1.0,3499.0,0.5480889724310777,1373,"Richland-Grant Telephone Cooperative, Inc."
131113,24191,35223,-11032,37429,0.0,0.0,0.0,33111,1.0,24191.0,0.7306031228292712,617,Ringgold Telephone Co
131118,13178,4667,8511,20716,0.0,0.0,0.0,26378,1.0,13178.0,0.49958298582151794,944,RJB Telecommunications Corp.
131122,911,422,489,53333,0.0,0.0,0.0,50510,1.0,948.0,0.018768560681053256,1728,RC Technologies
131123,208,183,25,2809,0.0,0.0,0.0,2810,0.0,0.0,0.0,321,Robinson Communications Corporation
131124,16564,14843,1721,42172,0.0,0.0,0.0,44781,0.0,0.0,0.0,374,"Rochester Telephone Co., Inc."
131125,161853,91878,69975,370535,0.0,0.0,0.0,419944,1.0,372068.0,0.8859943230525975,1424,"PBT Telecom, Inc."
131127,13796,13183,613,13183,0.0,0.0,0.0,13796,0.0,0.0,0.0,145,Rockwell Cooperative Telephone Association
131131,18118,16375,1743,22835,0.0,0.0,0.0,23031,1.0,14705.0,0.638487256306717,469,"Roosevelt County Rural Telephone Cooperative, Inc."
131135,778,754,24,754,0.0,0.0,0.0,778,0.0,0.0,0.0,441,Royal Telephone Company
131139,7539,5223,2316,9816,0.0,0.0,0.0,10597,1.0,7539.0,0.7114277625743135,1495,Runestone Telephone Association
131141,72976,65261,7715,178872,1.0,58177.0,0.3252437497204705,179843,1.0,72976.0,0.40577614919679944,1650,Rural Telephone Service/Golden Belt
131145,6927,5545,1382,16153,0.0,0.0,0.0,19477,1.0,6927.0,0.3556502541459157,581,S&T Telephone Cooperative Association
131148,3379,0,3379,0,0.0,0.0,0.0,6286,0.0,0.0,0.0,1440,Saddleback Communications
131157,1370,1370,0,3320,0.0,0.0,0.0,3320,0.0,0.0,0.0,255,Sand Creek Communications Company
131161,8770,9111,-341,15638,0.0,0.0,0.0,15024,0.0,0.0,0.0,1407,"Sandwich Isles Communications, Inc."
131162,19809,20185,-376,21834,0.0,0.0,0.0,42833,1.0,6498.0,0.15170546074288516,1792,"Santa Rosa Telephone Cooperative, Inc. CLEC"
131163,4954,19338,-14384,47538,0.0,0.0,0.0,47522,1.0,4954.0,0.10424645427381002,1433,"Santel Communications Cooperative, Inc"
131167,9183,63,9120,307136,0.0,0.0,0.0,201700,1.0,201700.0,1.0,1611,"Orbitel Communications, LLC"
131168,4098,4048,50,4048,0.0,0.0,0.0,4098,1.0,4098.0,1.0,793,Scio Mutual Telephone Association
131170,27281,16433,10848,22024,0.0,0.0,0.0,31645,0.0,0.0,0.0,1102,Scott County Telephone Cooperative
131171,834,888,-54,888,0.0,0.0,0.0,834,0.0,0.0,0.0,1276,Scranton Telephone Company
131173,25746,28956,-3210,41071,0.0,0.0,0.0,41071,0.0,0.0,0.0,1450,Sebastian Enterprises
131175,17859,10166,7693,40117,0.0,0.0,0.0,39956,1.0,17859.0,0.4469666633296626,319,Selectronics Corporation
131177,1692,1692,0,28202,1.0,1692.0,0.059995744982625346,28794,1.0,1692.0,0.05876224213377787,592,"Seneca Telephone Company, Inc."
131180,14128,9187,4941,11092,0.0,0.0,0.0,54091,0.0,0.0,0.0,959,"Shawnee Communications, Inc."
131181,31011,27732,3279,427344,1.0,372956.0,0.8727301658616946,451449,1.0,440333.0,0.9753770636328799,1066,Shenandoah Telecommunications Company
131183,3139,2757,382,3139,0.0,0.0,0.0,3139,0.0,0.0,0.0,365,"Sherwood Mutual Telephone Association, Inc."
131186,3859,0,3859,35710,0.0,0.0,0.0,35733,0.0,0.0,0.0,1696,Sierra Tel Communications Group
131190,34499,7582,26917,21474,0.0,0.0,0.0,43988,1.0,34499.0,0.7842820769300718,1073,"Horizon Communications, Inc."
131194,2926,2926,0,3188,0.0,0.0,0.0,3188,0.0,0.0,0.0,219,"Siren Telephone Company, Inc."
131195,3360,1273,2087,7639,0.0,0.0,0.0,7631,0.0,0.0,0.0,1438,"Siskiyou Communications, Inc"
131199,67927,46834,21093,57579,1.0,46888.0,0.8143246669792806,81629,1.0,62436.0,0.7648752281664605,1371,Skyline Telephone Membership Corporation
131204,11922,5259,6663,16487,1.0,712.0,0.04318554012252077,16549,1.0,7226.0,0.43664269744395434,934,"Smart City Finance, LLC"
131206,92009,10438,81571,28071,1.0,2987.0,0.10640874924299099,101738,1.0,72583.0,0.713430576579056,25,"Smartcom Telephone, LLC"
131216,58097,37508,20589,87096,0.0,0.0,0.0,90126,1.0,58097.0,0.6446197545658301,252,South Central Rural Telephone Cooperative Corporation
131218,8633,5540,3093,13980,0.0,0.0,0.0,16293,0.0,0.0,0.0,1099,"South Central Telephone Association, Inc."
131219,11559,4226,7333,68864,0.0,0.0,0.0,79718,1.0,19005.0,0.238402870117163,120,"South Central Utah Telephone Association, Inc."
131221,11168,7162,4006,12169,0.0,0.0,0.0,13596,1.0,11168.0,0.8214180641365108,273,"South Plains Telephone Cooperative, Inc."
131222,46493,6813,39680,17957,1.0,6813.0,0.3794063596369104,56968,1.0,46493.0,0.8161248420165708,169,"South Slope Cooperative Telephone Company, Inc."
131223,6804,6804,0,6804,0.0,0.0,0.0,6804,0.0,0.0,0.0,1317,"Southeast Nebraska Communications, Inc."
131225,4103,3085,1018,29036,0.0,0.0,0.0,19463,1.0,4103.0,0.21081025535631712,409,Southeastern Indiana Rural Telephone Cooperative
131226,64955,33759,31196,225364,0.0,0.0,0.0,324152,1.0,21114.0,0.06513610898590784,1368,"American Georgetown, Inc."
131230,4205,1740,2465,17802,0.0,0.0,0.0,18000,1.0,2475.0,0.1375,1519,Southern Kansas Telephone Company
131231,1231,781,450,1555,0.0,0.0,0.0,1555,0.0,0.0,0.0,1420,Southern Montana Telephone Company
131232,15766,3140,12626,10162,0.0,0.0,0.0,21451,1.0,15766.0,0.734977390331453,743,"Southwest Arkansas Telephone Cooperative, Inc."
131239,11959,11826,133,11826,0.0,0.0,0.0,11959,1.0,11959.0,1.0,1327,Spencer Municipal Communications Utility
131240,2599,2599,0,2599,0.0,0.0,0.0,2599,0.0,0.0,0.0,220,Spring Grove Communications
131241,1016,596,420,3100,0.0,0.0,0.0,3100,0.0,0.0,0.0,221,"Spring Valley Telephone Company, Inc."
131243,1276,9545,-8269,9545,1.0,9545.0,1.0,3158,1.0,1276.0,0.40405319822672575,1478,"Springville Cooperative Telephone Association, Inc."
131245,7186,3800,3386,3800,0.0,0.0,0.0,7186,0.0,0.0,0.0,684,"Spruce Knob Seneca Rocks Telephone, Inc."
131246,17864,7802,10062,66950,1.0,7802.0,0.11653472740851381,68544,1.0,17864.0,0.26062091503267976,26,"SRT Communications, Inc."
131247,3765,784,2981,3685,0.0,0.0,0.0,4086,1.0,2903.0,0.7104747919725893,1311,"St. John Telephone, Inc."
131248,780,1828,-1048,1828,0.0,0.0,0.0,2100,0.0,0.0,0.0,1319,St. Paul Cooperative Telephone
131250,2466,2466,0,2466,0.0,0.0,0.0,5741,0.0,0.0,0.0,149,"Stanton Telecom, Inc."
131252,32215,20023,12192,61552,0.0,0.0,0.0,61532,0.0,0.0,0.0,521,Star Telephone Membership Corporation
131255,13473,2886,10587,24210,0.0,0.0,0.0,24385,0.0,0.0,0.0,1328,"StarVision, Inc."
131259,14922,12137,2785,19165,0.0,0.0,0.0,18975,1.0,284.0,0.014967061923583663,0,Stayton Cooperative Telephone Company
131265,171,171,0,171,0.0,0.0,0.0,171,0.0,0.0,0.0,545,Stoneham Cooperative Telephone Corporation
131267,1167,1167,0,3879,0.0,0.0,0.0,3879,0.0,0.0,0.0,547,Stratford Mutual Telephone Company
131283,54265,21394,32871,50922,0.0,0.0,0.0,79069,1.0,54265.0,0.6862993081991678,745,Surry Telephone Membership Corporation
131286,2224,961,1263,6773,0.0,0.0,0.0,7263,1.0,181.0,0.024920831612281428,980,"Sweetser Telephone. Co., Inc."
131290,3911,3488,423,5523,0.0,0.0,0.0,5933,0.0,0.0,0.0,44,Sycamore Telephone Company
131296,22838,4521,18317,14704,0.0,0.0,0.0,24164,1.0,22838.0,0.9451249793080616,740,"Taylor Telephone Cooperative, Inc."
131302,1093378,1138,1092240,40038,0.0,0.0,0.0,1118523,1.0,1088878.0,0.9734962982433084,1431,"Telapex, Inc."
131303,3398,955,2443,9166,0.0,0.0,0.0,10068,0.0,0.0,0.0,272,"TelAtlantic, Inc"
131310,478674,301580,177094,10403200,1.0,272739.0,0.026216837127037835,4229929,1.0,1020525.0,0.24126291481488224,246,"Telephone and Data Systems, Inc."
131311,8434,7519,915,77702,0.0,0.0,0.0,378593,0.0,0.0,0.0,315,Telephone Electronics Corporation
131321,1462,5,1457,1454,0.0,0.0,0.0,1462,0.0,0.0,0.0,532,Terril Telephone Cooperative
131328,23521,9182,14339,55643,0.0,0.0,0.0,63436,1.0,5430.0,0.08559808310738382,1620,"Thacker-Grigsby Telephone Company, Inc."
131329,5234,41435,-36201,41435,0.0,0.0,0.0,37878,0.0,0.0,0.0,741,The Champaign Telephone Company
131330,25906,53525,-27619,66293,1.0,53525.0,0.8074004796886549,38238,1.0,25906.0,0.6774935927611276,261,The Champlain Telephone Company
131339,2358,102,2256,12987,0.0,0.0,0.0,21390,1.0,2358.0,0.11023842917251052,305,The Middleburgh Telephone Company
131340,2090,768,1322,17776,0.0,0.0,0.0,17776,0.0,0.0,0.0,59,The Nebraska Central Telephone Co.
131342,3706,3190,516,3190,0.0,0.0,0.0,3706,0.0,0.0,0.0,596,The Ottoville Mutual Telephone Company
131344,3003,1591,1412,6363,0.0,0.0,0.0,6633,0.0,0.0,0.0,1341,The Ridgeville Telephone Company
131347,4380,86656,-82276,86656,1.0,86656.0,1.0,4380,1.0,4380.0,1.0,717,The Toledo Telephone Company
131349,3686,2029,1657,11001,0.0,0.0,0.0,11137,0.0,0.0,0.0,312,Three River Telco
131354,961,488,473,1496,0.0,0.0,0.0,1531,0.0,0.0,0.0,378,Titonka Telephone Company
131357,3848,2080,1768,7870,0.0,0.0,0.0,5528,0.0,0.0,0.0,883,Tohono O'Odham Utility Authority
131362,1590,1688,-98,66440,0.0,0.0,0.0,65682,0.0,0.0,0.0,32,"Townes Telecommunications, Inc."
131363,2071,1754,317,2205,0.0,0.0,0.0,3013,0.0,0.0,0.0,1336,"Traceroad, Inc."
131365,9263,5283,3980,13375,0.0,0.0,0.0,13794,1.0,9263.0,0.6715238509496883,912,Trenton Telephone Co.
131366,29769,28373,1396,277485,0.0,0.0,0.0,72726,1.0,3358.0,0.046173308032890575,1144,"Tri-County Telephone Association, Inc"
131367,23251,12734,10517,42858,0.0,0.0,0.0,46753,1.0,23101.0,0.4941073300109084,401,"Triangle Telephone Cooperative Assn., Inc."
131368,10833,10102,731,31219,0.0,0.0,0.0,31223,0.0,0.0,0.0,223,"Tri-County Communications Cooperative, Inc."
131370,11450,10511,939,11659,0.0,0.0,0.0,12834,0.0,0.0,0.0,1403,Tri-County Telephone Membership Corporation
131378,924,35651,-34727,54718,0.0,0.0,0.0,21003,0.0,0.0,0.0,1165,TRUMANSBURG TELEPHONE COMPANY INC
131379,8593,2295,6298,30062,0.0,0.0,0.0,30269,1.0,8593.0,0.2838878060061449,1422,"Trustees of the City of Muscatine, Iowa"
131383,35574,32698,2876,32808,0.0,0.0,0.0,35574,0.0,0.0,0.0,1357,"Tularosa Basin Telephone Company, Inc."
131384,63921,20038,43883,80998,1.0,20038.0,0.24738882441541765,81617,1.0,63921.0,0.7831824252300379,1453,Twin Lakes Telephone Cooperative Corporation
131387,26740,19844,6896,50568,0.0,0.0,0.0,60744,1.0,26740.0,0.44020808639536413,429,UBTA-UBET Communications
131388,2116,2116,0,2116,0.0,0.0,0.0,2116,0.0,0.0,0.0,676,Union River Telephone Company
131389,1960,1702,258,9558,0.0,0.0,0.0,9083,0.0,0.0,0.0,366,Union Telephone Company
131394,1091,1058,33,34345,0.0,0.0,0.0,37347,0.0,0.0,0.0,1361,Evertek
131395,4512,80,4432,142340,0.0,0.0,0.0,144373,1.0,0.0,0.0,579,"United Telephone Association, Inc."
131396,23936,10799,13137,73326,0.0,0.0,0.0,298772,1.0,23936.0,0.08011460243931827,1332,United Communication Holding LLC
131401,3168,1885,1283,2819,0.0,0.0,0.0,3483,0.0,0.0,0.0,132,Upsala Cooperative Telephone Association
131404,7522,209,7313,186506,0.0,0.0,0.0,79943,1.0,7522.0,0.09409204057891248,814,"USA Companies, L.P."
131407,21684,17049,4635,26379,0.0,0.0,0.0,23390,1.0,21684.0,0.9270628473706712,537,UTMA
131408,11618,792,10826,114397,1.0,792.0,0.006923258477057965,97739,1.0,8367.0,0.08560554128853375,1397,VAL-ED Joint Venture L.L.P.
131409,4802,3183,1619,4802,0.0,0.0,0.0,4802,1.0,4802.0,1.0,119,"Valley Telecommunications Cooperative Association, Inc."
131411,17598,62115,-44517,1266182,0.0,0.0,0.0,38396,1.0,17598.0,0.4583289926033962,1080,"Valley Telephone Cooperative, Inc. (AZ/NM)"
131415,5535,4816,719,4816,0.0,0.0,0.0,5535,0.0,0.0,0.0,281,Van Horne Cooperative Telephone Company
131422,26153,25760,393,25760,0.0,0.0,0.0,26153,1.0,26153.0,1.0,310,"Venture Communications Cooperative, Inc./Western Telephone Company"
131423,3542,209,3333,209,0.0,0.0,0.0,3542,0.0,0.0,0.0,1299,Venus Telephone Corporation
131425,34765005,40370557,-5605552,69895687,0.0,0.0,0.0,55855605,1.0,34765005.0,0.6224085299944383,324,Verizon Communications Inc.
131426,29635,29635,0,29635,1.0,29635.0,1.0,29635,1.0,29635.0,1.0,879,"Vermont National Telephone Company, Inc."
131427,22111,22111,0,22715,0.0,0.0,0.0,22715,1.0,21307.0,0.9380145278450364,1374,"Vernon Telephone Cooperative, Inc."
131441,2296,413,1883,41623,0.0,0.0,0.0,42138,0.0,0.0,0.0,1273,Volcano Communications Company
131444,23277,22401,876,69392,0.0,0.0,0.0,81424,1.0,23277.0,0.2858739438003537,1542,Wabash Mutual Telephone
131445,31162,5828,25334,17685,0.0,0.0,0.0,34619,1.0,31162.0,0.9001415407724083,1663,"Wabash Telephone Cooperative, Inc."
131448,20161,16421,3740,17214,0.0,0.0,0.0,20220,1.0,20161.0,0.997082096933729,476,"Wamego Telephone Company, Inc."
131451,876,481,395,10424,0.0,0.0,0.0,11060,1.0,874.0,0.07902350813743218,408,Washington County Rural Telephone Cooperative
131457,9689,9689,0,9689,0.0,0.0,0.0,9689,0.0,0.0,0.0,786,Webster-Calhoun Cooperative Telephone Association
131458,7470,10111,-2641,10111,0.0,0.0,0.0,7470,0.0,0.0,0.0,358,Wellman Cooperative Telephone Association
131459,28116,28058,58,35652,0.0,0.0,0.0,35758,1.0,32003.0,0.894988534034342,1435,"West Carolina Rural Telephone Cooperative, Inc."
131460,10639,6736,3903,7791,0.0,0.0,0.0,10639,1.0,10639.0,1.0,177,West Central Telephone Assn.
131461,9431,6595,2836,12401,0.0,0.0,0.0,12360,1.0,9431.0,0.7630258899676375,1702,Hooper Telephone Company
131463,7895,7102,793,38165,0.0,0.0,0.0,41536,1.0,7895.0,0.19007607858243453,678,West Liberty Telephone Company
131465,30498,3343,27155,33383,0.0,0.0,0.0,33769,1.0,30498.0,0.9031360123189908,428,West River Telecommunications Coop
131466,19546,16899,2647,27097,0.0,0.0,0.0,28602,0.0,0.0,0.0,918,"West Texas Rural Telephone Coop., Inc."
131467,17472,16542,930,31550,0.0,0.0,0.0,31531,1.0,17472.0,0.5541213409026038,1623,"West Wisconsin Telcom Cooperative, Inc."
131475,2193,28239,-26046,28239,0.0,0.0,0.0,2193,0.0,0.0,0.0,1318,Western Wahkiakum County Telephone Company
131476,8983,4538,4445,37491,0.0,0.0,0.0,38281,1.0,3189.0,0.08330503382879235,810,"Wes-Tex Telephone Cooperative, Inc."
131481,10230,8746,1484,8746,0.0,0.0,0.0,10230,0.0,0.0,0.0,774,Wiggins Telephone Association
131482,5747,3253,2494,39596,0.0,0.0,0.0,40297,1.0,5747.0,0.142616075638385,1727,Wikstrom Telephone Co. Inc.
131485,20311,20712,-401,20712,0.0,0.0,0.0,20311,1.0,231.0,0.011373147555511791,806,"Dycom Holding, Inc."
131486,65437,45674,19763,45682,1.0,45674.0,0.9998248763189003,75133,1.0,65437.0,0.8709488507047503,751,Wilkes Telecommunications
131487,189,189,0,189,0.0,0.0,0.0,189,0.0,0.0,0.0,422,Willard Telephone Company
131493,42680,34496,8184,58509,1.0,33423.0,0.5712454494180382,44864,1.0,42680.0,0.9513195435092725,1420,Winn Telephone
131494,27349,17771,9578,24415,0.0,0.0,0.0,28218,0.0,0.0,0.0,59,Winnebago Cooperative Telecom Association
131505,2503,1347,1156,2549,0.0,0.0,0.0,2549,0.0,0.0,0.0,464,"Woodhull Communications, Inc."
131506,3428,2773,655,2773,0.0,0.0,0.0,5654,0.0,0.0,0.0,224,Woodstock Telephone Company
131512,4911,3554,1357,15930,0.0,0.0,0.0,14622,0.0,0.0,0.0,1311,"XIT Rural Telephone Cooperative, Inc."
131516,68831,60745,8086,84886,0.0,0.0,0.0,85641,1.0,68831.0,0.8037155100944641,104,Yadkin Valley Telephone Membership Corporation
131517,19039,17208,1831,25945,0.0,0.0,0.0,25916,0.0,0.0,0.0,199,"Yankee Telecom, Inc."
131518,23897,938,22959,22596,0.0,0.0,0.0,44596,1.0,23897.0,0.5358552336532424,590,"Yelcot Holding Group, Inc."
131611,63022,62560,462,62742,0.0,0.0,0.0,63022,1.0,63022.0,1.0,864,"Highland Telephone Cooperative, Inc. (KY & TN)"
131612,11532,12752,-1220,12752,0.0,0.0,0.0,11532,0.0,0.0,0.0,1477,Sharon Telephone Company (IA)
131900,2461,587,1874,14454,0.0,0.0,0.0,16846,0.0,0.0,0.0,348,"Cunningham Management, Inc."
140012,907,848,59,22121,0.0,0.0,0.0,22430,0.0,0.0,0.0,14,Axiom Technologies
140016,229,229,0,229,0.0,0.0,0.0,14019,0.0,0.0,0.0,1367,"Border to Border Communications, Inc."
140020,62845,60665,2180,60665,0.0,0.0,0.0,62845,1.0,62845.0,1.0,1598,Chelan County PUD
140030,18818,10348,8470,61044,0.0,0.0,0.0,50570,1.0,10264.0,0.2029661854854657,481,Fail Telecommunication Corporation
140033,4610,2415,2195,31855,0.0,0.0,0.0,34709,1.0,4610.0,0.13281857731424127,1338,Filer Mutual Telephone Company
140036,4686,4030,656,5164,0.0,0.0,0.0,7620,0.0,0.0,0.0,604,Ft. Jennings Telephone Company
140059,9045,8541,504,8805,0.0,0.0,0.0,9045,0.0,0.0,0.0,203,Lonsdale Telephone Company
140092,17884,22785,-4901,22785,0.0,0.0,0.0,23297,1.0,17884.0,0.7676524874447354,840,"Twin Valley Management, Inc."
140097,6222,1415,4807,13334,0.0,0.0,0.0,7943,0.0,0.0,0.0,1314,"Velocity Telephone, Inc."
140101,6776,4274,2502,4274,0.0,0.0,0.0,6776,0.0,0.0,0.0,1441,West River Cooperative Telephone Company
150120,2571,2571,0,18395,1.0,1504.0,0.0817613481924436,18395,1.0,1504.0,0.0817613481924436,501,Mutual Telephone Company (KS)
150225,3021,2889,132,2889,0.0,0.0,0.0,3021,1.0,3021.0,1.0,1281,Buckland Telephone Co.
150237,4208,4208,0,4208,1.0,4208.0,1.0,4208,1.0,4208.0,1.0,1280,City of North Kansas
150250,1458,1119,339,176525,0.0,0.0,0.0,81716,0.0,0.0,0.0,890,DTC Holding Company
150262,7409,4059,3350,19329,0.0,0.0,0.0,15549,1.0,7409.0,0.4764936651874719,1020,"Gamewood, Inc."
150266,41862,14107,27755,46778,0.0,0.0,0.0,105538,1.0,811.0,0.007684435937766492,1200,"Hanson Communications, Inc"
150281,2661,1058,1603,11527,0.0,0.0,0.0,8209,0.0,0.0,0.0,1753,Mayfield Electric & Water
150287,3091,18812,-15721,18812,1.0,18812.0,1.0,8253,1.0,3091.0,0.374530473767115,824,"Moapa Valley Telecommunications, Inc."
150312,9943,14754,-4811,14754,1.0,14754.0,1.0,14754,1.0,9943.0,0.6739189372373594,1687,Russellville Electric Plant Board
150316,27438,12842,14596,258313,0.0,0.0,0.0,167551,1.0,26231.0,0.15655531748542234,924,Socket Telecom LLC
150317,33952,33658,294,45843,1.0,33658.0,0.7342015138625309,51362,1.0,33658.0,0.6553093726879794,434,Wood County Telephone Company
150327,27324,25151,2173,25542,0.0,0.0,0.0,29656,1.0,27324.0,0.9213649851632048,392,"United Electric Cooperative, Inc."
150340,76942,74173,2769,118928,1.0,11.0,9.249293690300014e-05,141421,1.0,723.0,0.005112394905989917,1875,"Nts, Inc."
150344,15183,15183,0,15183,0.0,0.0,0.0,15183,0.0,0.0,0.0,853,"M.C. Dean, Inc."
160103,3193,3597,-404,3597,0.0,0.0,0.0,3222,0.0,0.0,0.0,900,Allband Communications Cooperative
160108,156823,156823,0,156823,1.0,156823.0,1.0,156823,1.0,156823.0,1.0,1588,Bristol Tennessee Essential Services
160127,13895,84759,-70864,317983,0.0,0.0,0.0,322104,1.0,3571.0,0.01108648138489432,1737,Central Scott Telephone Co
160135,1793,1337,456,1337,0.0,0.0,0.0,2268,0.0,0.0,0.0,902,"Ogdenm Communications, Inc."
160146,10518,9511,1007,9511,0.0,0.0,0.0,10518,0.0,0.0,0.0,503,"Ralls Technologies, LLC"
160151,613,3074,-2461,3304,0.0,0.0,0.0,5712,0.0,0.0,0.0,1080,"Southeastern Services, Inc."
160160,32282,12132,20150,103570,1.0,12132.0,0.11713816742299894,98601,1.0,32282.0,0.32740033062545004,1535,"ImOn Communications, LLC"
170014,2608,2500,108,2500,0.0,0.0,0.0,2608,0.0,0.0,0.0,631,Atkins Telephone Company
170025,866,32781,-31915,274410,0.0,0.0,0.0,232183,1.0,460.0,0.0019811958670531435,1272,CMS Internet LLC
170050,2317,4464,-2147,4464,0.0,0.0,0.0,5124,0.0,0.0,0.0,268,Harlan Municipal Utilities
170058,76235,76235,0,76235,0.0,0.0,0.0,76235,1.0,76235.0,1.0,1315,Jackson Energy Authority
170062,4375,4375,0,4375,0.0,0.0,0.0,4375,0.0,0.0,0.0,437,La port City Telephone Company
170066,18637,18637,0,18637,0.0,0.0,0.0,18637,1.0,18637.0,1.0,565,Monmouth Independence Network
180009,2232,1817,415,1817,0.0,0.0,0.0,2232,0.0,0.0,0.0,1023,Choicetel LLC
180010,14840,14215,625,14215,0.0,0.0,0.0,14840,1.0,14840.0,1.0,1049,City of Auburn
190008,173,256,-83,97173,1.0,143.0,0.0014716021940250892,53239,1.0,2178.0,0.04090985931366104,1699,"Access Media Holdings, LLC"
190015,25902,30171,-4269,43601,0.0,0.0,0.0,38391,1.0,4989.0,0.12995233257794794,1297,"Aeneas Communications, LLC"
190058,102599,102599,0,102599,0.0,0.0,0.0,102599,1.0,102599.0,1.0,611,"Board of Water, Light & Sinking Fund Commissioners"
190066,51913,42370,9543,42370,1.0,42370.0,1.0,51913,1.0,51913.0,1.0,1148,Burlington Telecom
190069,177,177,0,1821,0.0,0.0,0.0,1999,0.0,0.0,0.0,963,"Cable Communications of Willsboro, Inc."
190080,3067,2724,343,2724,0.0,0.0,0.0,3525,0.0,0.0,0.0,896,City of Bellevue
190081,189200,72011,117189,72011,1.0,72011.0,1.0,189200,1.0,189200.0,1.0,1827,BVU Authority
190084,264,39,225,39,0.0,0.0,0.0,264,1.0,264.0,1.0,585,City of Glenwood Springs
190104,11571,10037,1534,10986,0.0,0.0,0.0,13846,1.0,11571.0,0.8356926188068756,1860,"	Comspan Communications, Inc."
190126,113544,48565,64979,48565,0.0,0.0,0.0,128225,1.0,113544.0,0.8855059465782804,1683,Douglas Electric Cooperative Inc.
190130,793,29,764,30605,0.0,0.0,0.0,29016,1.0,772.0,0.02660601047697822,1547,"Eastern Oregon Net, Inc."
190131,750,269,481,16103,0.0,0.0,0.0,19628,1.0,19628.0,1.0,1579,Easton Utilities Commission
190134,359879,359630,249,359630,1.0,359630.0,1.0,359879,1.0,359879.0,1.0,1531,Electric Power Board
190150,7987,7879,108,115939,1.0,7879.0,0.06795815040667938,116542,1.0,7879.0,0.06760652811861818,1348,FiberComm L.C.
190181,9269,1715,7554,24618,0.0,0.0,0.0,28103,1.0,9269.0,0.32982243888552826,322,Haefele TV Inc.
190187,6243,2732,3511,36161,0.0,0.0,0.0,34145,1.0,6243.0,0.18283789720310442,742,Hopkinsville Electric System
190207,69333,56616,12717,76557,0.0,0.0,0.0,89419,0.0,0.0,0.0,1491,Jaguar Communications
190219,117911,114680,3231,114680,1.0,114680.0,1.0,117911,1.0,117911.0,1.0,1138,Lafayette City Parish Consolidated Government
190223,2871,1847,1024,1847,0.0,0.0,0.0,2871,0.0,0.0,0.0,155,Lenox Municipal Utilities
190233,4734,2812,1922,35038,0.0,0.0,0.0,10039,1.0,318.0,0.031676461798983965,1655,"Hilliary Communications, LLC"
190239,6919,744,6175,100265,0.0,0.0,0.0,108004,1.0,108004.0,1.0,1307,MI Connection Communications System
190265,48257,18544,29713,18544,1.0,18544.0,1.0,48434,1.0,48257.0,0.996345542387579,1619,"Nittany Media, Inc."
190304,197,197,0,197,0.0,0.0,0.0,197,1.0,197.0,1.0,72,Pulaski Electric System
190305,3049,6214,-3165,42862,1.0,4278.0,0.09980868834865382,231642,1.0,794.0,0.003427703093566797,993,"Quantum Telecommunications, Inc."
190313,1198,1098,100,37512,0.0,0.0,0.0,34308,0.0,0.0,0.0,888,Rebeltec Communications LLC
190367,2153,2153,0,38382,0.0,0.0,0.0,38382,0.0,0.0,0.0,293,The Utilities Board of the City of Sylacauga
190370,735,604,131,604,0.0,0.0,0.0,735,0.0,0.0,0.0,1516,"Tim Ron Enterprises, LLC"
190380,137325,105275,32050,105275,0.0,0.0,0.0,142471,1.0,127050.0,0.8917604284380681,1007,"Troy Cablevision, Inc."
190410,9872,5865,4007,5865,1.0,266.0,0.0453537936913896,9872,1.0,8138.0,0.8243517017828201,826,"IdeaTek Telcom, LLC"
190428,5097,8456,-3359,8456,0.0,0.0,0.0,9983,0.0,0.0,0.0,826,"San Carlos Apache Telecommunications Utility, Inc."
190438,1890,1890,0,63277,0.0,0.0,0.0,63277,0.0,0.0,0.0,1513,"Eaglenet, Inc."
190501,660,672,-12,10832,0.0,0.0,0.0,25445,0.0,0.0,0.0,1106,4 SIWI LLC
190504,122012,76965,45047,76965,1.0,76965.0,1.0,143451,1.0,122012.0,0.8505482708381259,1486,Allo Communications LLC
200010,7178,6396,782,15892,0.0,0.0,0.0,7178,0.0,0.0,0.0,1173,"Bulldog Cable Georgia, LLC"
200022,27456,19272,8184,19272,1.0,19272.0,1.0,27456,1.0,27456.0,1.0,109,Gainesville Regional Utilities
200027,11458,1513,9945,485961,0.0,0.0,0.0,501363,1.0,11469.0,0.02287564100262684,1522,McMinnville Access Company
200029,127966,123001,4965,132242,1.0,123001.0,0.9301205365920056,137207,1.0,127966.0,0.9326492088596063,739,"Morris Broadband, LLC"
200039,522,305,217,305,1.0,305.0,1.0,522,1.0,379.0,0.7260536398467433,1290,QualityLife Intergovernmental Agency
210019,53630,46374,7256,46374,1.0,46374.0,1.0,53630,1.0,53630.0,1.0,801,City of Wilson
210087,29136,21470,7666,21470,1.0,1355.0,0.06311131811830462,29136,1.0,15890.0,0.5453734211971444,1502,Wintek Corporation
210101,8209,1733,6476,2759915,1.0,2650449.0,0.9603371842973425,2728024,1.0,2655548.0,0.9734327850488119,1586,Xchange Telecom Corp.
220052,10405,6438,3967,6438,1.0,6438.0,1.0,10405,1.0,10405.0,1.0,1380,"QCOL, Inc."
220071,975,635,340,2498,0.0,0.0,0.0,2770,0.0,0.0,0.0,1732,Vogtmann Engineering Inc
220079,13996,11638,2358,60781,1.0,11638.0,0.19147430940589988,62023,1.0,13996.0,0.22565822356222692,1550,"Eastern Oregon Telecom, LLC"
230006,9479,9479,0,9479,1.0,9479.0,1.0,9479,1.0,9479.0,1.0,61,City of Chanute
230010,80605,19708,60897,513738,0.0,0.0,0.0,513640,1.0,80130.0,0.15600420527996262,1300,"Crystal Automation Systems, Inc."
230043,9732,1084,8648,23472,1.0,1084.0,0.046182685753237904,69457,1.0,9732.0,0.14011546712354406,812,Southeast Colorado Power Association
230051,250374,182671,67703,182671,1.0,182671.0,1.0,250374,1.0,250374.0,1.0,298,Utah Telecommunication Open Infrastructure Agency
230052,436260,303811,132449,303811,1.0,303811.0,1.0,580431,1.0,456330.0,0.7861916403500158,1401,Veracity Networks
230074,318,250,68,18403,1.0,0.0,0.0,7212,1.0,318.0,0.04409317803660566,1685,Newroads Telecom/Pinnacle Telecom
240021,1546,217,1329,1963,0.0,0.0,0.0,2349,0.0,0.0,0.0,1410,Clearcom Inc.
240032,31768,21912,9856,51452,1.0,21912.0,0.4258726580113504,31768,1.0,31768.0,1.0,1296,DayStarr LLC
240041,2254884,886404,1368480,886404,1.0,886404.0,1.0,2471637,1.0,2406864.0,0.9737934818098288,12,Google Fiber Inc.
240044,9978,8422,1556,8422,1.0,8422.0,1.0,9978,1.0,9978.0,1.0,567,Highland Communication Services
240061,40558,11273,29285,24348,1.0,11273.0,0.4629949071792344,40558,1.0,40558.0,1.0,823,Montana Opticom LLC
240062,112,298,-186,298,0.0,0.0,0.0,112,0.0,0.0,0.0,1210,"Mountain Communications, LLC"
240065,809,809,0,22029,0.0,0.0,0.0,23334,0.0,0.0,0.0,1526,Nelsonville TV Cable
240085,14570,14570,0,14570,0.0,0.0,0.0,14570,0.0,0.0,0.0,396,Scottsboro Electric Power Board
240089,24988,147,24841,788,0.0,0.0,0.0,69659,1.0,18934.0,0.2718098163912775,75,Spiral Communications
240110,73622,70694,2928,70694,1.0,70694.0,1.0,78030,1.0,73622.0,0.9435089068307061,1256,"Public Utility District #2 of Grant County, WA"
240300,2048,963,1085,11705,0.0,0.0,0.0,11723,0.0,0.0,0.0,1448,"Consolidated Companies, Inc."
250081,291,778,-487,10004,0.0,0.0,0.0,10630,0.0,0.0,0.0,1574,"Urban Communications, Inc."
260000,80792,75200,5592,85241,0.0,0.0,0.0,94371,1.0,80792.0,0.8561104576617817,1527,"Farmers Telecommunications Cooperative, Inc."
260007,1503,998,505,998,1.0,998.0,1.0,1503,1.0,1503.0,1.0,103,City of Burbank/Burbank Water and Power
260010,339,339,0,6031,1.0,234.0,0.03879953573205107,6031,1.0,234.0,0.03879953573205107,1618,Concept Communication Corp.
260021,336,336,0,336,0.0,0.0,0.0,336,0.0,0.0,0.0,400,Harris Broadband LP
270001,105,105,0,19443,0.0,0.0,0.0,19443,1.0,105.0,0.00540040117265854,1467,"Anne Arundel Broadband, LLC"
270023,5,5,0,32464,0.0,0.0,0.0,32464,0.0,0.0,0.0,808,"City of Richmond, Indiana"
270074,1056,1056,0,16582,0.0,0.0,0.0,16582,0.0,0.0,0.0,1243,"Skywave Wireless, Inc."
280010,7797,7797,0,7797,0.0,0.0,0.0,7797,0.0,0.0,0.0,851,Borough of Kutztown
280014,84282,3480,80802,3480,1.0,3480.0,1.0,84282,1.0,84282.0,1.0,1096,City of Longmont
280017,67188,36356,30832,36356,1.0,36356.0,1.0,67188,1.0,67188.0,1.0,834,"Co-Mo Comm, Inc."
280063,318,318,0,559,0.0,0.0,0.0,559,0.0,0.0,0.0,1557,Veloxnet Incorporated
280073,9,9,0,34877,1.0,34877.0,1.0,34877,1.0,34877.0,1.0,979,LARIAT
280074,23197,13439,9758,13439,0.0,0.0,0.0,23197,1.0,23197.0,1.0,1466,Valu-Net LLC
290028,26401,26430,-29,26430,1.0,26430.0,1.0,26401,1.0,26401.0,1.0,1050,Opelika Power Services
290031,14868,5167,9701,5167,1.0,5167.0,1.0,14868,1.0,14868.0,1.0,144,"Computer Techniques, Inc."
290061,17266,3412,13854,3412,0.0,0.0,0.0,17266,0.0,0.0,0.0,682,"Lake Region Electric Cooperative, Inc."
290077,8331,311,8020,51048,1.0,1.0,1.9589406049208588e-05,62343,1.0,1582.0,0.02537574386859792,1413,"Origin Networks, LLC"
290093,5506,30,5476,2344,0.0,0.0,0.0,246124,1.0,1348.0,0.0054769140758316945,958,"Sound Internet Services, Inc."
290105,32,32,0,3294,0.0,0.0,0.0,3503,0.0,0.0,0.0,1378,Television Association of Republic
290113,0,0,0,882,1.0,0.0,0.0,0,1.0,0.0,0.0,1248,Village of Moose Lake
300005,5923,5647,276,48616,1.0,5647.0,0.1161551752509462,48749,1.0,5923.0,0.12149992820365546,484,"Acme Communications, Inc."
300031,11663,11629,34,11629,0.0,0.0,0.0,11663,1.0,11663.0,1.0,1297,City of Monticello
300040,12823,2628,10195,2628,0.0,0.0,0.0,12823,0.0,0.0,0.0,271,County of Lake
300049,31724,4014,27710,4014,1.0,4014.0,1.0,31724,1.0,31724.0,1.0,1546,https://apps2.fcc.gov/form477/login.xhtml
300059,15158,16570,-1412,18028,0.0,0.0,0.0,16685,0.0,0.0,0.0,904,Fusion Media
300083,17559,17559,0,41239,0.0,0.0,0.0,41239,0.0,0.0,0.0,1152,Local Internet Service Company
300087,13711,13608,103,13608,0.0,0.0,0.0,13711,1.0,13711.0,1.0,794,Marshall Municipal Utilities
300091,76847,3702,73145,3702,0.0,0.0,0.0,76847,1.0,76847.0,1.0,739,Midwest Energy Cooperative
300101,8712,9685,-973,113169,0.0,0.0,0.0,131491,0.0,0.0,0.0,1633,Eastlight L.C.
300110,4212,499,3713,740,0.0,0.0,0.0,6223,0.0,0.0,0.0,1296,Mohawk Networks LLC
300112,17519,17519,0,29069,0.0,0.0,0.0,29069,0.0,0.0,0.0,1686,OKPUD
300149,8592,8151,441,8151,0.0,0.0,0.0,8592,1.0,8592.0,1.0,301,Southwest Minnesota Broadband Services
300186,893,345,548,29079,0.0,0.0,0.0,36053,1.0,4295.0,0.11913016947272072,1280,ICS Advanced Technologies
300190,846,692,154,5417,0.0,0.0,0.0,5417,0.0,0.0,0.0,1662,Lynch Interactive Corporation
300191,47013,45395,1618,155747,1.0,1710.0,0.010979344706479098,106263,1.0,30795.0,0.28979983625532874,1387,"NTELOS, Inc."
300192,71800,37301,34499,60194,0.0,0.0,0.0,94401,1.0,21112.0,0.22364169871081874,953,"USConnect Holdings, Inc."
310000,405,375,30,63685,0.0,0.0,0.0,106299,0.0,0.0,0.0,513,Brick Skirt Holdings
310013,42128,37752,4376,37752,0.0,0.0,0.0,42128,0.0,0.0,0.0,628,Blue Ridge Mountain Electric Membership Corporation
310020,27,267,-240,925,0.0,0.0,0.0,3591,0.0,0.0,0.0,809,"Chesapeake Bay Communications, LLC"
310021,37743,37743,0,37743,1.0,37743.0,1.0,37743,1.0,37743.0,1.0,1246,City of Salisbury
310024,162,47617,-47455,47617,0.0,0.0,0.0,13886,1.0,133.0,0.009577992222382255,475,Clearnetworx LLC
310031,2754,1372,1382,1372,1.0,1372.0,1.0,2754,1.0,2754.0,1.0,1172,County of Nelson
310044,82,411,-329,411,0.0,0.0,0.0,82,1.0,82.0,1.0,1236,Innovative Tech Pros
310062,1901,2005,-104,2005,1.0,2005.0,1.0,1901,1.0,1901.0,1.0,363,Sebewaing Light and Water
310083,4703,4167,536,6839,1.0,3.0,0.0004386606228980845,8569,1.0,3.0,0.000350099194771852,1622,WiValley
310092,17668,17474,194,17474,1.0,17474.0,1.0,17668,1.0,17668.0,1.0,1038,"Town of Concord, Massachusetts"
320053,3309,0,3309,28673,0.0,0.0,0.0,32421,0.0,0.0,0.0,1575,Illinois Electric Cooeprative
320127,734,658,76,1123232,0.0,0.0,0.0,953637,1.0,734.0,0.0007696849010682262,1698,Safelink Internet
330013,66804,65403,1401,65403,0.0,0.0,0.0,66804,0.0,0.0,0.0,1629,City of ocala
